gid,depth,is_seed,in_deg,out_deg,in_kzt,out_kzt,in_tx,out_tx,seed_reach,neighbor_clusters,fast_matched_kzt,fast_share,fast_windows,pagerank,pass_through,pass_through_defined,truncated_by_depth,cluster_id,cycle_member,active_days,peak_day_share,role,role_score,role_stability,evidence,priority_turnover,priority_degree,priority_seed,priority_bridge,priority_fast,priority_cycle,priority_score,priority_evidence
100000000011452100,1,False,3,1,110000.0,16685.0,7,2,1,1,13685.0,0.12440909090909091,2,0.00048724516273984685,0.1516818181818182,True,False,0,True,7,0.2222222222222222,consolidator,0.75,0.6666666666666666,in=3/110000 KZT; out=1/16685 KZT; tx=7/2; d=1; сбор; выход 15% наблюдаемого входа,0.172857643775785,0.06735284889599069,0.05578858913022596,0.039397430255579034,0.012440909090909093,0.1,0.447837,Оборот 126685 (+0.173); связей 4 (+0.067); seed 1 (+0.056); внешних групп 1 (+0.039); 1–2д 12% (+0.012); цикл +0.10
100000000018102100,4,False,1,0,7000.0,0.0,1,0,1,0,0.0,0.0,0,0.00031863672801538335,0.0,True,True,0,False,1,1.0,peripheral,0.2,1.0,in=1/7000 KZT; out=0/0 KZT; tx=1/0; d=4; граница выгрузки; роль неизвестна,0.13025684098731208,0.029007293138962602,0.05578858913022596,0.0,0.0,0.0,0.215053,Оборот 7000 (+0.130); связей 1 (+0.029); seed 1 (+0.056); внешних групп 0 (+0.000); 1–2д 0% (+0.000); цикл +0.00
100000000031787100,2,False,1,2,90000.0,90000.0,2,4,1,0,40000.0,0.4444444444444444,2,0.000428872133595658,1.0,True,False,1,True,6,0.16666666666666666,peripheral,0.4,0.6666666666666666,in=1/90000 KZT; out=2/90000 KZT; tx=2/4; d=2; недостаточно признаков других ролей,0.1780252305480589,0.058014586277925204,0.05578858913022596,0.0,0.044444444444444446,0.1,0.436273,Оборот 180000 (+0.178); связей 3 (+0.058); seed 1 (+0.056); внешних групп 0 (+0.000); 1–2д 44% (+0.044); цикл +0.10
100000000041368100,1,False,1,0,160000.0,0.0,1,0,4,0,0.0,0.0,0,0.00031581583783131214,0.0,True,False,2,False,1,1.0,terminal,0.55,1.0,in=1/160000 KZT; out=0/0 KZT; tx=1/0; d=1; нет выхода в наблюдаемой выборке,0.1762924218837635,0.029007293138962602,0.12953709247559939,0.0,0.0,0.0,0.334837,Оборот 160000 (+0.176); связей 1 (+0.029); seed 4 (+0.130); внешних групп 0 (+0.000); 1–2д 0% (+0.000); цикл +0.00
100000000076451100,2,False,3,4,87707.0,58000.0,4,4,3,0,5000.0,0.05700799252055138,1,0.0013836360121798172,0.661292713238396,True,False,3,True,6,0.25,peripheral,0.4,1.0,in=3/87707 KZT; out=4/58000 KZT; tx=4/4; d=2; недостаточно признаков других ролей,0.17491574400297014,0.08702187941688781,0.11157717826045192,0.0,0.005700799252055138,0.1,0.479216,Оборот 145707 (+0.175); связей 7 (+0.087); seed 3 (+0.112); внешних групп 0 (+0.000); 1–2д 6% (+0.006); цикл +0.10
100000000089154100,1,False,1,15,10000.0,425500.0,1,21,1,5,0.0,0.0,0,0.0002858991665161169,42.55,True,False,0,True,10,0.22727272727272727,distributor,0.8,1.0,in=1/10000 KZT; out=15/425500 KZT; tx=1/21; d=1; рассылка многим получателям,0.19102375429467802,0.11856623283076556,0.05578858913022596,0.10184087983544891,0.0,0.1,0.567219,Оборот 435500 (+0.191); связей 16 (+0.119); seed 1 (+0.056); внешних групп 5 (+0.102); 1–2д 0% (+0.000); цикл +0.10
100000000190228100,2,False,1,1,5000.0,28560.0,1,1,3,0,0.0,0.0,0,0.000578557764282122,5.712,True,False,4,False,2,0.5,peripheral,0.4,1.0,in=1/5000 KZT; out=1/28560 KZT; tx=1/1; d=2; недостаточно признаков других ролей,0.15331506206793674,0.04597547187268181,0.11157717826045192,0.0,0.0,0.0,0.310868,Оборот 33560 (+0.153); связей 2 (+0.046); seed 3 (+0.112); внешних групп 0 (+0.000); 1–2д 0% (+0.000); цикл +0.00
100000000201868100,2,False,1,1,190000.0,190000.0,1,1,1,0,190000.0,1.0,1,0.0009675202955946184,1.0,True,False,5,True,2,0.5,transit,0.65,1.0,in=1/190000 KZT; out=1/190000 KZT; tx=1/1; d=2; вход≈выход; сценарий 1–2д 100% входа,0.18901817320430614,0.04597547187268181,0.05578858913022596,0.0,0.1,0.1,0.490782,Оборот 380000 (+0.189); связей 2 (+0.046); seed 1 (+0.056); внешних групп 0 (+0.000); 1–2д 100% (+0.100); цикл +0.10
100000000254336100,3,False,2,1,97177.0,60000.0,2,1,2,0,60000.0,0.6174300503205491,1,0.0002903571631107785,0.6174300503205491,True,False,0,False,2,0.6666666666666666,peripheral,0.4,1.0,in=2/97177 KZT; out=1/60000 KZT; tx=2/1; d=3; недостаточно признаков других ролей,0.1760305322282244,0.058014586277925204,0.08842282173954807,0.0,0.06174300503205491,0.0,0.384211,Оборот 157177 (+0.176); связей 3 (+0.058); seed 2 (+0.088); внешних групп 0 (+0.000); 1–2д 62% (+0.062); цикл +0.00
100000000267734100,1,False,2,7,180000.0,282000.0,4,8,1,0,40000.0,0.2222222222222222,2,0.0005339010095272861,1.5666666666666667,True,False,1,True,8,0.25,distributor,0.8,1.0,in=2/180000 KZT; out=7/282000 KZT; tx=4/8; d=1; рассылка многим получателям,0.19189278901387724,0.09636014203495331,0.05578858913022596,0.0,0.022222222222222223,0.1,0.466264,Оборот 462000 (+0.192); связей 9 (+0.096); seed 1 (+0.056); внешних групп 0 (+0.000); 1–2д 22% (+0.022); цикл +0.10
100000000274067100,1,False,2,3,517704.0,2969000.0,9,9,1,0,55000.0,0.1062383137854836,2,0.00041117339805887913,5.734937338710924,True,False,1,True,13,0.2222222222222222,peripheral,0.4,1.0,in=2/517704 KZT; out=3/2969000 KZT; tx=9/9; d=1; недостаточно признаков других ролей,0.22162779175900618,0.0749827650116444,0.05578858913022596,0.0,0.01062383137854836,0.1,0.463023,Оборот 3486704 (+0.222); связей 5 (+0.075); seed 1 (+0.056); внешних групп 0 (+0.000); 1–2д 11% (+0.011); цикл +0.10
100000000287768100,3,False,1,0,35168.0,0.0,1,0,1,0,0.0,0.0,0,0.000287132336622892,0.0,True,False,0,False,1,1.0,terminal,0.55,1.0,in=1/35168 KZT; out=0/0 KZT; tx=1/0; d=3; нет выхода в наблюдаемой выборке,0.1540035865428245,0.029007293138962602,0.05578858913022596,0.0,0.0,0.0,0.238799,Оборот 35168 (+0.154); связей 1 (+0.029); seed 1 (+0.056); внешних групп 0 (+0.000); 1–2д 0% (+0.000); цикл +0.00
100000000288317100,3,False,2,3,100000.0,53500.0,2,3,1,1,0.0,0.0,0,0.00031110423315319183,0.535,True,False,0,False,4,0.4,peripheral,0.4,1.0,in=2/100000 KZT; out=3/53500 KZT; tx=2/3; d=3; недостаточно признаков других ролей,0.17568227315953075,0.0749827650116444,0.05578858913022596,0.039397430255579034,0.0,0.0,0.345851,Оборот 153500 (+0.176); связей 5 (+0.075); seed 1 (+0.056); внешних групп 1 (+0.039); 1–2д 0% (+0.000); цикл +0.00
100000000291906100,2,False,2,2,388000.0,455854.0,3,6,1,1,8000.0,0.020618556701030927,1,0.00075795215011533,1.1748814432989692,True,False,6,True,7,0.3333333333333333,peripheral,0.4,1.0,in=2/388000 KZT; out=2/455854 KZT; tx=3/6; d=2; недостаточно признаков других ролей,0.20075547195241192,0.06735284889599069,0.05578858913022596,0.039397430255579034,0.002061855670103093,0.1,0.465356,Оборот 843854 (+0.201); связей 4 (+0.067); seed 1 (+0.056); внешних групп 1 (+0.039); 1–2д 2% (+0.002); цикл +0.10
100000000291908100,3,False,1,1,295500.0,13300.0,5,1,1,0,0.0,0.0,0,0.0007016679988486618,0.045008460236886635,True,False,6,False,6,0.16666666666666666,peripheral,0.4,1.0,in=1/295500 KZT; out=1/13300 KZT; tx=5/1; d=3; недостаточно признаков других ролей,0.185965783167265,0.04597547187268181,0.05578858913022596,0.0,0.0,0.0,0.28773,Оборот 308800 (+0.186); связей 2 (+0.046); seed 1 (+0.056); внешних групп 0 (+0.000); 1–2д 0% (+0.000); цикл +0.00
100000000297649100,2,False,1,1,40000.0,70600.0,1,2,4,0,0.0,0.0,0,0.0008023949624002291,1.765,True,False,7,True,3,0.3333333333333333,peripheral,0.4,1.0,in=1/40000 KZT; out=1/70600 KZT; tx=1/2; d=2; недостаточно признаков других ролей,0.17086001824731178,0.04597547187268181,0.12953709247559939,0.0,0.0,0.1,0.446373,Оборот 110600 (+0.171); связей 2 (+0.046); seed 4 (+0.130); внешних групп 0 (+0.000); 1–2д 0% (+0.000); цикл +0.10
100000000299820100,4,False,1,0,10000.0,0.0,1,0,1,0,0.0,0.0,0,0.00044754836557757015,0.0,True,True,8,False,1,1.0,peripheral,0.2,1.0,in=1/10000 KZT; out=0/0 KZT; tx=1/0; d=4; граница выгрузки; роль неизвестна,0.13550359676243048,0.029007293138962602,0.05578858913022596,0.0,0.0,0.0,0.220299,Оборот 10000 (+0.136); связей 1 (+0.029); seed 1 (+0.056); внешних групп 0 (+0.000); 1–2д 0% (+0.000); цикл +0.00
100000000307908100,2,False,1,0,5000.0,0.0,1,0,1,0,0.0,0.0,0,0.0002955134611674368,0.0,True,False,9,False,1,1.0,terminal,0.55,1.0,in=1/5000 KZT; out=0/0 KZT; tx=1/0; d=2; нет выхода в наблюдаемой выборке,0.12530751666392811,0.029007293138962602,0.05578858913022596,0.0,0.0,0.0,0.210103,Оборот 5000 (+0.125); связей 1 (+0.029); seed 1 (+0.056); внешних групп 0 (+0.000); 1–2д 0% (+0.000); цикл +0.00
100000000331309100,2,False,5,99,984635.0,23001375.0,8,126,4,13,984635.0,1.0,4,0.0008697417437327768,23.360306103276848,True,False,10,True,29,0.11940298507462686,coordinator,0.75,0.6666666666666666,in=5/984635 KZT; out=99/23001375 KZT; tx=8/126; d=2; связь с 4 seed и 13 внеш. группами,0.25,0.19476208793790692,0.12953709247559939,0.15,0.1,0.1,0.924299,Оборот 23986010 (+0.250); связей 104 (+0.195); seed 4 (+0.130); внешних групп 13 (+0.150); 1–2д 100% (+0.100); цикл +0.10
100000000332284100,2,False,10,3,107426.0,289500.0,12,3,3,4,11500.0,0.10705043471785229,2,0.0007127196193009859,2.69487833485376,True,False,10,False,10,0.3333333333333333,peripheral,0.4,1.0,in=10/107426 KZT; out=3/289500 KZT; tx=12/3; d=2; недостаточно признаков других ролей,0.1896592982004098,0.11044106030819703,0.11157717826045192,0.09147800017679435,0.01070504347178523,0.0,0.513861,Оборот 396926 (+0.190); связей 13 (+0.110); seed 3 (+0.112); внешних групп 4 (+0.091); 1–2д 11% (+0.011); цикл +0.00
100000000343175100,0,True,8,31,178712.0,4000039.0,14,33,4,9,130212.0,0.7286136353462555,8,0.0007097623514990792,22.382598818210305,True,False,11,False,13,0.14893617021276595,coordinator,0.75,1.0,in=8/178712 KZT; out=31/4000039 KZT; tx=14/33; d=0; связь с 4 seed и 9 внеш. группами,0.22429147197987842,0.15437472831287852,0.12953709247559939,0.1308754304323734,0.0,0.0,0.639079,Оборот 4178751 (+0.224); связей 39 (+0.154); seed 4 (+0.130); внешних групп 9 (+0.131); 1–2д 73% (+0.000); цикл +0.00
100000000369781100,4,False,1,0,5000.0,0.0,1,0,3,0,0.0,0.0,0,0.0005293211782176067,0.0,True,True,10,False,1,1.0,peripheral,0.2,1.0,in=1/5000 KZT; out=0/0 KZT; tx=1/0; d=4; граница выгрузки; роль неизвестна,0.12530751666392811,0.029007293138962602,0.11157717826045192,0.0,0.0,0.0,0.265892,Оборот 5000 (+0.125); связей 1 (+0.029); seed 3 (+0.112); внешних групп 0 (+0.000); 1–2д 0% (+0.000); цикл +0.00
100000000375150100,4,False,1,0,300000.0,0.0,1,0,1,0,0.0,0.0,0,0.0007407996177373904,0.0,True,True,12,False,1,1.0,peripheral,0.2,1.0,in=1/300000 KZT; out=0/0 KZT; tx=1/0; d=4; граница выгрузки; роль неизвестна,0.1855404421408853,0.029007293138962602,0.05578858913022596,0.0,0.0,0.0,0.270336,Оборот 300000 (+0.186); связей 1 (+0.029); seed 1 (+0.056); внешних групп 0 (+0.000); 1–2д 0% (+0.000); цикл +0.00
100000000404740100,4,False,1,0,25000.0,0.0,1,0,1,0,0.0,0.0,0,0.0005545956246897151,0.0,True,True,13,False,1,1.0,peripheral,0.2,1.0,in=1/25000 KZT; out=0/0 KZT; tx=1/0; d=4; граница выгрузки; роль неизвестна,0.14898314336993435,0.029007293138962602,0.05578858913022596,0.0,0.0,0.0,0.233779,Оборот 25000 (+0.149); связей 1 (+0.029); seed 1 (+0.056); внешних групп 0 (+0.000); 1–2д 0% (+0.000); цикл +0.00
100000000408846100,3,False,1,0,40500.0,0.0,1,0,1,0,0.0,0.0,0,0.0002941031332962695,0.0,True,False,14,False,1,1.0,terminal,0.55,1.0,in=1/40500 KZT; out=0/0 KZT; tx=1/0; d=3; нет выхода в наблюдаемой выборке,0.15608035061317005,0.029007293138962602,0.05578858913022596,0.0,0.0,0.0,0.240876,Оборот 40500 (+0.156); связей 1 (+0.029); seed 1 (+0.056); внешних групп 0 (+0.000); 1–2д 0% (+0.000); цикл +0.00
100000000413678100,3,False,2,3,306500.0,528198.0,2,18,3,1,71999.0,0.23490701468189235,2,0.0002990571287674165,1.723321370309951,True,False,8,False,15,0.15,peripheral,0.4,1.0,in=2/306500 KZT; out=3/528198 KZT; tx=2/18; d=3; недостаточно признаков других ролей,0.2005949718928959,0.0749827650116444,0.11157717826045192,0.039397430255579034,0.023490701468189237,0.0,0.450043,Оборот 834698 (+0.201); связей 5 (+0.075); seed 3 (+0.112); внешних групп 1 (+0.039); 1–2д 23% (+0.023); цикл +0.00
100000000424935100,4,False,1,0,15000.0,0.0,1,0,1,0,0.0,0.0,0,0.00029977394027921785,0.0,True,True,15,False,1,1.0,peripheral,0.2,1.0,in=1/15000 KZT; out=0/0 KZT; tx=1/0; d=4; граница выгрузки; роль неизвестна,0.14146829138193068,0.029007293138962602,0.05578858913022596,0.0,0.0,0.0,0.226264,Оборот 15000 (+0.141); связей 1 (+0.029); seed 1 (+0.056); внешних групп 0 (+0.000); 1–2д 0% (+0.000); цикл +0.00
100000000425407100,2,False,1,0,20000.0,0.0,1,0,1,0,0.0,0.0,0,0.0003034325276387702,0.0,True,False,2,False,1,1.0,terminal,0.55,1.0,in=1/20000 KZT; out=0/0 KZT; tx=1/0; d=2; нет выхода в наблюдаемой выборке,0.14570041229327152,0.029007293138962602,0.05578858913022596,0.0,0.0,0.0,0.230496,Оборот 20000 (+0.146); связей 1 (+0.029); seed 1 (+0.056); внешних групп 0 (+0.000); 1–2д 0% (+0.000); цикл +0.00
100000000437046100,2,False,9,42,1107200.0,7606224.0,20,73,4,8,957200.0,0.8645231213872833,13,0.0007875359264687324,6.86978323699422,True,False,0,True,21,0.12903225806451613,coordinator,0.75,1.0,in=9/1107200 KZT; out=42/7606224 KZT; tx=20/73; d=2; связь с 4 seed и 8 внеш. группами,0.23510258698575848,0.16535432592510402,0.12953709247559939,0.12488689915973977,0.08645231213872834,0.1,0.841333,Оборот 8713424 (+0.235); связей 51 (+0.165); seed 4 (+0.130); внешних групп 8 (+0.125); 1–2д 86% (+0.086); цикл +0.10
100000000440392100,1,False,1,0,105705.0,0.0,4,0,2,0,0.0,0.0,0,0.00029532772332070673,0.0,True,False,16,False,4,0.25,terminal,0.55,1.0,in=1/105705 KZT; out=0/0 KZT; tx=4/0; d=1; нет выхода в наблюдаемой выборке,0.17019404513124714,0.029007293138962602,0.08842282173954807,0.0,0.0,0.0,0.287624,Оборот 105705 (+0.170); связей 1 (+0.029); seed 2 (+0.088); внешних групп 0 (+0.000); 1–2д 0% (+0.000); цикл +0.00
100000000456947100,0,True,0,0,0.0,0.0,0,0,0,0,0.0,0.0,0,0.0002840372852618645,0.0,False,False,17,False,0,0.0,peripheral,0.3,1.0,in=0/0 KZT; out=0/0 KZT; tx=0/0; d=0; нет наблюдаемых связей,0.0,0.0,0.0,0.0,0.0,0.0,0.0,Оборот 0 (+0.000); связей 0 (+0.000); seed 0 (+0.000); внешних групп 0 (+0.000); 1–2д 0% (+0.000); цикл +0.00
100000000470237100,4,False,1,0,32500.0,0.0,1,0,1,0,0.0,0.0,0,0.0005840770868068807,0.0,True,True,15,False,1,1.0,peripheral,0.2,1.0,in=1/32500 KZT; out=0/0 KZT; tx=1/0; d=4; граница выгрузки; роль неизвестна,0.15284289918210625,0.029007293138962602,0.05578858913022596,0.0,0.0,0.0,0.237639,Оборот 32500 (+0.153); связей 1 (+0.029); seed 1 (+0.056); внешних групп 0 (+0.000); 1–2д 0% (+0.000); цикл +0.00
100000000481716100,3,False,1,0,8000.0,0.0,1,0,1,0,0.0,0.0,0,0.0003749669841686698,0.0,True,False,18,False,1,1.0,terminal,0.55,1.0,in=1/8000 KZT; out=0/0 KZT; tx=1/0; d=3; нет выхода в наблюдаемой выборке,0.13222108633036048,0.029007293138962602,0.05578858913022596,0.0,0.0,0.0,0.217017,Оборот 8000 (+0.132); связей 1 (+0.029); seed 1 (+0.056); внешних групп 0 (+0.000); 1–2д 0% (+0.000); цикл +0.00
100000000489417100,2,False,3,1,73504.0,80000.0,3,1,2,1,0.0,0.0,0,0.0005484753132205188,1.0883761427949499,True,False,12,False,2,0.5,peripheral,0.4,1.0,in=3/73504 KZT; out=1/80000 KZT; tx=3/1; d=2; недостаточно признаков других ролей,0.175682656525494,0.06735284889599069,0.08842282173954807,0.039397430255579034,0.0,0.0,0.370856,Оборот 153504 (+0.176); связей 4 (+0.067); seed 2 (+0.088); внешних групп 1 (+0.039); 1–2д 0% (+0.000); цикл +0.00
100000000490383100,2,False,3,8,62600.0,461375.0,3,9,3,2,0.0,0.0,0,0.0005447704414468345,7.37020766773163,True,False,16,False,9,0.16666666666666666,distributor,0.8,1.0,in=3/62600 KZT; out=8/461375 KZT; tx=3/9; d=2; рассылка многим получателям,0.19374471281141792,0.10399005815060701,0.11157717826045192,0.062443449579869886,0.0,0.0,0.471755,Оборот 523975 (+0.194); связей 11 (+0.104); seed 3 (+0.112); внешних групп 2 (+0.062); 1–2д 0% (+0.000); цикл +0.00
100000000500040100,4,False,1,0,20000.0,0.0,1,0,2,0,0.0,0.0,0,0.00030438437827831914,0.0,True,True,0,False,1,1.0,peripheral,0.2,1.0,in=1/20000 KZT; out=0/0 KZT; tx=1/0; d=4; граница выгрузки; роль неизвестна,0.14570041229327152,0.029007293138962602,0.08842282173954807,0.0,0.0,0.0,0.263131,Оборот 20000 (+0.146); связей 1 (+0.029); seed 2 (+0.088); внешних групп 0 (+0.000); 1–2д 0% (+0.000); цикл +0.00
100000000507799100,1,False,1,1,5132.0,8000.0,1,1,2,1,0.0,0.0,0,0.0002845854384061621,1.558846453624318,True,False,19,False,2,0.5,peripheral,0.4,1.0,in=1/5132 KZT; out=1/8000 KZT; tx=1/1; d=1; недостаточно признаков других ролей,0.13951176715206706,0.04597547187268181,0.08842282173954807,0.039397430255579034,0.0,0.0,0.313307,Оборот 13132 (+0.140); связей 2 (+0.046); seed 2 (+0.088); внешних групп 1 (+0.039); 1–2д 0% (+0.000); цикл +0.00
100000000533217100,2,False,1,0,53587.0,0.0,1,0,1,0,0.0,0.0,0,0.0006484520175958825,0.0,True,False,0,False,1,1.0,terminal,0.55,1.0,in=1/53587 KZT; out=0/0 KZT; tx=1/0; d=2; нет выхода в наблюдаемой выборке,0.16019967628638715,0.029007293138962602,0.05578858913022596,0.0,0.0,0.0,0.244996,Оборот 53587 (+0.160); связей 1 (+0.029); seed 1 (+0.056); внешних групп 0 (+0.000); 1–2д 0% (+0.000); цикл +0.00
100000000534581100,3,False,2,1,55960.0,40000.0,2,1,3,1,0.0,0.0,0,0.0002968212256440505,0.7147962830593281,True,False,8,False,3,0.3333333333333333,peripheral,0.4,1.0,in=2/55960 KZT; out=1/40000 KZT; tx=2/1; d=3; недостаточно признаков других ролей,0.16877110770178103,0.058014586277925204,0.11157717826045192,0.039397430255579034,0.0,0.0,0.37776,Оборот 95960 (+0.169); связей 3 (+0.058); seed 3 (+0.112); внешних групп 1 (+0.039); 1–2д 0% (+0.000); цикл +0.00
100000000542087100,4,False,1,0,8506.91,0.0,1,0,3,0,0.0,0.0,0,0.0002848770455830761,0.0,True,True,20,False,1,1.0,peripheral,0.2,1.0,in=1/8507 KZT; out=0/0 KZT; tx=1/0; d=4; граница выгрузки; роль неизвестна,0.1331248386486483,0.029007293138962602,0.11157717826045192,0.0,0.0,0.0,0.273709,Оборот 8507 (+0.133); связей 1 (+0.029); seed 3 (+0.112); внешних групп 0 (+0.000); 1–2д 0% (+0.000); цикл +0.00
100000000552584100,3,False,1,1,2500000.0,57500.0,3,1,2,0,0.0,0.0,0,0.0013958160445225003,0.023,True,False,21,True,3,0.5,peripheral,0.4,1.0,in=1/2500000 KZT; out=1/57500 KZT; tx=3/1; d=3; недостаточно признаков других ролей,0.21706816581610888,0.04597547187268181,0.08842282173954807,0.0,0.0,0.1,0.451466,Оборот 2557500 (+0.217); связей 2 (+0.046); seed 2 (+0.088); внешних групп 0 (+0.000); 1–2д 0% (+0.000); цикл +0.10
100000000555721100,1,False,2,0,113000.0,0.0,3,0,2,0,0.0,0.0,0,0.0003063823546220414,0.0,True,False,0,False,2,0.6666666666666666,terminal,0.55,1.0,in=2/113000 KZT; out=0/0 KZT; tx=3/0; d=1; нет выхода в наблюдаемой выборке,0.17117584772358546,0.04597547187268181,0.08842282173954807,0.0,0.0,0.0,0.305574,Оборот 113000 (+0.171); связей 2 (+0.046); seed 2 (+0.088); внешних групп 0 (+0.000); 1–2д 0% (+0.000); цикл +0.00
100000000557536100,4,False,1,0,153000.0,0.0,7,0,3,0,0.0,0.0,0,0.00029914069286173086,0.0,True,True,20,False,6,0.2857142857142857,peripheral,0.2,1.0,in=1/153000 KZT; out=0/0 KZT; tx=7/0; d=4; граница выгрузки; роль неизвестна,0.17563427357253514,0.029007293138962602,0.11157717826045192,0.0,0.0,0.0,0.316219,Оборот 153000 (+0.176); связей 1 (+0.029); seed 3 (+0.112); внешних групп 0 (+0.000); 1–2д 0% (+0.000); цикл +0.00
100000000560751100,3,False,1,0,25000.0,0.0,1,0,2,0,0.0,0.0,0,0.0005491283232076789,0.0,True,False,12,False,1,1.0,terminal,0.55,1.0,in=1/25000 KZT; out=0/0 KZT; tx=1/0; d=3; нет выхода в наблюдаемой выборке,0.14898314336993435,0.029007293138962602,0.08842282173954807,0.0,0.0,0.0,0.266413,Оборот 25000 (+0.149); связей 1 (+0.029); seed 2 (+0.088); внешних групп 0 (+0.000); 1–2д 0% (+0.000); цикл +0.00
100000000561160100,4,False,1,0,240000.0,0.0,1,0,2,0,0.0,0.0,0,0.0004336703749141656,0.0,True,True,2,False,1,1.0,peripheral,0.2,1.0,in=1/240000 KZT; out=0/0 KZT; tx=1/0; d=4; граница выгрузки; роль неизвестна,0.1822575762111966,0.029007293138962602,0.08842282173954807,0.0,0.0,0.0,0.299688,Оборот 240000 (+0.182); связей 1 (+0.029); seed 2 (+0.088); внешних групп 0 (+0.000); 1–2д 0% (+0.000); цикл +0.00
100000000569479100,3,False,1,0,320000.0,0.0,1,0,1,0,0.0,0.0,0,0.00039267188134286336,0.0,True,False,0,False,1,1.0,terminal,0.55,1.0,in=1/320000 KZT; out=0/0 KZT; tx=1/0; d=3; нет выхода в наблюдаемой выборке,0.186489926982609,0.029007293138962602,0.05578858913022596,0.0,0.0,0.0,0.271286,Оборот 320000 (+0.186); связей 1 (+0.029); seed 1 (+0.056); внешних групп 0 (+0.000); 1–2д 0% (+0.000); цикл +0.00
100000000572276100,3,False,1,1,13075.0,34547.0,1,1,1,0,0.0,0.0,0,0.00028606304892516766,2.6422179732313578,True,False,22,False,2,0.5,peripheral,0.4,1.0,in=1/13075 KZT; out=1/34547 KZT; tx=1/1; d=3; недостаточно признаков других ролей,0.15846352825244686,0.04597547187268181,0.05578858913022596,0.0,0.0,0.0,0.260228,Оборот 47622 (+0.158); связей 2 (+0.046); seed 1 (+0.056); внешних групп 0 (+0.000); 1–2д 0% (+0.000); цикл +0.00
100000000580561100,0,True,2,3,27980.0,1488077.0,3,13,0,0,23680.0,0.8463187991422445,3,0.0008289636043239791,53.183595425303785,True,False,23,True,12,0.125,peripheral,0.4,1.0,in=2/27980 KZT; out=3/1488077 KZT; tx=3/13; d=0; недостаточно признаков других ролей,0.20937503277752711,0.0749827650116444,0.0,0.0,0.0,0.1,0.384358,Оборот 1516057 (+0.209); связей 5 (+0.075); seed 0 (+0.000); внешних групп 0 (+0.000); 1–2д 85% (+0.000); цикл +0.10
100000000581662100,4,False,1,0,21160.0,0.0,1,0,1,0,0.0,0.0,0,0.00030126851317611384,0.0,True,True,24,False,1,1.0,peripheral,0.2,1.0,in=1/21160 KZT; out=0/0 KZT; tx=1/0; d=4; граница выгрузки; роль неизвестна,0.1465298369746942,0.029007293138962602,0.05578858913022596,0.0,0.0,0.0,0.231326,Оборот 21160 (+0.147); связей 1 (+0.029); seed 1 (+0.056); внешних групп 0 (+0.000); 1–2д 0% (+0.000); цикл +0.00
100000000581682100,4,False,1,0,5000.0,0.0,1,0,1,0,0.0,0.0,0,0.0002892828369343156,0.0,True,True,15,False,1,1.0,peripheral,0.2,1.0,in=1/5000 KZT; out=0/0 KZT; tx=1/0; d=4; граница выгрузки; роль неизвестна,0.12530751666392811,0.029007293138962602,0.05578858913022596,0.0,0.0,0.0,0.210103,Оборот 5000 (+0.125); связей 1 (+0.029); seed 1 (+0.056); внешних групп 0 (+0.000); 1–2д 0% (+0.000); цикл +0.00
100000000583220100,3,False,1,1,5000.0,761255.0,1,4,2,1,5000.0,1.0,1,0.00029648978302808664,152.251,True,False,25,False,5,0.2,peripheral,0.4,1.0,in=1/5000 KZT; out=1/761255 KZT; tx=1/4; d=3; недостаточно признаков других ролей,0.19933629247800078,0.04597547187268181,0.08842282173954807,0.039397430255579034,0.1,0.0,0.473132,Оборот 766255 (+0.199); связей 2 (+0.046); seed 2 (+0.088); внешних групп 1 (+0.039); 1–2д 100% (+0.100); цикл +0.00
100000000594783100,3,False,1,2,2635000.0,152500.0,10,2,2,0,60000.0,0.022770398481973434,1,0.0014558520975225748,0.05787476280834915,True,False,21,True,8,0.3333333333333333,peripheral,0.4,1.0,in=1/2635000 KZT; out=2/152500 KZT; tx=10/2; d=3; недостаточно признаков других ролей,0.21833508425643502,0.058014586277925204,0.08842282173954807,0.0,0.0022770398481973433,0.1,0.46705,Оборот 2787500 (+0.218); связей 3 (+0.058); seed 2 (+0.088); внешних групп 0 (+0.000); 1–2д 2% (+0.002); цикл +0.10
100000000596954100,2,False,1,2,120000.0,48100.0,1,2,4,0,48100.0,0.4008333333333333,1,0.0005125060532903904,0.4008333333333333,True,False,2,False,2,0.6666666666666666,peripheral,0.4,1.0,in=1/120000 KZT; out=2/48100 KZT; tx=1/2; d=2; недостаточно признаков других ролей,0.1770189707309705,0.058014586277925204,0.12953709247559939,0.0,0.04008333333333333,0.0,0.404654,Оборот 168100 (+0.177); связей 3 (+0.058); seed 4 (+0.130); внешних групп 0 (+0.000); 1–2д 40% (+0.040); цикл +0.00
100000000600707100,4,False,1,0,89000.0,0.0,2,0,1,0,0.0,0.0,0,0.0005665291284667085,0.0,True,True,26,False,2,0.5,peripheral,0.2,1.0,in=1/89000 KZT; out=0/0 KZT; tx=2/0; d=4; граница выгрузки; роль неизвестна,0.1676633819328236,0.029007293138962602,0.05578858913022596,0.0,0.0,0.0,0.252459,Оборот 89000 (+0.168); связей 1 (+0.029); seed 1 (+0.056); внешних групп 0 (+0.000); 1–2д 0% (+0.000); цикл +0.00
100000000607731100,1,False,1,1,20000.0,66666.0,1,1,1,0,0.0,0.0,0,0.0003157270741125639,3.3333,True,False,27,False,2,0.5,peripheral,0.4,1.0,in=1/20000 KZT; out=1/66666 KZT; tx=1/1; d=1; недостаточно признаков других ролей,0.1672724202676334,0.04597547187268181,0.05578858913022596,0.0,0.0,0.0,0.269036,Оборот 86666 (+0.167); связей 2 (+0.046); seed 1 (+0.056); внешних групп 0 (+0.000); 1–2д 0% (+0.000); цикл +0.00
100000000607941100,2,False,2,1,50000.0,70000.0,3,4,3,0,10000.0,0.2,1,0.0005743727878407779,1.4,True,False,16,True,5,0.42857142857142855,peripheral,0.4,1.0,in=2/50000 KZT; out=1/70000 KZT; tx=3/4; d=2; недостаточно признаков других ролей,0.17206008643713802,0.058014586277925204,0.11157717826045192,0.0,0.020000000000000004,0.1,0.461652,Оборот 120000 (+0.172); связей 3 (+0.058); seed 3 (+0.112); внешних групп 0 (+0.000); 1–2д 20% (+0.020); цикл +0.10
100000000608031100,4,False,1,0,30000.0,0.0,1,0,1,0,0.0,0.0,0,0.0005354299534315818,0.0,True,True,28,False,1,1.0,peripheral,0.2,1.0,in=1/30000 KZT; out=0/0 KZT; tx=1/0; d=4; граница выгрузки; роль неизвестна,0.15166535208139753,0.029007293138962602,0.05578858913022596,0.0,0.0,0.0,0.236461,Оборот 30000 (+0.152); связей 1 (+0.029); seed 1 (+0.056); внешних групп 0 (+0.000); 1–2д 0% (+0.000); цикл +0.00
100000000611474100,3,False,1,0,32000.0,0.0,1,0,1,0,0.0,0.0,0,0.0005919520278817081,0.0,True,False,29,False,1,1.0,terminal,0.55,1.0,in=1/32000 KZT; out=0/0 KZT; tx=1/0; d=3; нет выхода в наблюдаемой выборке,0.15261480933918287,0.029007293138962602,0.05578858913022596,0.0,0.0,0.0,0.237411,Оборот 32000 (+0.153); связей 1 (+0.029); seed 1 (+0.056); внешних групп 0 (+0.000); 1–2д 0% (+0.000); цикл +0.00
100000000625169100,2,False,1,0,10000.0,0.0,1,0,1,0,0.0,0.0,0,0.0002874080167998403,0.0,True,False,22,False,1,1.0,terminal,0.55,1.0,in=1/10000 KZT; out=0/0 KZT; tx=1/0; d=2; нет выхода в наблюдаемой выборке,0.13550359676243048,0.029007293138962602,0.05578858913022596,0.0,0.0,0.0,0.220299,Оборот 10000 (+0.136); связей 1 (+0.029); seed 1 (+0.056); внешних групп 0 (+0.000); 1–2д 0% (+0.000); цикл +0.00
100000000627521100,4,False,1,0,6500.0,0.0,1,0,3,0,0.0,0.0,0,0.0002845634561025243,0.0,True,True,30,False,1,1.0,peripheral,0.2,1.0,in=1/6500 KZT; out=0/0 KZT; tx=1/0; d=4; граница выгрузки; роль неизвестна,0.1291667293807102,0.029007293138962602,0.11157717826045192,0.0,0.0,0.0,0.269751,Оборот 6500 (+0.129); связей 1 (+0.029); seed 3 (+0.112); внешних групп 0 (+0.000); 1–2д 0% (+0.000); цикл +0.00
100000000629812100,2,False,2,0,22000.0,0.0,2,0,6,1,0.0,0.0,0,0.00029636181242016926,0.0,True,False,31,False,2,0.5,terminal,0.55,1.0,in=2/22000 KZT; out=0/0 KZT; tx=2/0; d=2; нет выхода в наблюдаемой выборке,0.14710254463015937,0.04597547187268181,0.1566183702893892,0.039397430255579034,0.0,0.0,0.389094,Оборот 22000 (+0.147); связей 2 (+0.046); seed 6 (+0.157); внешних групп 1 (+0.039); 1–2д 0% (+0.000); цикл +0.00
100000000634341100,4,False,1,0,24000.0,0.0,2,0,1,0,0.0,0.0,0,0.0005515764329924748,0.0,True,True,0,False,2,0.5,peripheral,0.2,1.0,in=1/24000 KZT; out=0/0 KZT; tx=2/0; d=4; граница выгрузки; роль неизвестна,0.1483825964868302,0.029007293138962602,0.05578858913022596,0.0,0.0,0.0,0.233178,Оборот 24000 (+0.148); связей 1 (+0.029); seed 1 (+0.056); внешних групп 0 (+0.000); 1–2д 0% (+0.000); цикл +0.00
100000000640800100,3,False,1,4,80000.0,518135.0,1,6,1,1,0.0,0.0,0,0.00030157193370849945,6.4766875,True,False,8,False,5,0.2857142857142857,peripheral,0.4,0.6666666666666666,in=1/80000 KZT; out=4/518135 KZT; tx=1/6; d=3; недостаточно признаков других ролей,0.19569216788746494,0.0749827650116444,0.05578858913022596,0.039397430255579034,0.0,0.0,0.365861,Оборот 598135 (+0.196); связей 5 (+0.075); seed 1 (+0.056); внешних групп 1 (+0.039); 1–2д 0% (+0.000); цикл +0.00
100000000646541100,2,False,3,0,25300.0,0.0,4,0,3,1,0.0,0.0,0,0.0005028430320200707,0.0,True,False,0,False,4,0.25,consolidator,0.75,0.6666666666666666,in=3/25300 KZT; out=0/0 KZT; tx=4/0; d=2; сбор; выход 0% наблюдаемого входа,0.14915862900625093,0.058014586277925204,0.11157717826045192,0.039397430255579034,0.0,0.0,0.358148,Оборот 25300 (+0.149); связей 3 (+0.058); seed 3 (+0.112); внешних групп 1 (+0.039); 1–2д 0% (+0.000); цикл +0.00
100000000655469100,4,False,1,0,20000.0,0.0,2,0,2,0,0.0,0.0,0,0.00034346976644558056,0.0,True,True,32,False,2,0.5,peripheral,0.2,1.0,in=1/20000 KZT; out=0/0 KZT; tx=2/0; d=4; граница выгрузки; роль неизвестна,0.14570041229327152,0.029007293138962602,0.08842282173954807,0.0,0.0,0.0,0.263131,Оборот 20000 (+0.146); связей 1 (+0.029); seed 2 (+0.088); внешних групп 0 (+0.000); 1–2д 0% (+0.000); цикл +0.00
100000000656682100,3,False,1,2,71000.0,80000.0,1,3,2,0,0.0,0.0,0,0.00028800809004943007,1.1267605633802817,True,False,0,False,4,0.25,peripheral,0.4,1.0,in=1/71000 KZT; out=2/80000 KZT; tx=1/3; d=3; недостаточно признаков других ролей,0.1754406936799996,0.058014586277925204,0.08842282173954807,0.0,0.0,0.0,0.321878,Оборот 151000 (+0.175); связей 3 (+0.058); seed 2 (+0.088); внешних групп 0 (+0.000); 1–2д 0% (+0.000); цикл +0.00
100000000661131100,3,False,1,0,15600.0,0.0,1,0,1,0,0.0,0.0,0,0.00028645425758672333,0.0,True,False,22,False,1,1.0,terminal,0.55,1.0,in=1/15600 KZT; out=0/0 KZT; tx=1/0; d=3; нет выхода в наблюдаемой выборке,0.14204526708186652,0.029007293138962602,0.05578858913022596,0.0,0.0,0.0,0.226841,Оборот 15600 (+0.142); связей 1 (+0.029); seed 1 (+0.056); внешних групп 0 (+0.000); 1–2д 0% (+0.000); цикл +0.00
100000000661912100,1,False,5,2,393036.0,430700.0,9,8,2,1,50311.0,0.1280060859565027,3,0.001793141885528147,1.0958283719557496,True,False,8,True,10,0.17647058823529413,peripheral,0.4,1.0,in=5/393036 KZT; out=2/430700 KZT; tx=9/8; d=1; недостаточно признаков других ролей,0.20040048164500276,0.08702187941688781,0.08842282173954807,0.039397430255579034,0.01280060859565027,0.1,0.528043,Оборот 823736 (+0.200); связей 7 (+0.087); seed 2 (+0.088); внешних групп 1 (+0.039); 1–2д 13% (+0.013); цикл +0.10
100000000667713100,1,False,2,6,119495.0,79236.0,10,7,3,2,24700.0,0.2067032093393029,2,0.00031834171057897915,0.663090505878907,True,False,16,True,11,0.17647058823529413,distributor,0.8,1.0,in=2/119495 KZT; out=6/79236 KZT; tx=10/7; d=1; рассылка многим получателям,0.17948163738692738,0.09195094374536363,0.11157717826045192,0.062443449579869886,0.02067032093393029,0.1,0.566124,Оборот 198731 (+0.179); связей 8 (+0.092); seed 3 (+0.112); внешних групп 2 (+0.062); 1–2д 21% (+0.021); цикл +0.10
100000000673868100,3,False,1,5,2030650.0,383000.0,5,19,1,0,262000.0,0.12902272671312143,7,0.001162490892300263,0.18860955851574618,True,False,33,True,11,0.25,distributor,0.8,0.6666666666666666,in=1/2030650 KZT; out=5/383000 KZT; tx=5/19; d=3; рассылка многим получателям,0.21621648961845835,0.08143376716923444,0.05578858913022596,0.0,0.012902272671312144,0.1,0.466341,Оборот 2413650 (+0.216); связей 6 (+0.081); seed 1 (+0.056); внешних групп 0 (+0.000); 1–2д 13% (+0.013); цикл +0.10
100000000673915100,4,False,1,0,20200.0,0.0,1,0,3,0,0.0,0.0,0,0.00028603132992537626,0.0,True,True,20,False,1,1.0,peripheral,0.2,1.0,in=1/20200 KZT; out=0/0 KZT; tx=1/0; d=4; граница выгрузки; роль неизвестна,0.14584679384379576,0.029007293138962602,0.11157717826045192,0.0,0.0,0.0,0.286431,Оборот 20200 (+0.146); связей 1 (+0.029); seed 3 (+0.112); внешних групп 0 (+0.000); 1–2д 0% (+0.000); цикл +0.00
100000000703894100,1,False,1,1,120000.0,35000.0,1,1,1,0,0.0,0.0,0,0.0004741760183660612,0.2916666666666667,True,False,27,False,2,0.5,peripheral,0.4,1.0,in=1/120000 KZT; out=1/35000 KZT; tx=1/1; d=1; недостаточно признаков других ролей,0.17582533938568062,0.04597547187268181,0.05578858913022596,0.0,0.0,0.0,0.277589,Оборот 155000 (+0.176); связей 2 (+0.046); seed 1 (+0.056); внешних групп 0 (+0.000); 1–2д 0% (+0.000); цикл +0.00
100000000703902100,1,False,1,0,25499.0,0.0,1,0,1,0,0.0,0.0,0,0.0002893489302623857,0.0,True,False,22,False,1,1.0,terminal,0.55,1.0,in=1/25499 KZT; out=0/0 KZT; tx=1/0; d=1; нет выхода в наблюдаемой выборке,0.14927389029210206,0.029007293138962602,0.05578858913022596,0.0,0.0,0.0,0.23407,Оборот 25499 (+0.149); связей 1 (+0.029); seed 1 (+0.056); внешних групп 0 (+0.000); 1–2д 0% (+0.000); цикл +0.00
100000000704700100,4,False,1,0,10000.0,0.0,1,0,1,0,0.0,0.0,0,0.0005300971370306065,0.0,True,True,34,False,1,1.0,peripheral,0.2,1.0,in=1/10000 KZT; out=0/0 KZT; tx=1/0; d=4; граница выгрузки; роль неизвестна,0.13550359676243048,0.029007293138962602,0.05578858913022596,0.0,0.0,0.0,0.220299,Оборот 10000 (+0.136); связей 1 (+0.029); seed 1 (+0.056); внешних групп 0 (+0.000); 1–2д 0% (+0.000); цикл +0.00
100000000706545100,1,False,3,1,1070300.0,75800.0,8,3,2,0,0.0,0.0,0,0.0034135578818194137,0.07082126506586939,True,False,16,True,9,0.18181818181818182,consolidator,0.75,0.6666666666666666,in=3/1070300 KZT; out=1/75800 KZT; tx=8/3; d=1; сбор; выход 7% наблюдаемого входа,0.20525939538043994,0.06735284889599069,0.08842282173954807,0.0,0.0,0.1,0.461035,Оборот 1146100 (+0.205); связей 4 (+0.067); seed 2 (+0.088); внешних групп 0 (+0.000); 1–2д 0% (+0.000); цикл +0.10
100000000718427100,2,False,1,0,6000.0,0.0,1,0,1,0,0.0,0.0,0,0.00028605972418464993,0.0,True,False,22,False,1,1.0,terminal,0.55,1.0,in=1/6000 KZT; out=0/0 KZT; tx=1/0; d=2; нет выхода в наблюдаемой выборке,0.12798933314284874,0.029007293138962602,0.05578858913022596,0.0,0.0,0.0,0.212785,Оборот 6000 (+0.128); связей 1 (+0.029); seed 1 (+0.056); внешних групп 0 (+0.000); 1–2д 0% (+0.000); цикл +0.00
100000000723383100,2,False,1,2,6800.0,75000.0,1,2,1,1,0.0,0.0,0,0.0003867963603663737,11.029411764705882,True,False,32,False,2,0.6666666666666666,peripheral,0.4,1.0,in=1/6800 KZT; out=2/75000 KZT; tx=1/2; d=2; недостаточно признаков других ролей,0.16642230870019584,0.058014586277925204,0.05578858913022596,0.039397430255579034,0.0,0.0,0.319623,Оборот 81800 (+0.166); связей 3 (+0.058); seed 1 (+0.056); внешних групп 1 (+0.039); 1–2д 0% (+0.000); цикл +0.00
100000000724540100,2,False,1,1,50000.0,100000.0,1,1,4,0,0.0,0.0,0,0.0003079422268185446,2.0,True,False,35,False,2,0.5,peripheral,0.4,1.0,in=1/50000 KZT; out=1/100000 KZT; tx=1/1; d=2; недостаточно признаков других ролей,0.17534294010700102,0.04597547187268181,0.12953709247559939,0.0,0.0,0.0,0.350856,Оборот 150000 (+0.175); связей 2 (+0.046); seed 4 (+0.130); внешних групп 0 (+0.000); 1–2д 0% (+0.000); цикл +0.00
100000000733373100,2,False,1,0,10710.0,0.0,1,0,3,0,0.0,0.0,0,0.00030411647361096116,0.0,True,False,16,False,1,1.0,terminal,0.55,1.0,in=1/10710 KZT; out=0/0 KZT; tx=1/0; d=2; нет выхода в наблюдаемой выборке,0.1365126333964708,0.029007293138962602,0.11157717826045192,0.0,0.0,0.0,0.277097,Оборот 10710 (+0.137); связей 1 (+0.029); seed 3 (+0.112); внешних групп 0 (+0.000); 1–2д 0% (+0.000); цикл +0.00
100000000733451100,3,False,1,1,70000.0,300000.0,2,1,2,0,0.0,0.0,0,0.0005373674499523306,4.285714285714286,True,False,12,False,2,0.6666666666666666,peripheral,0.4,1.0,in=1/70000 KZT; out=1/300000 KZT; tx=2/1; d=3; недостаточно признаков других ролей,0.18862583216332404,0.04597547187268181,0.08842282173954807,0.0,0.0,0.0,0.323024,Оборот 370000 (+0.189); связей 2 (+0.046); seed 2 (+0.088); внешних групп 0 (+0.000); 1–2д 0% (+0.000); цикл +0.00
100000000733940100,4,False,1,0,752000.0,0.0,2,0,1,0,0.0,0.0,0,0.0004087355978191343,0.0,True,True,36,False,2,0.5,peripheral,0.2,1.0,in=1/752000 KZT; out=0/0 KZT; tx=2/0; d=4; граница выгрузки; роль неизвестна,0.1990600215952361,0.029007293138962602,0.05578858913022596,0.0,0.0,0.0,0.283856,Оборот 752000 (+0.199); связей 1 (+0.029); seed 1 (+0.056); внешних групп 0 (+0.000); 1–2д 0% (+0.000); цикл +0.00
100000000737152100,4,False,1,0,35000.0,0.0,1,0,3,0,0.0,0.0,0,0.0003425646939359091,0.0,True,True,0,False,1,1.0,peripheral,0.2,1.0,in=1/35000 KZT; out=0/0 KZT; tx=1/0; d=4; граница выгрузки; роль неизвестна,0.1539331401015672,0.029007293138962602,0.11157717826045192,0.0,0.0,0.0,0.294518,Оборот 35000 (+0.154); связей 1 (+0.029); seed 3 (+0.112); внешних групп 0 (+0.000); 1–2д 0% (+0.000); цикл +0.00
100000000749118100,3,False,1,1,10330.0,16500.0,1,1,2,0,0.0,0.0,0,0.0002846150093950413,1.5972894482090998,True,False,0,False,2,0.5,peripheral,0.4,1.0,in=1/10330 KZT; out=1/16500 KZT; tx=1/1; d=3; недостаточно признаков других ролей,0.15002242703002397,0.04597547187268181,0.08842282173954807,0.0,0.0,0.0,0.284421,Оборот 26830 (+0.150); связей 2 (+0.046); seed 2 (+0.088); внешних групп 0 (+0.000); 1–2д 0% (+0.000); цикл +0.00
100000000764836100,3,False,1,2,251716.0,50000.0,1,2,1,0,0.0,0.0,0,0.00033484763116036685,0.1986365586613485,True,False,8,False,2,0.6666666666666666,peripheral,0.4,1.0,in=1/251716 KZT; out=2/50000 KZT; tx=1/2; d=3; недостаточно признаков других ролей,0.185624354490391,0.058014586277925204,0.05578858913022596,0.0,0.0,0.0,0.299428,Оборот 301716 (+0.186); связей 3 (+0.058); seed 1 (+0.056); внешних групп 0 (+0.000); 1–2д 0% (+0.000); цикл +0.00
100000000765628100,2,False,1,0,5000.0,0.0,1,0,1,0,0.0,0.0,0,0.0003136960767233013,0.0,True,False,16,False,1,1.0,terminal,0.55,1.0,in=1/5000 KZT; out=0/0 KZT; tx=1/0; d=2; нет выхода в наблюдаемой выборке,0.12530751666392811,0.029007293138962602,0.05578858913022596,0.0,0.0,0.0,0.210103,Оборот 5000 (+0.125); связей 1 (+0.029); seed 1 (+0.056); внешних групп 0 (+0.000); 1–2д 0% (+0.000); цикл +0.00
100000000769919100,2,False,1,0,250000.0,0.0,1,0,1,0,0.0,0.0,0,0.0007306859163549968,0.0,True,False,37,False,1,1.0,terminal,0.55,1.0,in=1/250000 KZT; out=0/0 KZT; tx=1/0; d=2; нет выхода в наблюдаемой выборке,0.18285814516124407,0.029007293138962602,0.05578858913022596,0.0,0.0,0.0,0.267654,Оборот 250000 (+0.183); связей 1 (+0.029); seed 1 (+0.056); внешних групп 0 (+0.000); 1–2д 0% (+0.000); цикл +0.00
100000000782285100,3,False,1,0,6151.0,0.0,1,0,1,0,0.0,0.0,0,0.00031914036352222435,0.0,True,False,0,False,1,1.0,terminal,0.55,1.0,in=1/6151 KZT; out=0/0 KZT; tx=1/0; d=3; нет выхода в наблюдаемой выборке,0.12835494159162245,0.029007293138962602,0.05578858913022596,0.0,0.0,0.0,0.213151,Оборот 6151 (+0.128); связей 1 (+0.029); seed 1 (+0.056); внешних групп 0 (+0.000); 1–2д 0% (+0.000); цикл +0.00
100000000783406100,3,False,1,0,6066.0,0.0,1,0,1,0,0.0,0.0,0,0.00028861820127229997,0.0,True,False,38,False,1,1.0,terminal,0.55,1.0,in=1/6066 KZT; out=0/0 KZT; tx=1/0; d=3; нет выхода в наблюдаемой выборке,0.1281502543892704,0.029007293138962602,0.05578858913022596,0.0,0.0,0.0,0.212946,Оборот 6066 (+0.128); связей 1 (+0.029); seed 1 (+0.056); внешних групп 0 (+0.000); 1–2д 0% (+0.000); цикл +0.00
100000000785800100,2,False,1,1,19000.0,19000.0,1,1,1,0,0.0,0.0,0,0.0003580522023961032,1.0,True,False,39,True,1,1.0,peripheral,0.4,1.0,in=1/19000 KZT; out=1/19000 KZT; tx=1/1; d=2; недостаточно признаков других ролей,0.1551429902302475,0.04597547187268181,0.05578858913022596,0.0,0.0,0.1,0.356907,Оборот 38000 (+0.155); связей 2 (+0.046); seed 1 (+0.056); внешних групп 0 (+0.000); 1–2д 0% (+0.000); цикл +0.10
100000000790311100,2,False,1,0,46300.0,0.0,1,0,3,0,0.0,0.0,0,0.00029865351072570214,0.0,True,False,3,False,1,1.0,terminal,0.55,1.0,in=1/46300 KZT; out=0/0 KZT; tx=1/0; d=2; нет выхода в наблюдаемой выборке,0.15804935315694055,0.029007293138962602,0.11157717826045192,0.0,0.0,0.0,0.298634,Оборот 46300 (+0.158); связей 1 (+0.029); seed 3 (+0.112); внешних групп 0 (+0.000); 1–2д 0% (+0.000); цикл +0.00
100000000791285100,3,False,1,3,1120000.0,650000.0,2,3,1,0,0.0,0.0,0,0.0005624014778182514,0.5803571428571429,True,False,14,True,2,0.8,peripheral,0.4,1.0,in=1/1120000 KZT; out=3/650000 KZT; tx=2/3; d=3; недостаточно признаков других ролей,0.2116534229458623,0.06735284889599069,0.05578858913022596,0.0,0.0,0.1,0.434795,Оборот 1770000 (+0.212); связей 4 (+0.067); seed 1 (+0.056); внешних групп 0 (+0.000); 1–2д 0% (+0.000); цикл +0.10
100000000795033100,2,False,1,0,18200.0,0.0,1,0,2,0,0.0,0.0,0,0.0005298610610115696,0.0,True,False,0,False,1,1.0,terminal,0.55,1.0,in=1/18200 KZT; out=0/0 KZT; tx=1/0; d=2; нет выхода в наблюдаемой выборке,0.14431299043994658,0.029007293138962602,0.08842282173954807,0.0,0.0,0.0,0.261743,Оборот 18200 (+0.144); связей 1 (+0.029); seed 2 (+0.088); внешних групп 0 (+0.000); 1–2д 0% (+0.000); цикл +0.00
100000000795129100,2,False,1,0,332000.0,0.0,1,0,3,0,0.0,0.0,0,0.00038884477670882145,0.0,True,False,3,False,1,1.0,terminal,0.55,1.0,in=1/332000 KZT; out=0/0 KZT; tx=1/0; d=2; нет выхода в наблюдаемой выборке,0.18703153088699995,0.029007293138962602,0.11157717826045192,0.0,0.0,0.0,0.327616,Оборот 332000 (+0.187); связей 1 (+0.029); seed 3 (+0.112); внешних групп 0 (+0.000); 1–2д 0% (+0.000); цикл +0.00
100000000795374100,3,False,1,0,50000.0,0.0,1,0,1,0,0.0,0.0,0,0.00029413007751553574,0.0,True,False,8,False,1,1.0,terminal,0.55,1.0,in=1/50000 KZT; out=0/0 KZT; tx=1/0; d=3; нет выхода в наблюдаемой выборке,0.1591804002131276,0.029007293138962602,0.05578858913022596,0.0,0.0,0.0,0.243976,Оборот 50000 (+0.159); связей 1 (+0.029); seed 1 (+0.056); внешних групп 0 (+0.000); 1–2д 0% (+0.000); цикл +0.00
100000000802149100,3,False,1,0,104128.0,0.0,1,0,1,0,0.0,0.0,0,0.0002932013408840515,0.0,True,False,0,False,1,1.0,terminal,0.55,1.0,in=1/104128 KZT; out=0/0 KZT; tx=1/0; d=3; нет выхода в наблюдаемой выборке,0.16997290764698608,0.029007293138962602,0.05578858913022596,0.0,0.0,0.0,0.254769,Оборот 104128 (+0.170); связей 1 (+0.029); seed 1 (+0.056); внешних групп 0 (+0.000); 1–2д 0% (+0.000); цикл +0.00
100000000803368100,4,False,1,0,139503.0,0.0,1,0,1,0,0.0,0.0,0,0.0005451307230900887,0.0,True,True,40,False,1,1.0,peripheral,0.2,1.0,in=1/139503 KZT; out=0/0 KZT; tx=1/0; d=4; граница выгрузки; роль неизвестна,0.1742756070035676,0.029007293138962602,0.05578858913022596,0.0,0.0,0.0,0.259071,Оборот 139503 (+0.174); связей 1 (+0.029); seed 1 (+0.056); внешних групп 0 (+0.000); 1–2д 0% (+0.000); цикл +0.00
100000000806727100,2,False,1,1,45000.0,5000.0,1,1,8,0,0.0,0.0,0,0.0003438727866179302,0.1111111111111111,True,False,2,False,2,0.5,peripheral,0.4,1.0,in=1/45000 KZT; out=1/5000 KZT; tx=1/1; d=2; недостаточно признаков других ролей,0.1591804002131276,0.04597547187268181,0.17684564347909615,0.0,0.0,0.0,0.382002,Оборот 50000 (+0.159); связей 2 (+0.046); seed 8 (+0.177); внешних групп 0 (+0.000); 1–2д 0% (+0.000); цикл +0.00
100000000810551100,1,False,1,1,100000.0,7100.0,1,1,4,1,0.0,0.0,0,0.0003038988806177693,0.071,True,False,2,False,2,0.5,peripheral,0.4,1.0,in=1/100000 KZT; out=1/7100 KZT; tx=1/1; d=1; недостаточно признаков других ролей,0.17038692857118878,0.04597547187268181,0.12953709247559939,0.039397430255579034,0.0,0.0,0.385297,Оборот 107100 (+0.170); связей 2 (+0.046); seed 4 (+0.130); внешних групп 1 (+0.039); 1–2д 0% (+0.000); цикл +0.00
100000000817146100,1,False,1,0,70020.0,0.0,1,0,4,0,0.0,0.0,0,0.0005856492845310807,0.0,True,False,16,False,1,1.0,terminal,0.55,1.0,in=1/70020 KZT; out=0/0 KZT; tx=1/0; d=1; нет выхода в наблюдаемой выборке,0.16413468376445842,0.029007293138962602,0.12953709247559939,0.0,0.0,0.0,0.322679,Оборот 70020 (+0.164); связей 1 (+0.029); seed 4 (+0.130); внешних групп 0 (+0.000); 1–2д 0% (+0.000); цикл +0.00
100000000821507100,2,False,1,0,400000.0,0.0,1,0,3,0,0.0,0.0,0,0.0003335533509325467,0.0,True,False,33,False,1,1.0,terminal,0.55,1.0,in=1/400000 KZT; out=0/0 KZT; tx=1/0; d=2; нет выхода в наблюдаемой выборке,0.1897727959772685,0.029007293138962602,0.11157717826045192,0.0,0.0,0.0,0.330357,Оборот 400000 (+0.190); связей 1 (+0.029); seed 3 (+0.112); внешних групп 0 (+0.000); 1–2д 0% (+0.000); цикл +0.00
100000000831684100,2,False,1,1,15000.0,50000.0,2,3,1,0,15000.0,1.0,1,0.0019896887463347274,3.3333333333333335,True,False,7,True,3,0.6,peripheral,0.4,1.0,in=1/15000 KZT; out=1/50000 KZT; tx=2/3; d=2; недостаточно признаков других ролей,0.16304022392303275,0.04597547187268181,0.05578858913022596,0.0,0.1,0.1,0.464804,Оборот 65000 (+0.163); связей 2 (+0.046); seed 1 (+0.056); внешних групп 0 (+0.000); 1–2д 100% (+0.100); цикл +0.10
100000000838385100,3,False,1,2,436900.0,177500.0,8,6,1,0,71500.0,0.16365300984206912,2,0.0019278575482080103,0.40627145799954223,True,False,15,True,7,0.2857142857142857,peripheral,0.4,1.0,in=1/436900 KZT; out=2/177500 KZT; tx=8/6; d=3; недостаточно признаков других ролей,0.1960868846245026,0.058014586277925204,0.05578858913022596,0.0,0.016365300984206913,0.1,0.426255,Оборот 614400 (+0.196); связей 3 (+0.058); seed 1 (+0.056); внешних групп 0 (+0.000); 1–2д 16% (+0.016); цикл +0.10
100000000850297100,2,False,1,1,17520.0,17520.0,1,1,1,0,0.0,0.0,0,0.00029232448245283945,1.0,True,False,11,True,1,1.0,peripheral,0.4,1.0,in=1/17520 KZT; out=1/17520 KZT; tx=1/1; d=2; недостаточно признаков других ролей,0.15394994368565937,0.04597547187268181,0.05578858913022596,0.0,0.0,0.1,0.355714,Оборот 35040 (+0.154); связей 2 (+0.046); seed 1 (+0.056); внешних групп 0 (+0.000); 1–2д 0% (+0.000); цикл +0.10
100000000860514100,3,False,1,1,12000.0,50000.0,1,1,1,0,0.0,0.0,0,0.00030459727134251626,4.166666666666667,True,False,13,False,2,0.5,peripheral,0.4,1.0,in=1/12000 KZT; out=1/50000 KZT; tx=1/1; d=3; недостаточно признаков других ролей,0.16234505249474443,0.04597547187268181,0.05578858913022596,0.0,0.0,0.0,0.264109,Оборот 62000 (+0.162); связей 2 (+0.046); seed 1 (+0.056); внешних групп 0 (+0.000); 1–2д 0% (+0.000); цикл +0.00
100000000861294100,2,False,1,0,150000.0,0.0,1,0,1,0,0.0,0.0,0,0.0003122755742455011,0.0,True,False,41,False,1,1.0,terminal,0.55,1.0,in=1/150000 KZT; out=0/0 KZT; tx=1/0; d=2; нет выхода в наблюдаемой выборке,0.17534294010700102,0.029007293138962602,0.05578858913022596,0.0,0.0,0.0,0.260139,Оборот 150000 (+0.175); связей 1 (+0.029); seed 1 (+0.056); внешних групп 0 (+0.000); 1–2д 0% (+0.000); цикл +0.00
100000000870121100,3,False,1,0,12000.0,0.0,1,0,2,0,0.0,0.0,0,0.00031392327990079766,0.0,True,False,12,False,1,1.0,terminal,0.55,1.0,in=1/12000 KZT; out=0/0 KZT; tx=1/0; d=3; нет выхода в наблюдаемой выборке,0.13818565837320845,0.029007293138962602,0.08842282173954807,0.0,0.0,0.0,0.255616,Оборот 12000 (+0.138); связей 1 (+0.029); seed 2 (+0.088); внешних групп 0 (+0.000); 1–2д 0% (+0.000); цикл +0.00
100000000878006100,3,False,1,0,47003.0,0.0,1,0,3,0,0.0,0.0,0,0.00028554799496964263,0.0,True,False,10,False,1,1.0,terminal,0.55,1.0,in=1/47003 KZT; out=0/0 KZT; tx=1/0; d=3; нет выхода в наблюдаемой выборке,0.1582710497656184,0.029007293138962602,0.11157717826045192,0.0,0.0,0.0,0.298856,Оборот 47003 (+0.158); связей 1 (+0.029); seed 3 (+0.112); внешних групп 0 (+0.000); 1–2д 0% (+0.000); цикл +0.00
100000000896111100,3,False,1,0,287100.0,0.0,1,0,1,0,0.0,0.0,0,0.0003846317212893822,0.0,True,False,21,False,1,1.0,terminal,0.55,1.0,in=1/287100 KZT; out=0/0 KZT; tx=1/0; d=3; нет выхода в наблюдаемой выборке,0.1848938260929422,0.029007293138962602,0.05578858913022596,0.0,0.0,0.0,0.26969,Оборот 287100 (+0.185); связей 1 (+0.029); seed 1 (+0.056); внешних групп 0 (+0.000); 1–2д 0% (+0.000); цикл +0.00
100000000907277100,1,False,1,0,17534.0,0.0,1,0,1,0,0.0,0.0,0,0.00028768975725837964,0.0,True,False,22,False,1,1.0,terminal,0.55,1.0,in=1/17534 KZT; out=0/0 KZT; tx=1/0; d=1; нет выхода в наблюдаемой выборке,0.14376456322045422,0.029007293138962602,0.05578858913022596,0.0,0.0,0.0,0.22856,Оборот 17534 (+0.144); связей 1 (+0.029); seed 1 (+0.056); внешних групп 0 (+0.000); 1–2д 0% (+0.000); цикл +0.00
100000000910216100,2,False,1,1,71000.0,52010.0,3,1,2,1,0.0,0.0,0,0.00032145554715799383,0.7325352112676057,True,False,2,False,4,0.25,peripheral,0.4,1.0,in=1/71000 KZT; out=1/52010 KZT; tx=3/1; d=2; недостаточно признаков других ролей,0.17242455612151486,0.04597547187268181,0.08842282173954807,0.039397430255579034,0.0,0.0,0.34622,Оборот 123010 (+0.172); связей 2 (+0.046); seed 2 (+0.088); внешних групп 1 (+0.039); 1–2д 0% (+0.000); цикл +0.00
100000000912487100,2,False,1,0,10000.0,0.0,1,0,3,0,0.0,0.0,0,0.00029010154152121623,0.0,True,False,2,False,1,1.0,terminal,0.55,1.0,in=1/10000 KZT; out=0/0 KZT; tx=1/0; d=2; нет выхода в наблюдаемой выборке,0.13550359676243048,0.029007293138962602,0.11157717826045192,0.0,0.0,0.0,0.276088,Оборот 10000 (+0.136); связей 1 (+0.029); seed 3 (+0.112); внешних групп 0 (+0.000); 1–2д 0% (+0.000); цикл +0.00
100000000913911100,2,False,2,1,467000.0,600000.0,2,1,2,1,0.0,0.0,0,0.0004566228399546353,1.284796573875803,True,False,2,False,2,0.6666666666666666,peripheral,0.4,1.0,in=2/467000 KZT; out=1/600000 KZT; tx=2/1; d=2; недостаточно признаков других ролей,0.20420728692352794,0.058014586277925204,0.08842282173954807,0.039397430255579034,0.0,0.0,0.390042,Оборот 1067000 (+0.204); связей 3 (+0.058); seed 2 (+0.088); внешних групп 1 (+0.039); 1–2д 0% (+0.000); цикл +0.00
100000000917179100,2,False,1,0,94465.0,0.0,2,0,1,0,0.0,0.0,0,0.0004234150843247524,0.0,True,False,40,False,1,1.0,terminal,0.55,1.0,in=1/94465 KZT; out=0/0 KZT; tx=2/0; d=2; нет выхода в наблюдаемой выборке,0.1685401023648111,0.029007293138962602,0.05578858913022596,0.0,0.0,0.0,0.253336,Оборот 94465 (+0.169); связей 1 (+0.029); seed 1 (+0.056); внешних групп 0 (+0.000); 1–2д 0% (+0.000); цикл +0.00
100000000922570100,1,False,1,1,47101.0,50000.0,1,1,1,0,0.0,0.0,0,0.0002918029444859735,1.0615485870788306,True,False,7,False,2,0.5,peripheral,0.4,1.0,in=1/47101 KZT; out=1/50000 KZT; tx=1/1; d=1; недостаточно признаков других ролей,0.1689450046955267,0.04597547187268181,0.05578858913022596,0.0,0.0,0.0,0.270709,Оборот 97101 (+0.169); связей 2 (+0.046); seed 1 (+0.056); внешних групп 0 (+0.000); 1–2д 0% (+0.000); цикл +0.00
100000000926078100,4,False,1,0,250000.0,0.0,1,0,2,0,0.0,0.0,0,0.0005134171794293679,0.0,True,True,8,False,1,1.0,peripheral,0.2,1.0,in=1/250000 KZT; out=0/0 KZT; tx=1/0; d=4; граница выгрузки; роль неизвестна,0.18285814516124407,0.029007293138962602,0.08842282173954807,0.0,0.0,0.0,0.300288,Оборот 250000 (+0.183); связей 1 (+0.029); seed 2 (+0.088); внешних групп 0 (+0.000); 1–2д 0% (+0.000); цикл +0.00
100000000926766100,3,False,1,1,18750.0,6000.0,1,1,1,0,0.0,0.0,0,0.0003161622635128829,0.32,True,False,13,True,1,1.0,peripheral,0.4,1.0,in=1/18750 KZT; out=1/6000 KZT; tx=1/1; d=3; недостаточно признаков других ролей,0.14883528921141057,0.04597547187268181,0.05578858913022596,0.0,0.0,0.1,0.350599,Оборот 24750 (+0.149); связей 2 (+0.046); seed 1 (+0.056); внешних групп 0 (+0.000); 1–2д 0% (+0.000); цикл +0.10
100000000933075100,3,False,1,2,40000.0,55000.0,1,2,2,0,0.0,0.0,0,0.0008019146680380629,1.375,True,False,7,True,2,0.6666666666666666,peripheral,0.4,1.0,in=1/40000 KZT; out=2/55000 KZT; tx=1/2; d=3; недостаточно признаков других ролей,0.1686231872035787,0.058014586277925204,0.08842282173954807,0.0,0.0,0.1,0.415061,Оборот 95000 (+0.169); связей 3 (+0.058); seed 2 (+0.088); внешних групп 0 (+0.000); 1–2д 0% (+0.000); цикл +0.10
100000000941942100,1,False,1,0,130000.0,0.0,1,0,4,0,0.0,0.0,0,0.0003098573592245407,0.0,True,False,2,False,1,1.0,terminal,0.55,1.0,in=1/130000 KZT; out=0/0 KZT; tx=1/0; d=1; нет выхода в наблюдаемой выборке,0.17323766182893707,0.029007293138962602,0.12953709247559939,0.0,0.0,0.0,0.331782,Оборот 130000 (+0.173); связей 1 (+0.029); seed 4 (+0.130); внешних групп 0 (+0.000); 1–2д 0% (+0.000); цикл +0.00
100000000942301100,3,False,1,0,57580.0,0.0,2,0,2,0,0.0,0.0,0,0.00029893514242132957,0.0,True,False,0,False,2,0.5,terminal,0.55,1.0,in=1/57580 KZT; out=0/0 KZT; tx=2/0; d=3; нет выхода в наблюдаемой выборке,0.16125698765964822,0.029007293138962602,0.08842282173954807,0.0,0.0,0.0,0.278687,Оборот 57580 (+0.161); связей 1 (+0.029); seed 2 (+0.088); внешних групп 0 (+0.000); 1–2д 0% (+0.000); цикл +0.00
100000000943371100,2,False,1,0,15500.0,0.0,1,0,5,0,0.0,0.0,0,0.00030426930123597884,0.0,True,False,12,False,1,1.0,terminal,0.55,1.0,in=1/15500 KZT; out=0/0 KZT; tx=1/0; d=2; нет выхода в наблюдаемой выборке,0.14195066218791036,0.029007293138962602,0.14421141086977404,0.0,0.0,0.0,0.315169,Оборот 15500 (+0.142); связей 1 (+0.029); seed 5 (+0.144); внешних групп 0 (+0.000); 1–2д 0% (+0.000); цикл +0.00
100000000945428100,1,False,1,0,89629.0,0.0,1,0,1,0,0.0,0.0,0,0.00030072514075560347,0.0,True,False,0,False,1,1.0,terminal,0.55,1.0,in=1/89629 KZT; out=0/0 KZT; tx=1/0; d=1; нет выхода в наблюдаемой выборке,0.1677669905875218,0.029007293138962602,0.05578858913022596,0.0,0.0,0.0,0.252563,Оборот 89629 (+0.168); связей 1 (+0.029); seed 1 (+0.056); внешних групп 0 (+0.000); 1–2д 0% (+0.000); цикл +0.00
100000000954884100,3,False,1,0,34000.0,0.0,1,0,1,0,0.0,0.0,0,0.0003097133723628877,0.0,True,False,38,False,1,1.0,terminal,0.55,1.0,in=1/34000 KZT; out=0/0 KZT; tx=1/0; d=3; нет выхода в наблюдаемой выборке,0.15350668908664886,0.029007293138962602,0.05578858913022596,0.0,0.0,0.0,0.238303,Оборот 34000 (+0.154); связей 1 (+0.029); seed 1 (+0.056); внешних групп 0 (+0.000); 1–2д 0% (+0.000); цикл +0.00
100000000955444100,2,False,1,0,6910.0,0.0,1,0,1,0,0.0,0.0,0,0.0003505538612311478,0.0,True,False,23,False,1,1.0,terminal,0.55,1.0,in=1/6910 KZT; out=0/0 KZT; tx=1/0; d=2; нет выхода в наблюдаемой выборке,0.1300664881200848,0.029007293138962602,0.05578858913022596,0.0,0.0,0.0,0.214862,Оборот 6910 (+0.130); связей 1 (+0.029); seed 1 (+0.056); внешних групп 0 (+0.000); 1–2д 0% (+0.000); цикл +0.00
100000000955529100,3,False,1,1,27000.0,63500.0,1,1,1,1,0.0,0.0,0,0.0002940270964030977,2.3518518518518516,True,False,2,False,2,0.5,peripheral,0.4,1.0,in=1/27000 KZT; out=1/63500 KZT; tx=1/1; d=3; недостаточно признаков других ролей,0.1679092671957859,0.04597547187268181,0.05578858913022596,0.039397430255579034,0.0,0.0,0.309071,Оборот 90500 (+0.168); связей 2 (+0.046); seed 1 (+0.056); внешних групп 1 (+0.039); 1–2д 0% (+0.000); цикл +0.00
100000000957746100,4,False,1,0,5300.0,0.0,1,0,3,0,0.0,0.0,0,0.0003453405458746511,0.0,True,True,28,False,1,1.0,peripheral,0.2,1.0,in=1/5300 KZT; out=0/0 KZT; tx=1/0; d=4; граница выгрузки; роль неизвестна,0.12616459977947594,0.029007293138962602,0.11157717826045192,0.0,0.0,0.0,0.266749,Оборот 5300 (+0.126); связей 1 (+0.029); seed 3 (+0.112); внешних групп 0 (+0.000); 1–2д 0% (+0.000); цикл +0.00
100000000961900100,1,False,2,0,36000.0,0.0,3,0,1,0,0.0,0.0,0,0.00029272181037979616,0.0,True,False,0,False,3,0.3333333333333333,terminal,0.55,1.0,in=2/36000 KZT; out=0/0 KZT; tx=3/0; d=1; нет выхода в наблюдаемой выборке,0.1543475771383801,0.04597547187268181,0.05578858913022596,0.0,0.0,0.0,0.256112,Оборот 36000 (+0.154); связей 2 (+0.046); seed 1 (+0.056); внешних групп 0 (+0.000); 1–2д 0% (+0.000); цикл +0.00
100000000967918100,2,False,1,0,21200.0,0.0,3,0,2,0,0.0,0.0,0,0.00047643493208782535,0.0,True,False,0,False,3,0.3333333333333333,terminal,0.55,1.0,in=1/21200 KZT; out=0/0 KZT; tx=3/0; d=2; нет выхода в наблюдаемой выборке,0.1465576202913182,0.029007293138962602,0.08842282173954807,0.0,0.0,0.0,0.263988,Оборот 21200 (+0.147); связей 1 (+0.029); seed 2 (+0.088); внешних групп 0 (+0.000); 1–2д 0% (+0.000); цикл +0.00
100000000968253100,1,False,1,0,15000.0,0.0,1,0,1,0,0.0,0.0,0,0.0002871619048550963,0.0,True,False,22,False,1,1.0,terminal,0.55,1.0,in=1/15000 KZT; out=0/0 KZT; tx=1/0; d=1; нет выхода в наблюдаемой выборке,0.14146829138193068,0.029007293138962602,0.05578858913022596,0.0,0.0,0.0,0.226264,Оборот 15000 (+0.141); связей 1 (+0.029); seed 1 (+0.056); внешних групп 0 (+0.000); 1–2д 0% (+0.000); цикл +0.00
100000000971908100,2,False,1,0,89000.0,0.0,1,0,1,0,0.0,0.0,0,0.00030079200339215556,0.0,True,False,41,False,1,1.0,terminal,0.55,1.0,in=1/89000 KZT; out=0/0 KZT; tx=1/0; d=2; нет выхода в наблюдаемой выборке,0.1676633819328236,0.029007293138962602,0.05578858913022596,0.0,0.0,0.0,0.252459,Оборот 89000 (+0.168); связей 1 (+0.029); seed 1 (+0.056); внешних групп 0 (+0.000); 1–2д 0% (+0.000); цикл +0.00
100000000976943100,3,False,1,1,70000.0,84000.0,1,3,1,0,0.0,0.0,0,0.0003712880008804359,1.2,True,False,11,False,3,0.5,peripheral,0.4,1.0,in=1/70000 KZT; out=1/84000 KZT; tx=1/3; d=3; недостаточно признаков других ролей,0.17573011665104812,0.04597547187268181,0.05578858913022596,0.0,0.0,0.0,0.277494,Оборот 154000 (+0.176); связей 2 (+0.046); seed 1 (+0.056); внешних групп 0 (+0.000); 1–2д 0% (+0.000); цикл +0.00
100000000978041100,1,False,1,0,44445.0,0.0,1,0,1,0,0.0,0.0,0,0.00029329553311661043,0.0,True,False,22,False,1,1.0,terminal,0.55,1.0,in=1/44445 KZT; out=0/0 KZT; tx=1/0; d=1; нет выхода в наблюдаемой выборке,0.15744780200553307,0.029007293138962602,0.05578858913022596,0.0,0.0,0.0,0.242244,Оборот 44445 (+0.157); связей 1 (+0.029); seed 1 (+0.056); внешних групп 0 (+0.000); 1–2д 0% (+0.000); цикл +0.00
100000000979567100,2,False,1,0,10000.0,0.0,1,0,1,0,0.0,0.0,0,0.0005275937190645012,0.0,True,False,22,False,1,1.0,terminal,0.55,1.0,in=1/10000 KZT; out=0/0 KZT; tx=1/0; d=2; нет выхода в наблюдаемой выборке,0.13550359676243048,0.029007293138962602,0.05578858913022596,0.0,0.0,0.0,0.220299,Оборот 10000 (+0.136); связей 1 (+0.029); seed 1 (+0.056); внешних групп 0 (+0.000); 1–2д 0% (+0.000); цикл +0.00
100000000979923100,1,False,1,0,97900.0,0.0,1,0,5,0,0.0,0.0,0,0.00029880285981814065,0.0,True,False,11,False,1,1.0,terminal,0.55,1.0,in=1/97900 KZT; out=0/0 KZT; tx=1/0; d=1; нет выхода в наблюдаемой выборке,0.16906556611167547,0.029007293138962602,0.14421141086977404,0.0,0.0,0.0,0.342284,Оборот 97900 (+0.169); связей 1 (+0.029); seed 5 (+0.144); внешних групп 0 (+0.000); 1–2д 0% (+0.000); цикл +0.00
100000000981693100,4,False,1,0,16500.0,0.0,1,0,2,0,0.0,0.0,0,0.0005259600432542423,0.0,True,True,0,False,1,1.0,peripheral,0.2,1.0,in=1/16500 KZT; out=0/0 KZT; tx=1/0; d=4; граница выгрузки; роль неизвестна,0.14287040143045776,0.029007293138962602,0.08842282173954807,0.0,0.0,0.0,0.260301,Оборот 16500 (+0.143); связей 1 (+0.029); seed 2 (+0.088); внешних групп 0 (+0.000); 1–2д 0% (+0.000); цикл +0.00
100000000993112100,2,False,1,0,141000.0,0.0,1,0,1,0,0.0,0.0,0,0.0004384960956458976,0.0,True,False,42,False,1,1.0,terminal,0.55,1.0,in=1/141000 KZT; out=0/0 KZT; tx=1/0; d=2; нет выхода в наблюдаемой выборке,0.17443263812792503,0.029007293138962602,0.05578858913022596,0.0,0.0,0.0,0.259229,Оборот 141000 (+0.174); связей 1 (+0.029); seed 1 (+0.056); внешних групп 0 (+0.000); 1–2д 0% (+0.000); цикл +0.00
100000000998559100,1,False,1,0,100000.0,0.0,1,0,4,0,0.0,0.0,0,0.0003038988806177693,0.0,True,False,2,False,1,1.0,terminal,0.55,1.0,in=1/100000 KZT; out=0/0 KZT; tx=1/0; d=1; нет выхода в наблюдаемой выборке,0.16937780416926437,0.029007293138962602,0.12953709247559939,0.0,0.0,0.0,0.327922,Оборот 100000 (+0.169); связей 1 (+0.029); seed 4 (+0.130); внешних групп 0 (+0.000); 1–2д 0% (+0.000); цикл +0.00
100000001009583100,3,False,1,0,393740.0,0.0,1,0,3,0,0.0,0.0,0,0.00029669236771065645,0.0,True,False,10,False,1,1.0,terminal,0.55,1.0,in=1/393740 KZT; out=0/0 KZT; tx=1/0; d=3; нет выхода в наблюдаемой выборке,0.1895407337797888,0.029007293138962602,0.11157717826045192,0.0,0.0,0.0,0.330125,Оборот 393740 (+0.190); связей 1 (+0.029); seed 3 (+0.112); внешних групп 0 (+0.000); 1–2д 0% (+0.000); цикл +0.00
100000001046057100,3,False,1,0,83420.0,0.0,1,0,1,0,0.0,0.0,0,0.00031675994146968754,0.0,True,False,4,False,1,1.0,terminal,0.55,1.0,in=1/83420 KZT; out=0/0 KZT; tx=1/0; d=3; нет выхода в наблюдаемой выборке,0.16671081910576846,0.029007293138962602,0.05578858913022596,0.0,0.0,0.0,0.251507,Оборот 83420 (+0.167); связей 1 (+0.029); seed 1 (+0.056); внешних групп 0 (+0.000); 1–2д 0% (+0.000); цикл +0.00
100000001046626100,3,False,1,0,150000.0,0.0,1,0,3,0,0.0,0.0,0,0.00028885839149267364,0.0,True,False,10,False,1,1.0,terminal,0.55,1.0,in=1/150000 KZT; out=0/0 KZT; tx=1/0; d=3; нет выхода в наблюдаемой выборке,0.17534294010700102,0.029007293138962602,0.11157717826045192,0.0,0.0,0.0,0.315927,Оборот 150000 (+0.175); связей 1 (+0.029); seed 3 (+0.112); внешних групп 0 (+0.000); 1–2д 0% (+0.000); цикл +0.00
100000001049200100,1,False,2,4,76624.0,36000.0,2,5,3,2,0.0,0.0,0,0.00029666933118976436,0.46982668615577367,True,False,43,True,6,0.2857142857142857,peripheral,0.4,0.6666666666666666,in=2/76624 KZT; out=4/36000 KZT; tx=2/5; d=1; недостаточно признаков других ролей,0.17112681347475567,0.08143376716923444,0.11157717826045192,0.062443449579869886,0.0,0.1,0.526581,Оборот 112624 (+0.171); связей 6 (+0.081); seed 3 (+0.112); внешних групп 2 (+0.062); 1–2д 0% (+0.000); цикл +0.10
100000001052789100,3,False,1,0,70975.0,0.0,1,0,1,0,0.0,0.0,0,0.0002960889484558716,0.0,True,False,43,False,1,1.0,terminal,0.55,1.0,in=1/70975 KZT; out=0/0 KZT; tx=1/0; d=3; нет выхода в наблюдаемой выборке,0.16433398067410324,0.029007293138962602,0.05578858913022596,0.0,0.0,0.0,0.24913,Оборот 70975 (+0.164); связей 1 (+0.029); seed 1 (+0.056); внешних групп 0 (+0.000); 1–2д 0% (+0.000); цикл +0.00
100000001052945100,3,False,1,3,56520.0,1595700.0,1,6,1,1,0.0,0.0,0,0.0002999580831529894,28.23248407643312,True,False,44,False,6,0.2857142857142857,peripheral,0.4,1.0,in=1/56520 KZT; out=3/1595700 KZT; tx=1/6; d=3; недостаточно признаков других ролей,0.2106403625126344,0.06735284889599069,0.05578858913022596,0.039397430255579034,0.0,0.0,0.373179,Оборот 1652220 (+0.211); связей 4 (+0.067); seed 1 (+0.056); внешних групп 1 (+0.039); 1–2д 0% (+0.000); цикл +0.00
100000001053894100,4,False,1,0,2000000.0,0.0,7,0,3,0,0.0,0.0,0,0.0004459360054648886,0.0,True,True,30,False,7,0.14285714285714285,peripheral,0.2,1.0,in=1/2000000 KZT; out=0/0 KZT; tx=7/0; d=4; граница выгрузки; роль неизвестна,0.21345074688999358,0.029007293138962602,0.11157717826045192,0.0,0.0,0.0,0.354035,Оборот 2000000 (+0.213); связей 1 (+0.029); seed 3 (+0.112); внешних групп 0 (+0.000); 1–2д 0% (+0.000); цикл +0.00
100000001056414100,3,False,1,0,250000.0,0.0,1,0,2,0,0.0,0.0,0,0.0002958599958163589,0.0,True,False,24,False,1,1.0,terminal,0.55,1.0,in=1/250000 KZT; out=0/0 KZT; tx=1/0; d=3; нет выхода в наблюдаемой выборке,0.18285814516124407,0.029007293138962602,0.08842282173954807,0.0,0.0,0.0,0.300288,Оборот 250000 (+0.183); связей 1 (+0.029); seed 2 (+0.088); внешних групп 0 (+0.000); 1–2д 0% (+0.000); цикл +0.00
100000001063678100,3,False,1,2,35000.0,90000.0,1,2,2,0,20000.0,0.5714285714285714,1,0.00032646952476825437,2.5714285714285716,True,False,29,False,3,0.3333333333333333,peripheral,0.4,1.0,in=1/35000 KZT; out=2/90000 KZT; tx=1/2; d=3; недостаточно признаков других ролей,0.1726606529352228,0.058014586277925204,0.08842282173954807,0.0,0.05714285714285714,0.0,0.376241,Оборот 125000 (+0.173); связей 3 (+0.058); seed 2 (+0.088); внешних групп 0 (+0.000); 1–2д 57% (+0.057); цикл +0.00
100000001065234100,4,False,1,0,360000.0,0.0,1,0,1,0,0.0,0.0,0,0.0005452429761834431,0.0,True,True,45,False,1,1.0,peripheral,0.2,1.0,in=1/360000 KZT; out=0/0 KZT; tx=1/0; d=4; граница выгрузки; роль неизвестна,0.18822274075517736,0.029007293138962602,0.05578858913022596,0.0,0.0,0.0,0.273019,Оборот 360000 (+0.188); связей 1 (+0.029); seed 1 (+0.056); внешних групп 0 (+0.000); 1–2д 0% (+0.000); цикл +0.00
100000001065481100,4,False,1,0,16000.0,0.0,2,0,1,0,0.0,0.0,0,0.0004297362515467534,0.0,True,True,12,False,2,0.5,peripheral,0.2,1.0,in=1/16000 KZT; out=0/0 KZT; tx=2/0; d=4; граница выгрузки; роль неизвестна,0.14241771799277592,0.029007293138962602,0.05578858913022596,0.0,0.0,0.0,0.227214,Оборот 16000 (+0.142); связей 1 (+0.029); seed 1 (+0.056); внешних групп 0 (+0.000); 1–2д 0% (+0.000); цикл +0.00
100000001066017100,3,False,2,4,136123.0,82500.0,3,4,2,0,8000.0,0.058770376791578205,1,0.00029958460622349803,0.6060695106631503,True,False,0,False,5,0.2857142857142857,peripheral,0.4,0.6666666666666666,in=2/136123 KZT; out=4/82500 KZT; tx=3/4; d=3; недостаточно признаков других ролей,0.18088510176382194,0.08143376716923444,0.08842282173954807,0.0,0.005877037679157821,0.0,0.356619,Оборот 218623 (+0.181); связей 6 (+0.081); seed 2 (+0.088); внешних групп 0 (+0.000); 1–2д 6% (+0.006); цикл +0.00
100000001072022100,1,False,3,0,1684000.0,0.0,6,0,5,1,0.0,0.0,0,0.0004988741685930638,0.0,True,False,2,False,3,0.3333333333333333,consolidator,0.75,0.6666666666666666,in=3/1684000 KZT; out=0/0 KZT; tx=6/0; d=1; сбор; выход 0% наблюдаемого входа,0.2109206556799734,0.058014586277925204,0.14421141086977404,0.039397430255579034,0.0,0.0,0.452544,Оборот 1684000 (+0.211); связей 3 (+0.058); seed 5 (+0.144); внешних групп 1 (+0.039); 1–2д 0% (+0.000); цикл +0.00
100000001073568100,3,False,1,2,707465.0,219503.0,4,3,1,0,0.0,0.0,0,0.00048331908427185556,0.31026693900051594,True,False,40,False,3,0.5714285714285714,peripheral,0.4,1.0,in=1/707465 KZT; out=2/219503 KZT; tx=4/3; d=3; недостаточно признаков других ролей,0.20213750496668484,0.058014586277925204,0.05578858913022596,0.0,0.0,0.0,0.315941,Оборот 926968 (+0.202); связей 3 (+0.058); seed 1 (+0.056); внешних групп 0 (+0.000); 1–2д 0% (+0.000); цикл +0.00
100000001074553100,1,False,2,0,28971.0,0.0,2,0,2,1,0.0,0.0,0,0.0002879411106392082,0.0,True,False,4,False,2,0.5,terminal,0.55,1.0,in=2/28971 KZT; out=0/0 KZT; tx=2/0; d=1; нет выхода в наблюдаемой выборке,0.15115189203278057,0.04597547187268181,0.08842282173954807,0.039397430255579034,0.0,0.0,0.324948,Оборот 28971 (+0.151); связей 2 (+0.046); seed 2 (+0.088); внешних групп 1 (+0.039); 1–2д 0% (+0.000); цикл +0.00
100000001083990100,2,False,1,0,49900.0,0.0,2,0,2,0,0.0,0.0,0,0.0004991464947856226,0.0,True,False,7,False,1,1.0,terminal,0.55,1.0,in=1/49900 KZT; out=0/0 KZT; tx=2/0; d=2; нет выхода в наблюдаемой выборке,0.15915094742684394,0.029007293138962602,0.08842282173954807,0.0,0.0,0.0,0.276581,Оборот 49900 (+0.159); связей 1 (+0.029); seed 2 (+0.088); внешних групп 0 (+0.000); 1–2д 0% (+0.000); цикл +0.00
100000001089055100,4,False,1,0,13000.0,0.0,1,0,1,0,0.0,0.0,0,0.0003274705870982229,0.0,True,True,28,False,1,1.0,peripheral,0.2,1.0,in=1/13000 KZT; out=0/0 KZT; tx=1/0; d=4; граница выгрузки; роль неизвестна,0.13936314889581666,0.029007293138962602,0.05578858913022596,0.0,0.0,0.0,0.224159,Оборот 13000 (+0.139); связей 1 (+0.029); seed 1 (+0.056); внешних групп 0 (+0.000); 1–2д 0% (+0.000); цикл +0.00
100000001102676100,2,False,1,1,50000.0,50000.0,1,1,2,0,0.0,0.0,0,0.0003113145270251793,1.0,True,False,2,False,1,1.0,peripheral,0.4,1.0,in=1/50000 KZT; out=1/50000 KZT; tx=1/1; d=2; недостаточно признаков других ролей,0.16937780416926437,0.04597547187268181,0.08842282173954807,0.0,0.0,0.0,0.303776,Оборот 100000 (+0.169); связей 2 (+0.046); seed 2 (+0.088); внешних групп 0 (+0.000); 1–2д 0% (+0.000); цикл +0.00
100000001103905100,1,False,1,0,18000.0,0.0,1,0,1,0,0.0,0.0,0,0.00028778682877374267,0.0,True,False,22,False,1,1.0,terminal,0.55,1.0,in=1/18000 KZT; out=0/0 KZT; tx=1/0; d=1; нет выхода в наблюдаемой выборке,0.144150434713314,0.029007293138962602,0.05578858913022596,0.0,0.0,0.0,0.228946,Оборот 18000 (+0.144); связей 1 (+0.029); seed 1 (+0.056); внешних групп 0 (+0.000); 1–2д 0% (+0.000); цикл +0.00
100000001110358100,3,False,2,0,32000.0,0.0,2,0,2,1,0.0,0.0,0,0.000291394404055084,0.0,True,False,0,False,1,1.0,terminal,0.55,1.0,in=2/32000 KZT; out=0/0 KZT; tx=2/0; d=3; нет выхода в наблюдаемой выборке,0.15261480933918287,0.04597547187268181,0.08842282173954807,0.039397430255579034,0.0,0.0,0.326411,Оборот 32000 (+0.153); связей 2 (+0.046); seed 2 (+0.088); внешних групп 1 (+0.039); 1–2д 0% (+0.000); цикл +0.00
100000001111763100,1,False,1,0,17144.0,0.0,1,0,1,0,0.0,0.0,0,0.00028760851714895556,0.0,True,False,22,False,1,1.0,terminal,0.55,1.0,in=1/17144 KZT; out=0/0 KZT; tx=1/0; d=1; нет выхода в наблюдаемой выборке,0.14343365751852413,0.029007293138962602,0.05578858913022596,0.0,0.0,0.0,0.22823,Оборот 17144 (+0.143); связей 1 (+0.029); seed 1 (+0.056); внешних групп 0 (+0.000); 1–2д 0% (+0.000); цикл +0.00
100000001114385100,2,False,1,0,29500.0,0.0,1,0,2,0,0.0,0.0,0,0.0002886565764362201,0.0,True,False,2,False,1,1.0,terminal,0.55,1.0,in=1/29500 KZT; out=0/0 KZT; tx=1/0; d=2; нет выхода в наблюдаемой выборке,0.15141809480170051,0.029007293138962602,0.08842282173954807,0.0,0.0,0.0,0.268848,Оборот 29500 (+0.151); связей 1 (+0.029); seed 2 (+0.088); внешних групп 0 (+0.000); 1–2д 0% (+0.000); цикл +0.00
100000001126374100,1,False,4,2,182500.0,29200.0,7,4,2,1,15200.0,0.08328767123287671,1,0.0003117653322508756,0.16,True,False,0,False,9,0.18181818181818182,consolidator,0.75,0.6666666666666666,in=4/182500 KZT; out=2/29200 KZT; tx=7/4; d=1; сбор; выход 16% наблюдаемого входа,0.18041169370139104,0.08143376716923444,0.08842282173954807,0.039397430255579034,0.00832876712328767,0.0,0.397994,Оборот 211700 (+0.180); связей 6 (+0.081); seed 2 (+0.088); внешних групп 1 (+0.039); 1–2д 8% (+0.008); цикл +0.00
100000001130176100,3,False,1,0,25000.0,0.0,2,0,3,0,0.0,0.0,0,0.0005546793140193114,0.0,True,False,0,False,2,0.5,terminal,0.55,1.0,in=1/25000 KZT; out=0/0 KZT; tx=2/0; d=3; нет выхода в наблюдаемой выборке,0.14898314336993435,0.029007293138962602,0.11157717826045192,0.0,0.0,0.0,0.289568,Оборот 25000 (+0.149); связей 1 (+0.029); seed 3 (+0.112); внешних групп 0 (+0.000); 1–2д 0% (+0.000); цикл +0.00
100000001130553100,4,False,1,0,18000.0,0.0,2,0,3,0,0.0,0.0,0,0.0005400819632523621,0.0,True,True,10,False,1,1.0,peripheral,0.2,1.0,in=1/18000 KZT; out=0/0 KZT; tx=2/0; d=4; граница выгрузки; роль неизвестна,0.144150434713314,0.029007293138962602,0.11157717826045192,0.0,0.0,0.0,0.284735,Оборот 18000 (+0.144); связей 1 (+0.029); seed 3 (+0.112); внешних групп 0 (+0.000); 1–2д 0% (+0.000); цикл +0.00
100000001131403100,4,False,1,0,1570000.0,0.0,3,0,1,0,0.0,0.0,0,0.0005348952547920575,0.0,True,True,44,False,3,0.3333333333333333,peripheral,0.2,1.0,in=1/1570000 KZT; out=0/0 KZT; tx=3/0; d=4; граница выгрузки; роль неизвестна,0.20988940265960762,0.029007293138962602,0.05578858913022596,0.0,0.0,0.0,0.294685,Оборот 1570000 (+0.210); связей 1 (+0.029); seed 1 (+0.056); внешних групп 0 (+0.000); 1–2д 0% (+0.000); цикл +0.00
100000001138283100,3,False,1,2,81805.0,50000.0,1,2,1,0,0.0,0.0,0,0.00030055010266809604,0.6112095837662734,True,False,8,True,2,0.6666666666666666,peripheral,0.4,1.0,in=1/81805 KZT; out=2/50000 KZT; tx=1/2; d=3; недостаточно признаков других ролей,0.17344052502198726,0.058014586277925204,0.05578858913022596,0.0,0.0,0.1,0.387244,Оборот 131805 (+0.173); связей 3 (+0.058); seed 1 (+0.056); внешних групп 0 (+0.000); 1–2д 0% (+0.000); цикл +0.10
100000001138376100,2,False,1,0,15300.0,0.0,1,0,3,0,0.0,0.0,0,0.00028886726905445016,0.0,True,False,3,False,1,1.0,terminal,0.55,1.0,in=1/15300 KZT; out=0/0 KZT; tx=1/0; d=2; нет выхода в наблюдаемой выборке,0.1417596075405376,0.029007293138962602,0.11157717826045192,0.0,0.0,0.0,0.282344,Оборот 15300 (+0.142); связей 1 (+0.029); seed 3 (+0.112); внешних групп 0 (+0.000); 1–2д 0% (+0.000); цикл +0.00
100000001140785100,3,False,2,0,215000.0,0.0,2,0,3,0,0.0,0.0,0,0.0003136188692497605,0.0,True,False,4,False,1,1.0,terminal,0.55,1.0,in=2/215000 KZT; out=0/0 KZT; tx=2/0; d=3; нет выхода в наблюдаемой выборке,0.18063925496877334,0.04597547187268181,0.11157717826045192,0.0,0.0,0.0,0.338192,Оборот 215000 (+0.181); связей 2 (+0.046); seed 3 (+0.112); внешних групп 0 (+0.000); 1–2д 0% (+0.000); цикл +0.00
100000001141268100,3,False,2,1,480000.0,10000.0,2,1,3,0,10000.0,0.020833333333333332,1,0.0003627986755857117,0.020833333333333332,True,False,46,False,2,0.6666666666666666,peripheral,0.4,1.0,in=2/480000 KZT; out=1/10000 KZT; tx=2/1; d=3; недостаточно признаков других ролей,0.19275844606293144,0.058014586277925204,0.11157717826045192,0.0,0.0020833333333333333,0.0,0.364434,Оборот 490000 (+0.193); связей 3 (+0.058); seed 3 (+0.112); внешних групп 0 (+0.000); 1–2д 2% (+0.002); цикл +0.00
100000001145749100,3,False,1,0,10000.0,0.0,1,0,2,0,0.0,0.0,0,0.0004755849171918145,0.0,True,False,2,False,1,1.0,terminal,0.55,1.0,in=1/10000 KZT; out=0/0 KZT; tx=1/0; d=3; нет выхода в наблюдаемой выборке,0.13550359676243048,0.029007293138962602,0.08842282173954807,0.0,0.0,0.0,0.252934,Оборот 10000 (+0.136); связей 1 (+0.029); seed 2 (+0.088); внешних групп 0 (+0.000); 1–2д 0% (+0.000); цикл +0.00
100000001149815100,3,False,1,0,12000.0,0.0,1,0,1,0,0.0,0.0,0,0.0002858964947425251,0.0,True,False,22,False,1,1.0,terminal,0.55,1.0,in=1/12000 KZT; out=0/0 KZT; tx=1/0; d=3; нет выхода в наблюдаемой выборке,0.13818565837320845,0.029007293138962602,0.05578858913022596,0.0,0.0,0.0,0.222982,Оборот 12000 (+0.138); связей 1 (+0.029); seed 1 (+0.056); внешних групп 0 (+0.000); 1–2д 0% (+0.000); цикл +0.00
100000001155773100,3,False,1,0,21500.0,0.0,1,0,1,0,0.0,0.0,0,0.00028736836891471483,0.0,True,False,22,False,1,1.0,terminal,0.55,1.0,in=1/21500 KZT; out=0/0 KZT; tx=1/0; d=3; нет выхода в наблюдаемой выборке,0.14676433939226838,0.029007293138962602,0.05578858913022596,0.0,0.0,0.0,0.23156,Оборот 21500 (+0.147); связей 1 (+0.029); seed 1 (+0.056); внешних групп 0 (+0.000); 1–2д 0% (+0.000); цикл +0.00
100000001160401100,3,False,1,0,47190.0,0.0,2,0,1,0,0.0,0.0,0,0.0003032144923804347,0.0,True,False,0,False,2,0.5,terminal,0.55,1.0,in=1/47190 KZT; out=0/0 KZT; tx=2/0; d=3; нет выхода в наблюдаемой выборке,0.15832946347025514,0.029007293138962602,0.05578858913022596,0.0,0.0,0.0,0.243125,Оборот 47190 (+0.158); связей 1 (+0.029); seed 1 (+0.056); внешних групп 0 (+0.000); 1–2д 0% (+0.000); цикл +0.00
100000001162560100,1,False,1,12,331300.0,2904398.0,2,14,1,2,172000.0,0.5191669182010262,1,0.0003193846054406579,8.76667069121642,True,False,4,False,9,0.1875,distributor,0.8,1.0,in=1/331300 KZT; out=12/2904398 KZT; tx=2/14; d=1; рассылка многим получателям,0.22052862934804318,0.11044106030819703,0.05578858913022596,0.062443449579869886,0.051916691820102626,0.0,0.501118,Оборот 3235698 (+0.221); связей 13 (+0.110); seed 1 (+0.056); внешних групп 2 (+0.062); 1–2д 52% (+0.052); цикл +0.00
100000001164648100,1,False,2,0,13660.0,0.0,2,0,3,1,0.0,0.0,0,0.00028858044152316756,0.0,True,False,47,False,2,0.5,terminal,0.55,1.0,in=2/13660 KZT; out=0/0 KZT; tx=2/0; d=1; нет выхода в наблюдаемой выборке,0.1400916670311088,0.04597547187268181,0.11157717826045192,0.039397430255579034,0.0,0.0,0.337042,Оборот 13660 (+0.140); связей 2 (+0.046); seed 3 (+0.112); внешних групп 1 (+0.039); 1–2д 0% (+0.000); цикл +0.00
100000001166289100,2,False,2,1,721039.0,25000.0,10,1,1,0,25000.0,0.0346721883282319,1,0.002116237595584423,0.0346721883282319,True,False,22,True,11,0.09090909090909091,peripheral,0.4,1.0,in=2/721039 KZT; out=1/25000 KZT; tx=10/1; d=2; недостаточно признаков других ролей,0.19894293743698674,0.058014586277925204,0.05578858913022596,0.0,0.00346721883282319,0.1,0.416213,Оборот 746039 (+0.199); связей 3 (+0.058); seed 1 (+0.056); внешних групп 0 (+0.000); 1–2д 3% (+0.003); цикл +0.10
100000001169666100,3,False,1,1,220000.0,24000.0,2,1,1,0,0.0,0.0,0,0.0003177810386785771,0.10909090909090909,True,False,18,False,3,0.3333333333333333,peripheral,0.4,1.0,in=1/220000 KZT; out=1/24000 KZT; tx=2/1; d=3; недостаточно признаков других ролей,0.1825007535753018,0.04597547187268181,0.05578858913022596,0.0,0.0,0.0,0.284265,Оборот 244000 (+0.183); связей 2 (+0.046); seed 1 (+0.056); внешних групп 0 (+0.000); 1–2д 0% (+0.000); цикл +0.00
100000001184915100,2,False,1,0,201000.0,0.0,2,0,3,0,0.0,0.0,0,0.00034749001351740166,0.0,True,False,3,False,1,1.0,terminal,0.55,1.0,in=1/201000 KZT; out=0/0 KZT; tx=2/0; d=2; нет выхода в наблюдаемой выборке,0.1796486578106294,0.029007293138962602,0.11157717826045192,0.0,0.0,0.0,0.320233,Оборот 201000 (+0.180); связей 1 (+0.029); seed 3 (+0.112); внешних групп 0 (+0.000); 1–2д 0% (+0.000); цикл +0.00
100000001194266100,1,False,1,0,50000.0,0.0,1,0,4,0,0.0,0.0,0,0.0002939680829398169,0.0,True,False,2,False,1,1.0,terminal,0.55,1.0,in=1/50000 KZT; out=0/0 KZT; tx=1/0; d=1; нет выхода в наблюдаемой выборке,0.1591804002131276,0.029007293138962602,0.12953709247559939,0.0,0.0,0.0,0.317725,Оборот 50000 (+0.159); связей 1 (+0.029); seed 4 (+0.130); внешних групп 0 (+0.000); 1–2д 0% (+0.000); цикл +0.00
100000001202637100,4,False,1,0,10000.0,0.0,1,0,1,0,0.0,0.0,0,0.0005454813242282881,0.0,True,True,18,False,1,1.0,peripheral,0.2,1.0,in=1/10000 KZT; out=0/0 KZT; tx=1/0; d=4; граница выгрузки; роль неизвестна,0.13550359676243048,0.029007293138962602,0.05578858913022596,0.0,0.0,0.0,0.220299,Оборот 10000 (+0.136); связей 1 (+0.029); seed 1 (+0.056); внешних групп 0 (+0.000); 1–2д 0% (+0.000); цикл +0.00
100000001202787100,4,False,2,0,14850.0,0.0,2,0,3,1,0.0,0.0,0,0.00034917929522766455,0.0,True,True,0,False,2,0.5,peripheral,0.2,1.0,in=2/14850 KZT; out=0/0 KZT; tx=2/0; d=4; граница выгрузки; роль неизвестна,0.14132044118579862,0.04597547187268181,0.11157717826045192,0.039397430255579034,0.0,0.0,0.338271,Оборот 14850 (+0.141); связей 2 (+0.046); seed 3 (+0.112); внешних групп 1 (+0.039); 1–2д 0% (+0.000); цикл +0.00
100000001220124100,4,False,1,0,40000.0,0.0,1,0,2,0,0.0,0.0,0,0.0005363353270662956,0.0,True,True,8,False,1,1.0,peripheral,0.2,1.0,in=1/40000 KZT; out=0/0 KZT; tx=1/0; d=4; граница выгрузки; роль неизвестна,0.15589759558164798,0.029007293138962602,0.08842282173954807,0.0,0.0,0.0,0.273328,Оборот 40000 (+0.156); связей 1 (+0.029); seed 2 (+0.088); внешних групп 0 (+0.000); 1–2д 0% (+0.000); цикл +0.00
100000001222245100,4,False,1,0,420000.0,0.0,5,0,3,0,0.0,0.0,0,0.0005458376533860372,0.0,True,True,10,False,5,0.2,peripheral,0.2,1.0,in=1/420000 KZT; out=0/0 KZT; tx=5/0; d=4; граница выгрузки; роль неизвестна,0.19049059299205084,0.029007293138962602,0.11157717826045192,0.0,0.0,0.0,0.331075,Оборот 420000 (+0.190); связей 1 (+0.029); seed 3 (+0.112); внешних групп 0 (+0.000); 1–2д 0% (+0.000); цикл +0.00
100000001222263100,3,False,1,1,745570.0,420000.0,1,5,3,0,0.0,0.0,0,0.00030800043307856027,0.5633273870998028,True,False,10,False,5,0.3333333333333333,peripheral,0.4,1.0,in=1/745570 KZT; out=1/420000 KZT; tx=1/5; d=3; недостаточно признаков других ролей,0.20550722341476807,0.04597547187268181,0.11157717826045192,0.0,0.0,0.0,0.36306,Оборот 1165570 (+0.206); связей 2 (+0.046); seed 3 (+0.112); внешних групп 0 (+0.000); 1–2д 0% (+0.000); цикл +0.00
100000001223977100,3,False,1,1,5000.0,18000.0,1,1,2,0,0.0,0.0,0,0.00030386389429749795,3.6,True,False,48,False,2,0.5,peripheral,0.4,1.0,in=1/5000 KZT; out=1/18000 KZT; tx=1/1; d=3; недостаточно признаков других ролей,0.14775648794763754,0.04597547187268181,0.08842282173954807,0.0,0.0,0.0,0.282155,Оборот 23000 (+0.148); связей 2 (+0.046); seed 2 (+0.088); внешних групп 0 (+0.000); 1–2д 0% (+0.000); цикл +0.00
100000001227106100,3,False,1,0,164765.0,0.0,1,0,3,0,0.0,0.0,0,0.00028933294904932627,0.0,True,False,10,False,1,1.0,terminal,0.55,1.0,in=1/164765 KZT; out=0/0 KZT; tx=1/0; d=3; нет выхода в наблюдаемой выборке,0.1767241621961827,0.029007293138962602,0.11157717826045192,0.0,0.0,0.0,0.317309,Оборот 164765 (+0.177); связей 1 (+0.029); seed 3 (+0.112); внешних групп 0 (+0.000); 1–2д 0% (+0.000); цикл +0.00
100000001229743100,3,False,1,1,7000.0,9000.0,1,1,1,0,0.0,0.0,0,0.0002868819652752146,1.2857142857142858,True,False,0,False,2,0.5,peripheral,0.4,1.0,in=1/7000 KZT; out=1/9000 KZT; tx=1/1; d=3; недостаточно признаков других ролей,0.14241771799277592,0.04597547187268181,0.05578858913022596,0.0,0.0,0.0,0.244182,Оборот 16000 (+0.142); связей 2 (+0.046); seed 1 (+0.056); внешних групп 0 (+0.000); 1–2д 0% (+0.000); цикл +0.00
100000001232297100,2,False,1,2,5000.0,45000.0,1,2,5,0,0.0,0.0,0,0.0002905637420277078,9.0,True,False,12,True,3,0.3333333333333333,peripheral,0.4,1.0,in=1/5000 KZT; out=2/45000 KZT; tx=1/2; d=2; недостаточно признаков других ролей,0.1591804002131276,0.058014586277925204,0.14421141086977404,0.0,0.0,0.1,0.461406,Оборот 50000 (+0.159); связей 3 (+0.058); seed 5 (+0.144); внешних групп 0 (+0.000); 1–2д 0% (+0.000); цикл +0.10
100000001236706100,3,False,3,2,142700.0,36000.0,3,2,5,1,0.0,0.0,0,0.0007612755268929271,0.25227750525578135,True,False,12,False,4,0.4,peripheral,0.4,1.0,in=3/142700 KZT; out=2/36000 KZT; tx=3/2; d=3; недостаточно признаков других ролей,0.17791859257554482,0.0749827650116444,0.14421141086977404,0.039397430255579034,0.0,0.0,0.43651,Оборот 178700 (+0.178); связей 5 (+0.075); seed 5 (+0.144); внешних групп 1 (+0.039); 1–2д 0% (+0.000); цикл +0.00
100000001241318100,2,False,1,0,53000.0,0.0,1,0,1,0,0.0,0.0,0,0.0005276996511247985,0.0,True,False,0,False,1,1.0,terminal,0.55,1.0,in=1/53000 KZT; out=0/0 KZT; tx=1/0; d=2; нет выхода в наблюдаемой выборке,0.1600376331920425,0.029007293138962602,0.05578858913022596,0.0,0.0,0.0,0.244834,Оборот 53000 (+0.160); связей 1 (+0.029); seed 1 (+0.056); внешних групп 0 (+0.000); 1–2д 0% (+0.000); цикл +0.00
100000001246806100,4,False,1,0,130000.0,0.0,1,0,1,0,0.0,0.0,0,0.0005298234725292978,0.0,True,True,4,False,1,1.0,peripheral,0.2,1.0,in=1/130000 KZT; out=0/0 KZT; tx=1/0; d=4; граница выгрузки; роль неизвестна,0.17323766182893707,0.029007293138962602,0.05578858913022596,0.0,0.0,0.0,0.258034,Оборот 130000 (+0.173); связей 1 (+0.029); seed 1 (+0.056); внешних групп 0 (+0.000); 1–2д 0% (+0.000); цикл +0.00
100000001248999100,3,False,1,0,23425.0,0.0,1,0,1,0,0.0,0.0,0,0.0002876974555448906,0.0,True,False,28,False,1,1.0,terminal,0.55,1.0,in=1/23425 KZT; out=0/0 KZT; tx=1/0; d=3; нет выхода в наблюдаемой выборке,0.14802584655859655,0.029007293138962602,0.05578858913022596,0.0,0.0,0.0,0.232822,Оборот 23425 (+0.148); связей 1 (+0.029); seed 1 (+0.056); внешних групп 0 (+0.000); 1–2д 0% (+0.000); цикл +0.00
100000001249054100,4,False,1,0,17375.0,0.0,1,0,2,0,0.0,0.0,0,0.0002904918554212963,0.0,True,True,18,False,1,1.0,peripheral,0.2,1.0,in=1/17375 KZT; out=0/0 KZT; tx=1/0; d=4; граница выгрузки; роль неизвестна,0.14363055289500642,0.029007293138962602,0.08842282173954807,0.0,0.0,0.0,0.261061,Оборот 17375 (+0.144); связей 1 (+0.029); seed 2 (+0.088); внешних групп 0 (+0.000); 1–2д 0% (+0.000); цикл +0.00
100000001250022100,2,False,1,0,50000.0,0.0,1,0,1,0,0.0,0.0,0,0.00029345004825641005,0.0,True,False,41,False,1,1.0,terminal,0.55,1.0,in=1/50000 KZT; out=0/0 KZT; tx=1/0; d=2; нет выхода в наблюдаемой выборке,0.1591804002131276,0.029007293138962602,0.05578858913022596,0.0,0.0,0.0,0.243976,Оборот 50000 (+0.159); связей 1 (+0.029); seed 1 (+0.056); внешних групп 0 (+0.000); 1–2д 0% (+0.000); цикл +0.00
100000001251686100,2,False,1,0,18000.0,0.0,1,0,3,0,0.0,0.0,0,0.0002949529465286976,0.0,True,False,2,False,1,1.0,terminal,0.55,1.0,in=1/18000 KZT; out=0/0 KZT; tx=1/0; d=2; нет выхода в наблюдаемой выборке,0.144150434713314,0.029007293138962602,0.11157717826045192,0.0,0.0,0.0,0.284735,Оборот 18000 (+0.144); связей 1 (+0.029); seed 3 (+0.112); внешних групп 0 (+0.000); 1–2д 0% (+0.000); цикл +0.00
100000001252290100,3,False,1,1,141005.0,5000.0,1,1,3,0,0.0,0.0,0,0.0002885692858223661,0.03545973547037339,True,False,10,False,2,0.5,peripheral,0.4,1.0,in=1/141005 KZT; out=1/5000 KZT; tx=1/1; d=3; недостаточно признаков других ролей,0.17494580196742304,0.04597547187268181,0.11157717826045192,0.0,0.0,0.0,0.332498,Оборот 146005 (+0.175); связей 2 (+0.046); seed 3 (+0.112); внешних групп 0 (+0.000); 1–2д 0% (+0.000); цикл +0.00
100000001253557100,1,False,5,0,210200.0,0.0,5,0,5,3,0.0,0.0,0,0.0003492014448192336,0.0,True,False,4,False,5,0.2,consolidator,0.75,1.0,in=5/210200 KZT; out=0/0 KZT; tx=5/0; d=1; сбор; выход 0% наблюдаемого входа,0.18030708159939904,0.0749827650116444,0.14421141086977404,0.07879486051115807,0.0,0.0,0.478296,Оборот 210200 (+0.180); связей 5 (+0.075); seed 5 (+0.144); внешних групп 3 (+0.079); 1–2д 0% (+0.000); цикл +0.00
100000001256409100,4,False,1,0,8000.0,0.0,1,0,1,0,0.0,0.0,0,0.0005438890386808794,0.0,True,True,35,False,1,1.0,peripheral,0.2,1.0,in=1/8000 KZT; out=0/0 KZT; tx=1/0; d=4; граница выгрузки; роль неизвестна,0.13222108633036048,0.029007293138962602,0.05578858913022596,0.0,0.0,0.0,0.217017,Оборот 8000 (+0.132); связей 1 (+0.029); seed 1 (+0.056); внешних групп 0 (+0.000); 1–2д 0% (+0.000); цикл +0.00
100000001262647100,2,False,1,0,23650.0,0.0,1,0,1,0,0.0,0.0,0,0.0003017426946390433,0.0,True,False,3,False,1,1.0,terminal,0.55,1.0,in=1/23650 KZT; out=0/0 KZT; tx=1/0; d=2; нет выхода в наблюдаемой выборке,0.14816647639425176,0.029007293138962602,0.05578858913022596,0.0,0.0,0.0,0.232962,Оборот 23650 (+0.148); связей 1 (+0.029); seed 1 (+0.056); внешних групп 0 (+0.000); 1–2д 0% (+0.000); цикл +0.00
100000001270349100,3,False,1,0,200000.0,0.0,1,0,1,0,0.0,0.0,0,0.0003533025267620549,0.0,True,False,41,False,1,1.0,terminal,0.55,1.0,in=1/200000 KZT; out=0/0 KZT; tx=1/0; d=3; нет выхода в наблюдаемой выборке,0.17957528168352788,0.029007293138962602,0.05578858913022596,0.0,0.0,0.0,0.264371,Оборот 200000 (+0.180); связей 1 (+0.029); seed 1 (+0.056); внешних групп 0 (+0.000); 1–2д 0% (+0.000); цикл +0.00
100000001270470100,4,False,1,0,28300.0,0.0,2,0,2,0,0.0,0.0,0,0.0004272626129212425,0.0,True,True,0,False,2,0.5,peripheral,0.2,1.0,in=1/28300 KZT; out=0/0 KZT; tx=2/0; d=4; граница выгрузки; роль неизвестна,0.15080715107553427,0.029007293138962602,0.08842282173954807,0.0,0.0,0.0,0.268237,Оборот 28300 (+0.151); связей 1 (+0.029); seed 2 (+0.088); внешних групп 0 (+0.000); 1–2д 0% (+0.000); цикл +0.00
100000001273783100,2,False,1,0,23200.0,0.0,1,0,1,0,0.0,0.0,0,0.00029501119935037017,0.0,True,False,11,False,1,1.0,terminal,0.55,1.0,in=1/23200 KZT; out=0/0 KZT; tx=1/0; d=2; нет выхода в наблюдаемой выборке,0.14788385947491403,0.029007293138962602,0.05578858913022596,0.0,0.0,0.0,0.23268,Оборот 23200 (+0.148); связей 1 (+0.029); seed 1 (+0.056); внешних групп 0 (+0.000); 1–2д 0% (+0.000); цикл +0.00
100000001275557100,4,False,1,0,20000.0,0.0,1,0,1,0,0.0,0.0,0,0.00034570375105379917,0.0,True,True,29,False,1,1.0,peripheral,0.2,1.0,in=1/20000 KZT; out=0/0 KZT; tx=1/0; d=4; граница выгрузки; роль неизвестна,0.14570041229327152,0.029007293138962602,0.05578858913022596,0.0,0.0,0.0,0.230496,Оборот 20000 (+0.146); связей 1 (+0.029); seed 1 (+0.056); внешних групп 0 (+0.000); 1–2д 0% (+0.000); цикл +0.00
100000001275752100,3,False,1,0,151500.0,0.0,1,0,1,0,0.0,0.0,0,0.0002917899264231289,0.0,True,False,4,False,1,1.0,terminal,0.55,1.0,in=1/151500 KZT; out=0/0 KZT; tx=1/0; d=3; нет выхода в наблюдаемой выборке,0.17548932796922986,0.029007293138962602,0.05578858913022596,0.0,0.0,0.0,0.260285,Оборот 151500 (+0.175); связей 1 (+0.029); seed 1 (+0.056); внешних групп 0 (+0.000); 1–2д 0% (+0.000); цикл +0.00
100000001276409100,4,False,1,0,94760.0,0.0,1,0,2,0,0.0,0.0,0,0.0003192393035817354,0.0,True,True,18,False,1,1.0,peripheral,0.2,1.0,in=1/94760 KZT; out=0/0 KZT; tx=1/0; d=4; граница выгрузки; роль неизвестна,0.1685859735210739,0.029007293138962602,0.08842282173954807,0.0,0.0,0.0,0.286016,Оборот 94760 (+0.169); связей 1 (+0.029); seed 2 (+0.088); внешних групп 0 (+0.000); 1–2д 0% (+0.000); цикл +0.00
100000001279272100,3,False,1,2,250000.0,136758.0,1,2,1,1,130000.0,0.52,1,0.0003060391858606156,0.547032,True,False,0,True,3,0.3333333333333333,peripheral,0.4,1.0,in=1/250000 KZT; out=2/136758 KZT; tx=1/2; d=3; недостаточно признаков других ролей,0.18927751374286578,0.058014586277925204,0.05578858913022596,0.039397430255579034,0.052000000000000005,0.1,0.494478,Оборот 386758 (+0.189); связей 3 (+0.058); seed 1 (+0.056); внешних групп 1 (+0.039); 1–2д 52% (+0.052); цикл +0.10
100000001279875100,2,False,1,0,49235.0,0.0,1,0,1,0,0.0,0.0,0,0.0003016251061257607,0.0,True,False,24,False,1,1.0,terminal,0.55,1.0,in=1/49235 KZT; out=0/0 KZT; tx=1/0; d=2; нет выхода в наблюдаемой выборке,0.15895357212351002,0.029007293138962602,0.05578858913022596,0.0,0.0,0.0,0.243749,Оборот 49235 (+0.159); связей 1 (+0.029); seed 1 (+0.056); внешних групп 0 (+0.000); 1–2д 0% (+0.000); цикл +0.00
100000001280798100,3,False,1,0,23785.0,0.0,1,0,1,0,0.0,0.0,0,0.0002928375688912805,0.0,True,False,18,False,1,1.0,terminal,0.55,1.0,in=1/23785 KZT; out=0/0 KZT; tx=1/0; d=3; нет выхода в наблюдаемой выборке,0.14825021353913406,0.029007293138962602,0.05578858913022596,0.0,0.0,0.0,0.233046,Оборот 23785 (+0.148); связей 1 (+0.029); seed 1 (+0.056); внешних групп 0 (+0.000); 1–2д 0% (+0.000); цикл +0.00
100000001282143100,3,False,5,0,1700000.0,0.0,6,0,5,2,0.0,0.0,0,0.000399449175161527,0.0,True,False,24,False,3,0.6666666666666666,consolidator,0.75,1.0,in=5/1700000 KZT; out=0/0 KZT; tx=6/0; d=3; сбор; выход 0% наблюдаемого входа,0.21105977678918347,0.0749827650116444,0.14421141086977404,0.062443449579869886,0.0,0.0,0.492697,Оборот 1700000 (+0.211); связей 5 (+0.075); seed 5 (+0.144); внешних групп 2 (+0.062); 1–2д 0% (+0.000); цикл +0.00
100000001285440100,3,False,2,0,243000.0,0.0,2,0,1,1,0.0,0.0,0,0.0003185998288571669,0.0,True,False,46,False,1,1.0,terminal,0.55,1.0,in=2/243000 KZT; out=0/0 KZT; tx=2/0; d=3; нет выхода в наблюдаемой выборке,0.18244033502654838,0.04597547187268181,0.05578858913022596,0.039397430255579034,0.0,0.0,0.323602,Оборот 243000 (+0.182); связей 2 (+0.046); seed 1 (+0.056); внешних групп 1 (+0.039); 1–2д 0% (+0.000); цикл +0.00
100000001286703100,4,False,1,0,20500.0,0.0,1,0,3,0,0.0,0.0,0,0.0002856967471439455,0.0,True,True,30,False,1,1.0,peripheral,0.2,1.0,in=1/20500 KZT; out=0/0 KZT; tx=1/0; d=4; граница выгрузки; роль неизвестна,0.14606367099166395,0.029007293138962602,0.11157717826045192,0.0,0.0,0.0,0.286648,Оборот 20500 (+0.146); связей 1 (+0.029); seed 3 (+0.112); внешних групп 0 (+0.000); 1–2д 0% (+0.000); цикл +0.00
100000001287955100,2,False,1,4,17520.0,310000.0,1,5,1,3,17520.0,1.0,1,0.00029232448245283945,17.69406392694064,True,False,24,False,4,0.3333333333333333,peripheral,0.4,0.6666666666666666,in=1/17520 KZT; out=4/310000 KZT; tx=1/5; d=2; недостаточно признаков других ролей,0.1868316571048683,0.0749827650116444,0.05578858913022596,0.07879486051115807,0.1,0.0,0.496398,Оборот 327520 (+0.187); связей 5 (+0.075); seed 1 (+0.056); внешних групп 3 (+0.079); 1–2д 100% (+0.100); цикл +0.00
100000001290243100,2,False,1,0,10000.0,0.0,1,0,1,0,0.0,0.0,0,0.0003181872239260883,0.0,True,False,16,False,1,1.0,terminal,0.55,1.0,in=1/10000 KZT; out=0/0 KZT; tx=1/0; d=2; нет выхода в наблюдаемой выборке,0.13550359676243048,0.029007293138962602,0.05578858913022596,0.0,0.0,0.0,0.220299,Оборот 10000 (+0.136); связей 1 (+0.029); seed 1 (+0.056); внешних групп 0 (+0.000); 1–2д 0% (+0.000); цикл +0.00
100000001297206100,4,False,1,0,6758.0,0.0,1,0,1,0,0.0,0.0,0,0.0002968919694148082,0.0,True,True,0,False,1,1.0,peripheral,0.2,1.0,in=1/6758 KZT; out=0/0 KZT; tx=1/0; d=4; граница выгрузки; роль неизвестна,0.12973930311143841,0.029007293138962602,0.05578858913022596,0.0,0.0,0.0,0.214535,Оборот 6758 (+0.130); связей 1 (+0.029); seed 1 (+0.056); внешних групп 0 (+0.000); 1–2д 0% (+0.000); цикл +0.00
100000001298099100,3,False,1,0,19000.0,0.0,1,0,1,0,0.0,0.0,0,0.00029106715236125084,0.0,True,False,18,False,1,1.0,terminal,0.55,1.0,in=1/19000 KZT; out=0/0 KZT; tx=1/0; d=3; нет выхода в наблюдаемой выборке,0.14494582629821837,0.029007293138962602,0.05578858913022596,0.0,0.0,0.0,0.229742,Оборот 19000 (+0.145); связей 1 (+0.029); seed 1 (+0.056); внешних групп 0 (+0.000); 1–2д 0% (+0.000); цикл +0.00
100000001299323100,4,False,1,0,109000.0,0.0,1,0,2,0,0.0,0.0,0,0.00029827791339033006,0.0,True,True,4,False,1,1.0,peripheral,0.2,1.0,in=1/109000 KZT; out=0/0 KZT; tx=1/0; d=4; граница выгрузки; роль неизвестна,0.17064563452845108,0.029007293138962602,0.08842282173954807,0.0,0.0,0.0,0.288076,Оборот 109000 (+0.171); связей 1 (+0.029); seed 2 (+0.088); внешних групп 0 (+0.000); 1–2д 0% (+0.000); цикл +0.00
100000001299443100,4,False,1,0,8000.0,0.0,1,0,1,0,0.0,0.0,0,0.0002882902516456419,0.0,True,True,47,False,1,1.0,peripheral,0.2,1.0,in=1/8000 KZT; out=0/0 KZT; tx=1/0; d=4; граница выгрузки; роль неизвестна,0.13222108633036048,0.029007293138962602,0.05578858913022596,0.0,0.0,0.0,0.217017,Оборот 8000 (+0.132); связей 1 (+0.029); seed 1 (+0.056); внешних групп 0 (+0.000); 1–2д 0% (+0.000); цикл +0.00
100000001299828100,4,False,1,0,100000.0,0.0,1,0,1,0,0.0,0.0,0,0.0005439723561262575,0.0,True,True,0,False,1,1.0,peripheral,0.2,1.0,in=1/100000 KZT; out=0/0 KZT; tx=1/0; d=4; граница выгрузки; роль неизвестна,0.16937780416926437,0.029007293138962602,0.05578858913022596,0.0,0.0,0.0,0.254174,Оборот 100000 (+0.169); связей 1 (+0.029); seed 1 (+0.056); внешних групп 0 (+0.000); 1–2д 0% (+0.000); цикл +0.00
100000001303311100,3,False,5,0,1324000.0,0.0,5,0,3,2,0.0,0.0,0,0.0004987325781304478,0.0,True,False,46,False,2,0.8,consolidator,0.75,1.0,in=5/1324000 KZT; out=0/0 KZT; tx=5/0; d=3; сбор; выход 0% наблюдаемого входа,0.20738221984016092,0.0749827650116444,0.11157717826045192,0.062443449579869886,0.0,0.0,0.456386,Оборот 1324000 (+0.207); связей 5 (+0.075); seed 3 (+0.112); внешних групп 2 (+0.062); 1–2д 0% (+0.000); цикл +0.00
100000001307612100,1,False,1,0,38483.0,0.0,1,0,1,0,0.0,0.0,0,0.0002920536009822872,0.0,True,False,22,False,1,1.0,terminal,0.55,1.0,in=1/38483 KZT; out=0/0 KZT; tx=1/0; d=1; нет выхода в наблюдаемой выборке,0.15532880364159363,0.029007293138962602,0.05578858913022596,0.0,0.0,0.0,0.240125,Оборот 38483 (+0.155); связей 1 (+0.029); seed 1 (+0.056); внешних групп 0 (+0.000); 1–2д 0% (+0.000); цикл +0.00
100000001308856100,2,False,1,0,27000.0,0.0,1,0,1,0,0.0,0.0,0,0.0002931382604143991,0.0,True,False,22,False,1,1.0,terminal,0.55,1.0,in=1/27000 KZT; out=0/0 KZT; tx=1/0; d=2; нет выхода в наблюдаемой выборке,0.15011534725947276,0.029007293138962602,0.05578858913022596,0.0,0.0,0.0,0.234911,Оборот 27000 (+0.150); связей 1 (+0.029); seed 1 (+0.056); внешних групп 0 (+0.000); 1–2д 0% (+0.000); цикл +0.00
100000001311175100,4,False,1,0,300000.0,0.0,1,0,1,0,0.0,0.0,0,0.0005283363577701259,0.0,True,True,24,False,1,1.0,peripheral,0.2,1.0,in=1/300000 KZT; out=0/0 KZT; tx=1/0; d=4; граница выгрузки; роль неизвестна,0.1855404421408853,0.029007293138962602,0.05578858913022596,0.0,0.0,0.0,0.270336,Оборот 300000 (+0.186); связей 1 (+0.029); seed 1 (+0.056); внешних групп 0 (+0.000); 1–2д 0% (+0.000); цикл +0.00
100000001317336100,3,False,1,2,131196.0,1752000.0,1,3,1,0,0.0,0.0,0,0.00034178886669868286,13.354065672733924,True,False,36,False,3,0.5,peripheral,0.4,1.0,in=1/131196 KZT; out=2/1752000 KZT; tx=1/3; d=3; недостаточно признаков других ролей,0.21256542819790586,0.058014586277925204,0.05578858913022596,0.0,0.0,0.0,0.326369,Оборот 1883196 (+0.213); связей 3 (+0.058); seed 1 (+0.056); внешних групп 0 (+0.000); 1–2д 0% (+0.000); цикл +0.00
100000001325618100,4,False,1,0,9300.0,0.0,1,0,1,0,0.0,0.0,0,0.0002889813586830057,0.0,True,True,47,False,1,1.0,peripheral,0.2,1.0,in=1/9300 KZT; out=0/0 KZT; tx=1/0; d=4; граница выгрузки; роль неизвестна,0.13443605061988234,0.029007293138962602,0.05578858913022596,0.0,0.0,0.0,0.219232,Оборот 9300 (+0.134); связей 1 (+0.029); seed 1 (+0.056); внешних групп 0 (+0.000); 1–2д 0% (+0.000); цикл +0.00
100000001329153100,3,False,1,0,150687.0,0.0,1,0,2,0,0.0,0.0,0,0.00029246473119177855,0.0,True,False,0,False,1,1.0,terminal,0.55,1.0,in=1/150687 KZT; out=0/0 KZT; tx=1/0; d=3; нет выхода в наблюдаемой выборке,0.17541016658757128,0.029007293138962602,0.08842282173954807,0.0,0.0,0.0,0.29284,Оборот 150687 (+0.175); связей 1 (+0.029); seed 2 (+0.088); внешних групп 0 (+0.000); 1–2д 0% (+0.000); цикл +0.00
100000001330595100,2,False,3,1,87000.0,154000.0,6,1,1,0,0.0,0.0,0,0.0006711400119333405,1.7701149425287357,True,False,34,False,6,0.2857142857142857,peripheral,0.4,1.0,in=3/87000 KZT; out=1/154000 KZT; tx=6/1; d=2; недостаточно признаков других ролей,0.18231874842070536,0.06735284889599069,0.05578858913022596,0.0,0.0,0.0,0.30546,Оборот 241000 (+0.182); связей 4 (+0.067); seed 1 (+0.056); внешних групп 0 (+0.000); 1–2д 0% (+0.000); цикл +0.00
100000001330685100,1,False,3,1,2435923.0,100500.0,7,1,3,1,0.0,0.0,0,0.00043543660010917414,0.04125746175063826,True,False,10,False,6,0.25,consolidator,0.75,0.6666666666666666,in=3/2435923 KZT; out=1/100500 KZT; tx=7/1; d=1; сбор; выход 4% наблюдаемого входа,0.2169464185686088,0.06735284889599069,0.11157717826045192,0.039397430255579034,0.0,0.0,0.435274,Оборот 2536423 (+0.217); связей 4 (+0.067); seed 3 (+0.112); внешних групп 1 (+0.039); 1–2д 0% (+0.000); цикл +0.00
100000001339466100,2,False,1,0,30000.0,0.0,1,0,3,0,0.0,0.0,0,0.00030223005403991974,0.0,True,False,2,False,1,1.0,terminal,0.55,1.0,in=1/30000 KZT; out=0/0 KZT; tx=1/0; d=2; нет выхода в наблюдаемой выборке,0.15166535208139753,0.029007293138962602,0.11157717826045192,0.0,0.0,0.0,0.29225,Оборот 30000 (+0.152); связей 1 (+0.029); seed 3 (+0.112); внешних групп 0 (+0.000); 1–2д 0% (+0.000); цикл +0.00
100000001346560100,2,False,2,1,10000.0,22200.0,2,1,8,0,5000.0,0.5,1,0.0005829775429352024,2.22,True,False,2,False,3,0.3333333333333333,peripheral,0.4,1.0,in=2/10000 KZT; out=1/22200 KZT; tx=2/1; d=2; недостаточно признаков других ролей,0.1527064700597387,0.058014586277925204,0.17684564347909615,0.0,0.05,0.0,0.437567,Оборот 32200 (+0.153); связей 3 (+0.058); seed 8 (+0.177); внешних групп 0 (+0.000); 1–2д 50% (+0.050); цикл +0.00
100000001362940100,1,False,1,0,81000.0,0.0,1,0,4,0,0.0,0.0,0,0.0003001251775001474,0.0,True,False,2,False,1,1.0,terminal,0.55,1.0,in=1/81000 KZT; out=0/0 KZT; tx=1/0; d=1; нет выхода в наблюдаемой выборке,0.16627772006093625,0.029007293138962602,0.12953709247559939,0.0,0.0,0.0,0.324822,Оборот 81000 (+0.166); связей 1 (+0.029); seed 4 (+0.130); внешних групп 0 (+0.000); 1–2д 0% (+0.000); цикл +0.00
100000001363952100,1,False,2,1,196655.0,91000.0,2,2,1,1,0.0,0.0,0,0.0003054044743463438,0.4627393150441128,True,False,8,False,3,0.5,peripheral,0.4,1.0,in=2/196655 KZT; out=1/91000 KZT; tx=2/2; d=1; недостаточно признаков других ролей,0.18492223858141732,0.058014586277925204,0.05578858913022596,0.039397430255579034,0.0,0.0,0.338123,Оборот 287655 (+0.185); связей 3 (+0.058); seed 1 (+0.056); внешних групп 1 (+0.039); 1–2д 0% (+0.000); цикл +0.00
100000001373265100,3,False,1,1,142482.0,5000.0,1,1,1,0,0.0,0.0,0,0.0003127981097796163,0.0350921519911287,True,False,8,False,2,0.5,peripheral,0.4,1.0,in=1/142482 KZT; out=1/5000 KZT; tx=1/1; d=3; недостаточно признаков других ролей,0.17509388072333093,0.04597547187268181,0.05578858913022596,0.0,0.0,0.0,0.276858,Оборот 147482 (+0.175); связей 2 (+0.046); seed 1 (+0.056); внешних групп 0 (+0.000); 1–2д 0% (+0.000); цикл +0.00
100000001378288100,4,False,1,0,268000.0,0.0,3,0,1,0,0.0,0.0,0,0.0005202988518498536,0.0,True,True,8,False,3,0.3333333333333333,peripheral,0.2,1.0,in=1/268000 KZT; out=0/0 KZT; tx=3/0; d=4; граница выгрузки; роль неизвестна,0.18388100560856693,0.029007293138962602,0.05578858913022596,0.0,0.0,0.0,0.268677,Оборот 268000 (+0.184); связей 1 (+0.029); seed 1 (+0.056); внешних групп 0 (+0.000); 1–2д 0% (+0.000); цикл +0.00
100000001379511100,3,False,1,0,55000.0,0.0,1,0,1,0,0.0,0.0,0,0.00030561180086280274,0.0,True,False,4,False,1,1.0,terminal,0.55,1.0,in=1/55000 KZT; out=0/0 KZT; tx=1/0; d=3; нет выхода в наблюдаемой выборке,0.16058257267085202,0.029007293138962602,0.05578858913022596,0.0,0.0,0.0,0.245378,Оборот 55000 (+0.161); связей 1 (+0.029); seed 1 (+0.056); внешних групп 0 (+0.000); 1–2д 0% (+0.000); цикл +0.00
100000001380054100,1,False,2,3,127050.0,360000.0,2,4,1,0,0.0,0.0,0,0.0007111850674503869,2.833530106257379,True,False,27,True,4,0.5,peripheral,0.4,1.0,in=2/127050 KZT; out=3/360000 KZT; tx=2/4; d=1; недостаточно признаков других ролей,0.19266960656789603,0.0749827650116444,0.05578858913022596,0.0,0.0,0.1,0.423441,Оборот 487050 (+0.193); связей 5 (+0.075); seed 1 (+0.056); внешних групп 0 (+0.000); 1–2д 0% (+0.000); цикл +0.10
100000001380107100,3,False,1,0,6000.0,0.0,1,0,2,0,0.0,0.0,0,0.00028937703777621597,0.0,True,False,31,False,1,1.0,terminal,0.55,1.0,in=1/6000 KZT; out=0/0 KZT; tx=1/0; d=3; нет выхода в наблюдаемой выборке,0.12798933314284874,0.029007293138962602,0.08842282173954807,0.0,0.0,0.0,0.245419,Оборот 6000 (+0.128); связей 1 (+0.029); seed 2 (+0.088); внешних групп 0 (+0.000); 1–2д 0% (+0.000); цикл +0.00
100000001380986100,2,False,1,0,70170.0,0.0,1,0,1,0,0.0,0.0,0,0.0002905961436207173,0.0,True,False,4,False,1,1.0,terminal,0.55,1.0,in=1/70170 KZT; out=0/0 KZT; tx=1/0; d=2; нет выхода в наблюдаемой выборке,0.16416616622132568,0.029007293138962602,0.05578858913022596,0.0,0.0,0.0,0.248962,Оборот 70170 (+0.164); связей 1 (+0.029); seed 1 (+0.056); внешних групп 0 (+0.000); 1–2д 0% (+0.000); цикл +0.00
100000001382002100,2,False,1,1,55000.0,56500.0,2,3,1,0,0.0,0.0,0,0.0006580610275570293,1.0272727272727273,True,False,0,True,5,0.2,peripheral,0.4,1.0,in=1/55000 KZT; out=1/56500 KZT; tx=2/3; d=2; недостаточно признаков других ролей,0.1709792502506221,0.04597547187268181,0.05578858913022596,0.0,0.0,0.1,0.372743,Оборот 111500 (+0.171); связей 2 (+0.046); seed 1 (+0.056); внешних групп 0 (+0.000); 1–2д 0% (+0.000); цикл +0.10
100000001384826100,3,False,1,1,364260.0,10000.0,1,1,3,0,0.0,0.0,0,0.0002957448596327614,0.027452918245209467,True,False,10,False,2,0.5,peripheral,0.4,1.0,in=1/364260 KZT; out=1/10000 KZT; tx=1/1; d=3; недостаточно признаков других ролей,0.18879425032398586,0.04597547187268181,0.11157717826045192,0.0,0.0,0.0,0.346347,Оборот 374260 (+0.189); связей 2 (+0.046); seed 3 (+0.112); внешних групп 0 (+0.000); 1–2д 0% (+0.000); цикл +0.00
100000001386612100,2,False,1,0,62264.0,0.0,1,0,3,0,0.0,0.0,0,0.0004309681871908695,0.0,True,False,49,False,1,1.0,terminal,0.55,1.0,in=1/62264 KZT; out=0/0 KZT; tx=1/0; d=2; нет выхода в наблюдаемой выборке,0.16240756295332692,0.029007293138962602,0.11157717826045192,0.0,0.0,0.0,0.302992,Оборот 62264 (+0.162); связей 1 (+0.029); seed 3 (+0.112); внешних групп 0 (+0.000); 1–2д 0% (+0.000); цикл +0.00
100000001389255100,1,False,1,0,16136.0,0.0,1,0,1,0,0.0,0.0,0,0.0002873985427122904,0.0,True,False,22,False,1,1.0,terminal,0.55,1.0,in=1/16136 KZT; out=0/0 KZT; tx=1/0; d=1; нет выхода в наблюдаемой выборке,0.1425422333956569,0.029007293138962602,0.05578858913022596,0.0,0.0,0.0,0.227338,Оборот 16136 (+0.143); связей 1 (+0.029); seed 1 (+0.056); внешних групп 0 (+0.000); 1–2д 0% (+0.000); цикл +0.00
100000001411870100,1,False,2,0,900000.0,0.0,4,0,2,0,0.0,0.0,0,0.0004752113493725458,0.0,True,False,41,False,2,0.75,terminal,0.55,1.0,in=2/900000 KZT; out=0/0 KZT; tx=4/0; d=1; нет выхода в наблюдаемой выборке,0.20170314549839777,0.04597547187268181,0.08842282173954807,0.0,0.0,0.0,0.336101,Оборот 900000 (+0.202); связей 2 (+0.046); seed 2 (+0.088); внешних групп 0 (+0.000); 1–2д 0% (+0.000); цикл +0.00
100000001415126100,0,True,1,0,27000.0,0.0,1,0,2,0,0.0,0.0,0,0.00040717930064372544,0.0,True,False,49,False,1,1.0,peripheral,0.4,1.0,in=1/27000 KZT; out=0/0 KZT; tx=1/0; d=0; недостаточно признаков других ролей,0.15011534725947276,0.029007293138962602,0.08842282173954807,0.0,0.0,0.0,0.267545,Оборот 27000 (+0.150); связей 1 (+0.029); seed 2 (+0.088); внешних групп 0 (+0.000); 1–2д 0% (+0.000); цикл +0.00
100000001418900100,2,False,1,0,40140.0,0.0,2,0,1,0,0.0,0.0,0,0.0002975674016552993,0.0,True,False,22,False,2,0.5,terminal,0.55,1.0,in=1/40140 KZT; out=0/0 KZT; tx=2/0; d=2; нет выхода в наблюдаемой выборке,0.1559489962451192,0.029007293138962602,0.05578858913022596,0.0,0.0,0.0,0.240745,Оборот 40140 (+0.156); связей 1 (+0.029); seed 1 (+0.056); внешних групп 0 (+0.000); 1–2д 0% (+0.000); цикл +0.00
100000001420847100,2,False,1,0,20000.0,0.0,2,0,1,0,0.0,0.0,0,0.00030118034372114135,0.0,True,False,43,False,2,0.5,terminal,0.55,1.0,in=1/20000 KZT; out=0/0 KZT; tx=2/0; d=2; нет выхода в наблюдаемой выборке,0.14570041229327152,0.029007293138962602,0.05578858913022596,0.0,0.0,0.0,0.230496,Оборот 20000 (+0.146); связей 1 (+0.029); seed 1 (+0.056); внешних групп 0 (+0.000); 1–2д 0% (+0.000); цикл +0.00
100000001427082100,3,False,1,5,5000.0,124900.0,1,6,2,1,0.0,0.0,0,0.0004366539352720272,24.98,True,False,32,False,7,0.14285714285714285,distributor,0.8,0.6666666666666666,in=1/5000 KZT; out=5/124900 KZT; tx=1/6; d=3; рассылка многим получателям,0.17322634067166323,0.08143376716923444,0.08842282173954807,0.039397430255579034,0.0,0.0,0.38248,Оборот 129900 (+0.173); связей 6 (+0.081); seed 2 (+0.088); внешних групп 1 (+0.039); 1–2д 0% (+0.000); цикл +0.00
100000001429930100,0,True,1,0,26000.0,0.0,1,0,2,0,0.0,0.0,0,0.0003487902736462197,0.0,True,False,12,False,1,1.0,peripheral,0.4,1.0,in=1/26000 KZT; out=0/0 KZT; tx=1/0; d=0; недостаточно признаков других ролей,0.1495601341574777,0.029007293138962602,0.08842282173954807,0.0,0.0,0.0,0.26699,Оборот 26000 (+0.150); связей 1 (+0.029); seed 2 (+0.088); внешних групп 0 (+0.000); 1–2д 0% (+0.000); цикл +0.00
100000001439416100,3,False,1,2,10000.0,165000.0,1,3,1,0,0.0,0.0,0,0.000341106181799598,16.5,True,False,0,True,4,0.25,peripheral,0.4,1.0,in=1/10000 KZT; out=2/165000 KZT; tx=1/3; d=3; недостаточно признаков других ролей,0.1776107841706371,0.058014586277925204,0.05578858913022596,0.0,0.0,0.1,0.391414,Оборот 175000 (+0.178); связей 3 (+0.058); seed 1 (+0.056); внешних групп 0 (+0.000); 1–2д 0% (+0.000); цикл +0.10
100000001445848100,3,False,1,1,546000.0,351850.0,13,14,1,0,186500.0,0.3415750915750916,8,0.0006963650369430017,0.6444139194139195,True,False,38,True,19,0.1111111111111111,peripheral,0.4,1.0,in=1/546000 KZT; out=1/351850 KZT; tx=13/14; d=3; недостаточно признаков других ролей,0.2016679582624531,0.04597547187268181,0.05578858913022596,0.0,0.03415750915750916,0.1,0.43759,Оборот 897850 (+0.202); связей 2 (+0.046); seed 1 (+0.056); внешних групп 0 (+0.000); 1–2д 34% (+0.034); цикл +0.10
100000001463701100,1,False,2,0,621000.0,0.0,2,0,5,0,0.0,0.0,0,0.0005688588808238067,0.0,True,False,11,False,1,1.0,terminal,0.55,1.0,in=2/621000 KZT; out=0/0 KZT; tx=2/0; d=1; нет выхода в наблюдаемой выборке,0.19624408015402633,0.04597547187268181,0.14421141086977404,0.0,0.0,0.0,0.386431,Оборот 621000 (+0.196); связей 2 (+0.046); seed 5 (+0.144); внешних групп 0 (+0.000); 1–2д 0% (+0.000); цикл +0.00
100000001471706100,4,False,1,0,377000.0,0.0,8,0,1,0,0.0,0.0,0,0.0005369136656115084,0.0,True,True,49,False,7,0.25,peripheral,0.2,1.0,in=1/377000 KZT; out=0/0 KZT; tx=8/0; d=4; граница выгрузки; роль неизвестна,0.18890156558596993,0.029007293138962602,0.05578858913022596,0.0,0.0,0.0,0.273697,Оборот 377000 (+0.189); связей 1 (+0.029); seed 1 (+0.056); внешних групп 0 (+0.000); 1–2д 0% (+0.000); цикл +0.00
100000001477796100,1,False,1,0,182000.0,0.0,1,0,1,0,0.0,0.0,0,0.0003288357437735709,0.0,True,False,2,False,1,1.0,terminal,0.55,1.0,in=1/182000 KZT; out=0/0 KZT; tx=1/0; d=1; нет выхода в наблюдаемой выборке,0.17818779435769272,0.029007293138962602,0.05578858913022596,0.0,0.0,0.0,0.262984,Оборот 182000 (+0.178); связей 1 (+0.029); seed 1 (+0.056); внешних групп 0 (+0.000); 1–2д 0% (+0.000); цикл +0.00
100000001484381100,3,False,2,0,95585.0,0.0,4,0,2,0,0.0,0.0,0,0.0003195102674493929,0.0,True,False,18,False,3,0.5,terminal,0.55,1.0,in=2/95585 KZT; out=0/0 KZT; tx=4/0; d=3; нет выхода в наблюдаемой выборке,0.16871350313804942,0.04597547187268181,0.08842282173954807,0.0,0.0,0.0,0.303112,Оборот 95585 (+0.169); связей 2 (+0.046); seed 2 (+0.088); внешних групп 0 (+0.000); 1–2д 0% (+0.000); цикл +0.00
100000001490461100,2,False,1,1,20000.0,5000.0,1,1,2,0,0.0,0.0,0,0.000319216406140698,0.25,True,False,18,False,2,0.5,peripheral,0.4,1.0,in=1/20000 KZT; out=1/5000 KZT; tx=1/1; d=2; недостаточно признаков других ролей,0.14898314336993435,0.04597547187268181,0.08842282173954807,0.0,0.0,0.0,0.283381,Оборот 25000 (+0.149); связей 2 (+0.046); seed 2 (+0.088); внешних групп 0 (+0.000); 1–2д 0% (+0.000); цикл +0.00
100000001498732100,4,False,1,0,5500.0,0.0,1,0,1,0,0.0,0.0,0,0.00028785250420255813,0.0,True,True,4,False,1,1.0,peripheral,0.2,1.0,in=1/5500 KZT; out=0/0 KZT; tx=1/0; d=4; граница выгрузки; роль неизвестна,0.12670944843109427,0.029007293138962602,0.05578858913022596,0.0,0.0,0.0,0.211505,Оборот 5500 (+0.127); связей 1 (+0.029); seed 1 (+0.056); внешних групп 0 (+0.000); 1–2д 0% (+0.000); цикл +0.00
100000001524952100,1,False,1,0,103807.0,0.0,1,0,1,0,0.0,0.0,0,0.00030336491599788256,0.0,True,False,0,False,1,1.0,terminal,0.55,1.0,in=1/103807 KZT; out=0/0 KZT; tx=1/0; d=1; нет выхода в наблюдаемой выборке,0.1699274848338843,0.029007293138962602,0.05578858913022596,0.0,0.0,0.0,0.254723,Оборот 103807 (+0.170); связей 1 (+0.029); seed 1 (+0.056); внешних групп 0 (+0.000); 1–2д 0% (+0.000); цикл +0.00
100000001526235100,2,False,3,8,82000.0,432750.0,4,9,1,0,39500.0,0.4817073170731707,2,0.0008722876447176361,5.277439024390244,True,False,13,True,11,0.15384615384615385,distributor,0.8,1.0,in=3/82000 KZT; out=8/432750 KZT; tx=4/9; d=2; рассылка многим получателям,0.19348339031612063,0.10399005815060701,0.05578858913022596,0.0,0.048170731707317074,0.1,0.501433,Оборот 514750 (+0.193); связей 11 (+0.104); seed 1 (+0.056); внешних групп 0 (+0.000); 1–2д 48% (+0.048); цикл +0.10
100000001527186100,1,False,1,0,678000.0,0.0,2,0,4,0,0.0,0.0,0,0.000418698901774899,0.0,True,False,2,False,1,1.0,terminal,0.55,1.0,in=1/678000 KZT; out=0/0 KZT; tx=2/0; d=1; нет выхода в наблюдаемой выборке,0.19753602635306194,0.029007293138962602,0.12953709247559939,0.0,0.0,0.0,0.35608,Оборот 678000 (+0.198); связей 1 (+0.029); seed 4 (+0.130); внешних групп 0 (+0.000); 1–2д 0% (+0.000); цикл +0.00
100000001530709100,3,False,1,0,53961.0,0.0,1,0,2,0,0.0,0.0,0,0.0002870551528272423,0.0,True,False,0,False,1,1.0,terminal,0.55,1.0,in=1/53961 KZT; out=0/0 KZT; tx=1/0; d=3; нет выхода в наблюдаемой выборке,0.16030199695322048,0.029007293138962602,0.08842282173954807,0.0,0.0,0.0,0.277732,Оборот 53961 (+0.160); связей 1 (+0.029); seed 2 (+0.088); внешних групп 0 (+0.000); 1–2д 0% (+0.000); цикл +0.00
100000001530740100,2,False,1,0,15000.0,0.0,1,0,1,0,0.0,0.0,0,0.0005266932700984946,0.0,True,False,16,False,1,1.0,terminal,0.55,1.0,in=1/15000 KZT; out=0/0 KZT; tx=1/0; d=2; нет выхода в наблюдаемой выборке,0.14146829138193068,0.029007293138962602,0.05578858913022596,0.0,0.0,0.0,0.226264,Оборот 15000 (+0.141); связей 1 (+0.029); seed 1 (+0.056); внешних групп 0 (+0.000); 1–2д 0% (+0.000); цикл +0.00
100000001530983100,1,False,4,11,564158.0,1829538.0,4,17,5,3,46290.0,0.08205148203162943,2,0.000354074176100755,3.24295321523403,True,False,16,False,12,0.23809523809523808,distributor,0.8,0.6666666666666666,in=4/564158 KZT; out=11/1829538 KZT; tx=4/17; d=1; рассылка многим получателям,0.2160943582216181,0.11602917255585041,0.14421141086977404,0.07879486051115807,0.008205148203162944,0.0,0.563335,Оборот 2393696 (+0.216); связей 15 (+0.116); seed 5 (+0.144); внешних групп 3 (+0.079); 1–2д 8% (+0.008); цикл +0.00
100000001533161100,4,False,1,0,100000.0,0.0,1,0,1,0,0.0,0.0,0,0.0003225458769730881,0.0,True,True,50,False,1,1.0,peripheral,0.2,1.0,in=1/100000 KZT; out=0/0 KZT; tx=1/0; d=4; граница выгрузки; роль неизвестна,0.16937780416926437,0.029007293138962602,0.05578858913022596,0.0,0.0,0.0,0.254174,Оборот 100000 (+0.169); связей 1 (+0.029); seed 1 (+0.056); внешних групп 0 (+0.000); 1–2д 0% (+0.000); цикл +0.00
100000001534244100,3,False,2,1,366000.0,45000.0,2,1,2,0,0.0,0.0,0,0.00033968084103426944,0.12295081967213115,True,False,4,False,2,0.6666666666666666,peripheral,0.4,1.0,in=2/366000 KZT; out=1/45000 KZT; tx=2/1; d=3; недостаточно признаков других ролей,0.190171910763695,0.058014586277925204,0.08842282173954807,0.0,0.0,0.0,0.336609,Оборот 411000 (+0.190); связей 3 (+0.058); seed 2 (+0.088); внешних групп 0 (+0.000); 1–2д 0% (+0.000); цикл +0.00
100000001537524100,4,False,1,0,150000.0,0.0,1,0,1,0,0.0,0.0,0,0.00029705418490912506,0.0,True,True,24,False,1,1.0,peripheral,0.2,1.0,in=1/150000 KZT; out=0/0 KZT; tx=1/0; d=4; граница выгрузки; роль неизвестна,0.17534294010700102,0.029007293138962602,0.05578858913022596,0.0,0.0,0.0,0.260139,Оборот 150000 (+0.175); связей 1 (+0.029); seed 1 (+0.056); внешних групп 0 (+0.000); 1–2д 0% (+0.000); цикл +0.00
100000001538095100,3,False,2,0,280000.0,0.0,2,0,3,1,0.0,0.0,0,0.00032830917834817037,0.0,True,False,24,False,1,1.0,terminal,0.55,1.0,in=2/280000 KZT; out=0/0 KZT; tx=2/0; d=3; нет выхода в наблюдаемой выборке,0.18452542552904994,0.04597547187268181,0.11157717826045192,0.039397430255579034,0.0,0.0,0.381476,Оборот 280000 (+0.185); связей 2 (+0.046); seed 3 (+0.112); внешних групп 1 (+0.039); 1–2д 0% (+0.000); цикл +0.00
100000001541418100,2,False,2,0,96900.0,0.0,2,0,2,1,0.0,0.0,0,0.00030192182875407375,0.0,True,False,4,False,2,0.5,terminal,0.55,1.0,in=2/96900 KZT; out=0/0 KZT; tx=2/0; d=2; нет выхода в наблюдаемой выборке,0.1689145195557398,0.04597547187268181,0.08842282173954807,0.039397430255579034,0.0,0.0,0.34271,Оборот 96900 (+0.169); связей 2 (+0.046); seed 2 (+0.088); внешних групп 1 (+0.039); 1–2д 0% (+0.000); цикл +0.00
100000001549194100,3,False,1,0,46500.0,0.0,1,0,1,0,0.0,0.0,0,0.00029713560624447787,0.0,True,False,40,False,1,1.0,terminal,0.55,1.0,in=1/46500 KZT; out=0/0 KZT; tx=1/0; d=3; нет выхода в наблюдаемой выборке,0.15811276549348457,0.029007293138962602,0.05578858913022596,0.0,0.0,0.0,0.242909,Оборот 46500 (+0.158); связей 1 (+0.029); seed 1 (+0.056); внешних групп 0 (+0.000); 1–2д 0% (+0.000); цикл +0.00
100000001550388100,1,False,1,0,50000.0,0.0,1,0,1,0,0.0,0.0,0,0.00029334669153312655,0.0,True,False,0,False,1,1.0,terminal,0.55,1.0,in=1/50000 KZT; out=0/0 KZT; tx=1/0; d=1; нет выхода в наблюдаемой выборке,0.1591804002131276,0.029007293138962602,0.05578858913022596,0.0,0.0,0.0,0.243976,Оборот 50000 (+0.159); связей 1 (+0.029); seed 1 (+0.056); внешних групп 0 (+0.000); 1–2д 0% (+0.000); цикл +0.00
100000001550419100,3,False,1,0,23000.0,0.0,1,0,1,0,0.0,0.0,0,0.0002905160246726195,0.0,True,False,40,False,1,1.0,terminal,0.55,1.0,in=1/23000 KZT; out=0/0 KZT; tx=1/0; d=3; нет выхода в наблюдаемой выборке,0.14775648794763754,0.029007293138962602,0.05578858913022596,0.0,0.0,0.0,0.232552,Оборот 23000 (+0.148); связей 1 (+0.029); seed 1 (+0.056); внешних групп 0 (+0.000); 1–2д 0% (+0.000); цикл +0.00
100000001554432100,1,False,1,0,53920.0,0.0,1,0,4,0,0.0,0.0,0,0.00029474665747776833,0.0,True,False,2,False,1,1.0,terminal,0.55,1.0,in=1/53920 KZT; out=0/0 KZT; tx=1/0; d=1; нет выхода в наблюдаемой выборке,0.16029081464942987,0.029007293138962602,0.12953709247559939,0.0,0.0,0.0,0.318835,Оборот 53920 (+0.160); связей 1 (+0.029); seed 4 (+0.130); внешних групп 0 (+0.000); 1–2д 0% (+0.000); цикл +0.00
100000001557930100,2,False,1,0,34610.0,0.0,1,0,1,0,0.0,0.0,0,0.0002905527998066889,0.0,True,False,41,False,1,1.0,terminal,0.55,1.0,in=1/34610 KZT; out=0/0 KZT; tx=1/0; d=2; нет выхода в наблюдаемой выборке,0.1537682914256617,0.029007293138962602,0.05578858913022596,0.0,0.0,0.0,0.238564,Оборот 34610 (+0.154); связей 1 (+0.029); seed 1 (+0.056); внешних групп 0 (+0.000); 1–2д 0% (+0.000); цикл +0.00
100000001567366100,1,False,1,0,824070.0,0.0,4,0,2,0,0.0,0.0,0,0.0003720568802777118,0.0,True,False,16,False,4,0.25,terminal,0.55,1.0,in=1/824070 KZT; out=0/0 KZT; tx=4/0; d=1; нет выхода в наблюдаемой выборке,0.2004064456814591,0.029007293138962602,0.08842282173954807,0.0,0.0,0.0,0.317837,Оборот 824070 (+0.200); связей 1 (+0.029); seed 2 (+0.088); внешних групп 0 (+0.000); 1–2д 0% (+0.000); цикл +0.00
100000001578517100,2,False,1,0,30000.0,0.0,1,0,4,0,0.0,0.0,0,0.00028897235165066987,0.0,True,False,16,False,1,1.0,terminal,0.55,1.0,in=1/30000 KZT; out=0/0 KZT; tx=1/0; d=2; нет выхода в наблюдаемой выборке,0.15166535208139753,0.029007293138962602,0.12953709247559939,0.0,0.0,0.0,0.31021,Оборот 30000 (+0.152); связей 1 (+0.029); seed 4 (+0.130); внешних групп 0 (+0.000); 1–2д 0% (+0.000); цикл +0.00
100000001584286100,2,False,2,0,738699.0,0.0,3,0,5,1,0.0,0.0,0,0.00032662083881399316,0.0,True,False,24,False,2,0.6666666666666666,terminal,0.55,1.0,in=2/738699 KZT; out=0/0 KZT; tx=3/0; d=2; нет выхода в наблюдаемой выборке,0.19879747541748055,0.04597547187268181,0.14421141086977404,0.039397430255579034,0.0,0.0,0.428382,Оборот 738699 (+0.199); связей 2 (+0.046); seed 5 (+0.144); внешних групп 1 (+0.039); 1–2д 0% (+0.000); цикл +0.00
100000001590795100,4,False,1,0,5060.0,0.0,1,0,1,0,0.0,0.0,0,0.0002867272864996037,0.0,True,True,47,False,1,1.0,peripheral,0.2,1.0,in=1/5060 KZT; out=0/0 KZT; tx=1/0; d=4; граница выгрузки; роль неизвестна,0.12548297439489042,0.029007293138962602,0.05578858913022596,0.0,0.0,0.0,0.210279,Оборот 5060 (+0.125); связей 1 (+0.029); seed 1 (+0.056); внешних групп 0 (+0.000); 1–2д 0% (+0.000); цикл +0.00
100000001597424100,3,False,1,0,48100.0,0.0,1,0,1,0,0.0,0.0,0,0.0002975863011600087,0.0,True,False,40,False,1,1.0,terminal,0.55,1.0,in=1/48100 KZT; out=0/0 KZT; tx=1/0; d=3; нет выхода в наблюдаемой выборке,0.15861045845998645,0.029007293138962602,0.05578858913022596,0.0,0.0,0.0,0.243406,Оборот 48100 (+0.159); связей 1 (+0.029); seed 1 (+0.056); внешних групп 0 (+0.000); 1–2д 0% (+0.000); цикл +0.00
100000001597505100,2,False,1,1,26460.0,12920.0,1,1,1,1,0.0,0.0,0,0.00031302295989137877,0.48828420256991684,True,False,42,False,2,0.5,peripheral,0.4,1.0,in=1/26460 KZT; out=1/12920 KZT; tx=1/1; d=2; недостаточно признаков других ролей,0.15566778029796688,0.04597547187268181,0.05578858913022596,0.039397430255579034,0.0,0.0,0.296829,Оборот 39380 (+0.156); связей 2 (+0.046); seed 1 (+0.056); внешних групп 1 (+0.039); 1–2д 0% (+0.000); цикл +0.00
100000001598625100,4,False,1,0,25000.0,0.0,1,0,1,0,0.0,0.0,0,0.00042634752850913694,0.0,True,True,8,False,1,1.0,peripheral,0.2,1.0,in=1/25000 KZT; out=0/0 KZT; tx=1/0; d=4; граница выгрузки; роль неизвестна,0.14898314336993435,0.029007293138962602,0.05578858913022596,0.0,0.0,0.0,0.233779,Оборот 25000 (+0.149); связей 1 (+0.029); seed 1 (+0.056); внешних групп 0 (+0.000); 1–2д 0% (+0.000); цикл +0.00
100000001600934100,3,False,1,1,180300.0,11000.0,2,1,1,0,0.0,0.0,0,0.002510221232320705,0.06100942872989462,True,False,8,True,3,0.3333333333333333,peripheral,0.4,1.0,in=1/180300 KZT; out=1/11000 KZT; tx=2/1; d=3; недостаточно признаков других ролей,0.17892097827124287,0.04597547187268181,0.05578858913022596,0.0,0.0,0.1,0.380685,Оборот 191300 (+0.179); связей 2 (+0.046); seed 1 (+0.056); внешних групп 0 (+0.000); 1–2д 0% (+0.000); цикл +0.10
100000001601320100,2,False,2,1,43500.0,46200.0,2,1,1,0,0.0,0.0,0,0.0008063299390892833,1.0620689655172413,True,False,1,False,3,0.3333333333333333,peripheral,0.4,1.0,in=2/43500 KZT; out=1/46200 KZT; tx=2/1; d=2; недостаточно признаков других ролей,0.16777863998396023,0.058014586277925204,0.05578858913022596,0.0,0.0,0.0,0.281582,Оборот 89700 (+0.168); связей 3 (+0.058); seed 1 (+0.056); внешних групп 0 (+0.000); 1–2д 0% (+0.000); цикл +0.00
100000001609499100,1,False,3,2,263113.0,21000.0,3,2,2,1,10000.0,0.03800648390615439,1,0.00031911054162720744,0.07981361620292422,True,False,0,True,5,0.2,peripheral,0.4,1.0,in=3/263113 KZT; out=2/21000 KZT; tx=3/2; d=1; недостаточно признаков других ролей,0.1847399610361364,0.0749827650116444,0.08842282173954807,0.039397430255579034,0.003800648390615439,0.1,0.491344,Оборот 284113 (+0.185); связей 5 (+0.075); seed 2 (+0.088); внешних групп 1 (+0.039); 1–2д 4% (+0.004); цикл +0.10
100000001611488100,3,False,2,0,779300.0,0.0,3,0,3,0,0.0,0.0,0,0.0008715936756150544,0.0,True,False,10,False,3,0.3333333333333333,terminal,0.55,1.0,in=2/779300 KZT; out=0/0 KZT; tx=3/0; d=3; нет выхода в наблюдаемой выборке,0.19958464569731105,0.04597547187268181,0.11157717826045192,0.0,0.0,0.0,0.357137,Оборот 779300 (+0.200); связей 2 (+0.046); seed 3 (+0.112); внешних групп 0 (+0.000); 1–2д 0% (+0.000); цикл +0.00
100000001616816100,0,True,5,3,176195.0,181326.0,12,10,7,3,81760.0,0.4640313289253384,5,0.002411939355628437,1.0291211441868384,True,False,41,True,12,0.13636363636363635,peripheral,0.4,1.0,in=5/176195 KZT; out=3/181326 KZT; tx=12/10; d=0; недостаточно признаков других ролей,0.1881210824531075,0.09195094374536363,0.1673657673906779,0.07879486051115807,0.0,0.1,0.626233,Оборот 357521 (+0.188); связей 8 (+0.092); seed 7 (+0.167); внешних групп 3 (+0.079); 1–2д 46% (+0.000); цикл +0.10
100000001632325100,3,False,1,0,85600.0,0.0,3,0,1,0,0.0,0.0,0,0.00029729964622391043,0.0,True,False,22,False,2,0.6666666666666666,terminal,0.55,1.0,in=1/85600 KZT; out=0/0 KZT; tx=3/0; d=3; нет выхода в наблюдаемой выборке,0.16709034181239749,0.029007293138962602,0.05578858913022596,0.0,0.0,0.0,0.251886,Оборот 85600 (+0.167); связей 1 (+0.029); seed 1 (+0.056); внешних групп 0 (+0.000); 1–2д 0% (+0.000); цикл +0.00
100000001633685100,2,False,3,0,45000.0,0.0,3,0,3,0,0.0,0.0,0,0.00030451845618673995,0.0,True,False,0,False,3,0.3333333333333333,consolidator,0.75,0.6666666666666666,in=3/45000 KZT; out=0/0 KZT; tx=3/0; d=2; сбор; выход 0% наблюдаемого входа,0.15763037359693888,0.058014586277925204,0.11157717826045192,0.0,0.0,0.0,0.327222,Оборот 45000 (+0.158); связей 3 (+0.058); seed 3 (+0.112); внешних групп 0 (+0.000); 1–2д 0% (+0.000); цикл +0.00
100000001637376100,3,False,1,1,116700.0,234250.0,1,2,3,0,0.0,0.0,0,0.000287788105909434,2.0072836332476434,True,False,10,False,2,0.6666666666666666,peripheral,0.4,1.0,in=1/116700 KZT; out=1/234250 KZT; tx=1/2; d=3; недостаточно признаков других ролей,0.18784817145317428,0.04597547187268181,0.11157717826045192,0.0,0.0,0.0,0.345401,Оборот 350950 (+0.188); связей 2 (+0.046); seed 3 (+0.112); внешних групп 0 (+0.000); 1–2д 0% (+0.000); цикл +0.00
100000001639766100,3,False,1,0,20000.0,0.0,1,0,1,0,0.0,0.0,0,0.0006471818231018613,0.0,True,False,41,False,1,1.0,terminal,0.55,1.0,in=1/20000 KZT; out=0/0 KZT; tx=1/0; d=3; нет выхода в наблюдаемой выборке,0.14570041229327152,0.029007293138962602,0.05578858913022596,0.0,0.0,0.0,0.230496,Оборот 20000 (+0.146); связей 1 (+0.029); seed 1 (+0.056); внешних групп 0 (+0.000); 1–2д 0% (+0.000); цикл +0.00
100000001641789100,1,False,1,0,17826.0,0.0,1,0,5,0,0.0,0.0,0,0.0004855855812169443,0.0,True,False,41,False,1,1.0,terminal,0.55,1.0,in=1/17826 KZT; out=0/0 KZT; tx=1/0; d=1; нет выхода в наблюдаемой выборке,0.14400753527526705,0.029007293138962602,0.14421141086977404,0.0,0.0,0.0,0.317226,Оборот 17826 (+0.144); связей 1 (+0.029); seed 5 (+0.144); внешних групп 0 (+0.000); 1–2д 0% (+0.000); цикл +0.00
100000001641951100,2,False,1,0,25000.0,0.0,4,0,8,0,0.0,0.0,0,0.00031727923045967875,0.0,True,False,2,False,4,0.25,terminal,0.55,1.0,in=1/25000 KZT; out=0/0 KZT; tx=4/0; d=2; нет выхода в наблюдаемой выборке,0.14898314336993435,0.029007293138962602,0.17684564347909615,0.0,0.0,0.0,0.354836,Оборот 25000 (+0.149); связей 1 (+0.029); seed 8 (+0.177); внешних групп 0 (+0.000); 1–2д 0% (+0.000); цикл +0.00
100000001648936100,2,False,1,0,92740.0,0.0,1,0,1,0,0.0,0.0,0,0.00030149607806414754,0.0,True,False,41,False,1,1.0,terminal,0.55,1.0,in=1/92740 KZT; out=0/0 KZT; tx=1/0; d=2; нет выхода в наблюдаемой выборке,0.16826897101815036,0.029007293138962602,0.05578858913022596,0.0,0.0,0.0,0.253065,Оборот 92740 (+0.168); связей 1 (+0.029); seed 1 (+0.056); внешних групп 0 (+0.000); 1–2д 0% (+0.000); цикл +0.00
100000001650895100,3,False,1,1,153500.0,10000.0,1,1,1,0,0.0,0.0,0,0.000307581222304889,0.06514657980456026,True,False,18,False,2,0.5,peripheral,0.4,1.0,in=1/153500 KZT; out=1/10000 KZT; tx=1/1; d=3; недостаточно признаков других ролей,0.17661077451528534,0.04597547187268181,0.05578858913022596,0.0,0.0,0.0,0.278375,Оборот 163500 (+0.177); связей 2 (+0.046); seed 1 (+0.056); внешних групп 0 (+0.000); 1–2д 0% (+0.000); цикл +0.00
100000001660397100,1,False,2,3,48600.0,49000.0,2,4,1,2,12000.0,0.24691358024691357,1,0.000293545092343223,1.008230452674897,True,False,0,True,4,0.3333333333333333,peripheral,0.4,1.0,in=2/48600 KZT; out=3/49000 KZT; tx=2/4; d=1; недостаточно признаков других ролей,0.1690204147539078,0.0749827650116444,0.05578858913022596,0.062443449579869886,0.024691358024691357,0.1,0.486927,Оборот 97600 (+0.169); связей 5 (+0.075); seed 1 (+0.056); внешних групп 2 (+0.062); 1–2д 25% (+0.025); цикл +0.10
100000001669260100,4,False,1,0,500000.0,0.0,1,0,1,0,0.0,0.0,0,0.0005567291575286438,0.0,True,True,35,False,1,1.0,peripheral,0.2,1.0,in=1/500000 KZT; out=0/0 KZT; tx=1/0; d=4; граница выгрузки; роль неизвестна,0.19305566681091327,0.029007293138962602,0.05578858913022596,0.0,0.0,0.0,0.277852,Оборот 500000 (+0.193); связей 1 (+0.029); seed 1 (+0.056); внешних групп 0 (+0.000); 1–2д 0% (+0.000); цикл +0.00
100000001674850100,3,False,2,0,237000.0,0.0,2,0,2,0,0.0,0.0,0,0.00031239253952926923,0.0,True,False,4,False,1,1.0,terminal,0.55,1.0,in=2/237000 KZT; out=0/0 KZT; tx=2/0; d=3; нет выхода в наблюдаемой выборке,0.18207251849221415,0.04597547187268181,0.08842282173954807,0.0,0.0,0.0,0.316471,Оборот 237000 (+0.182); связей 2 (+0.046); seed 2 (+0.088); внешних групп 0 (+0.000); 1–2д 0% (+0.000); цикл +0.00
100000001677389100,3,False,1,1,11000.0,5400.0,1,1,1,0,0.0,0.0,0,0.0002870768321956526,0.4909090909090909,True,False,28,False,2,0.5,peripheral,0.4,1.0,in=1/11000 KZT; out=1/5400 KZT; tx=1/1; d=3; недостаточно признаков других ролей,0.14278097220631422,0.04597547187268181,0.05578858913022596,0.0,0.0,0.0,0.244545,Оборот 16400 (+0.143); связей 2 (+0.046); seed 1 (+0.056); внешних групп 0 (+0.000); 1–2д 0% (+0.000); цикл +0.00
100000001677929100,2,False,3,2,126777.0,286098.0,3,4,1,0,0.0,0.0,0,0.003489720959894066,2.2567027142147236,True,False,1,True,6,0.2857142857142857,peripheral,0.4,1.0,in=3/126777 KZT; out=2/286098 KZT; tx=3/4; d=2; недостаточно признаков других ролей,0.19023887456000182,0.0749827650116444,0.05578858913022596,0.0,0.0,0.1,0.42101,Оборот 412875 (+0.190); связей 5 (+0.075); seed 1 (+0.056); внешних групп 0 (+0.000); 1–2д 0% (+0.000); цикл +0.10
100000001680944100,3,False,1,0,393000.0,0.0,1,0,3,0,0.0,0.0,0,0.00034365392133932967,0.0,True,False,46,False,1,1.0,terminal,0.55,1.0,in=1/393000 KZT; out=0/0 KZT; tx=1/0; d=3; нет выхода в наблюдаемой выборке,0.18951305799555682,0.029007293138962602,0.11157717826045192,0.0,0.0,0.0,0.330098,Оборот 393000 (+0.190); связей 1 (+0.029); seed 3 (+0.112); внешних групп 0 (+0.000); 1–2д 0% (+0.000); цикл +0.00
100000001684867100,1,False,1,0,30550.0,0.0,1,0,2,0,0.0,0.0,0,0.00028730035590845293,0.0,True,False,16,False,1,1.0,terminal,0.55,1.0,in=1/30550 KZT; out=0/0 KZT; tx=1/0; d=1; нет выхода в наблюдаемой выборке,0.15193261983593498,0.029007293138962602,0.08842282173954807,0.0,0.0,0.0,0.269363,Оборот 30550 (+0.152); связей 1 (+0.029); seed 2 (+0.088); внешних групп 0 (+0.000); 1–2д 0% (+0.000); цикл +0.00
100000001686328100,3,False,1,0,140000.0,0.0,1,0,2,0,0.0,0.0,0,0.0003133259127479159,0.0,True,False,4,False,1,1.0,terminal,0.55,1.0,in=1/140000 KZT; out=0/0 KZT; tx=1/0; d=3; нет выхода в наблюдаемой выборке,0.1743279269979761,0.029007293138962602,0.08842282173954807,0.0,0.0,0.0,0.291758,Оборот 140000 (+0.174); связей 1 (+0.029); seed 2 (+0.088); внешних групп 0 (+0.000); 1–2д 0% (+0.000); цикл +0.00
100000001688676100,3,False,1,0,133700.0,0.0,1,0,1,0,0.0,0.0,0,0.00030673974907361156,0.0,True,False,43,False,1,1.0,terminal,0.55,1.0,in=1/133700 KZT; out=0/0 KZT; tx=1/0; d=3; нет выхода в наблюдаемой выборке,0.17365053553559748,0.029007293138962602,0.05578858913022596,0.0,0.0,0.0,0.258446,Оборот 133700 (+0.174); связей 1 (+0.029); seed 1 (+0.056); внешних групп 0 (+0.000); 1–2д 0% (+0.000); цикл +0.00
100000001689968100,3,False,3,0,344333.75,0.0,3,0,3,2,0.0,0.0,0,0.00033722128379157256,0.0,True,False,10,False,3,0.3333333333333333,consolidator,0.75,0.6666666666666666,in=3/344334 KZT; out=0/0 KZT; tx=3/0; d=3; сбор; выход 0% наблюдаемого входа,0.18756816882263122,0.058014586277925204,0.11157717826045192,0.062443449579869886,0.0,0.0,0.419603,Оборот 344334 (+0.188); связей 3 (+0.058); seed 3 (+0.112); внешних групп 2 (+0.062); 1–2д 0% (+0.000); цикл +0.00
100000001690439100,3,False,1,0,14200.0,0.0,1,0,1,0,0.0,0.0,0,0.00047410003296589193,0.0,True,False,10,False,1,1.0,terminal,0.55,1.0,in=1/14200 KZT; out=0/0 KZT; tx=1/0; d=3; нет выхода в наблюдаемой выборке,0.14066201025067343,0.029007293138962602,0.05578858913022596,0.0,0.0,0.0,0.225458,Оборот 14200 (+0.141); связей 1 (+0.029); seed 1 (+0.056); внешних групп 0 (+0.000); 1–2д 0% (+0.000); цикл +0.00
100000001690558100,3,False,1,0,740000.0,0.0,1,0,1,0,0.0,0.0,0,0.00040969041331491494,0.0,True,False,43,False,1,1.0,terminal,0.55,1.0,in=1/740000 KZT; out=0/0 KZT; tx=1/0; d=3; нет выхода в наблюдаемой выборке,0.19882336335583586,0.029007293138962602,0.05578858913022596,0.0,0.0,0.0,0.283619,Оборот 740000 (+0.199); связей 1 (+0.029); seed 1 (+0.056); внешних групп 0 (+0.000); 1–2д 0% (+0.000); цикл +0.00
100000001696818100,1,False,1,0,53550.0,0.0,1,0,1,0,0.0,0.0,0,0.00029721837017011654,0.0,True,False,2,False,1,1.0,terminal,0.55,1.0,in=1/53550 KZT; out=0/0 KZT; tx=1/0; d=1; нет выхода в наблюдаемой выборке,0.1601895148623106,0.029007293138962602,0.05578858913022596,0.0,0.0,0.0,0.244985,Оборот 53550 (+0.160); связей 1 (+0.029); seed 1 (+0.056); внешних групп 0 (+0.000); 1–2д 0% (+0.000); цикл +0.00
100000001697501100,1,False,3,38,123700.0,1482606.0,3,55,1,0,56200.0,0.45432497978981407,3,0.0005879372708749672,11.98549717057397,True,False,22,True,24,0.1206896551724138,distributor,0.8,1.0,in=3/123700 KZT; out=38/1482606 KZT; tx=3/55; d=1; рассылка многим получателям,0.21022574003691125,0.15641653218087884,0.05578858913022596,0.0,0.04543249797898141,0.1,0.567863,Оборот 1606306 (+0.210); связей 41 (+0.156); seed 1 (+0.056); внешних групп 0 (+0.000); 1–2д 45% (+0.045); цикл +0.10
100000001703168100,2,False,1,1,45000.0,90000.0,1,1,2,0,45000.0,1.0,1,0.00029108366162952556,2.0,True,False,2,False,2,0.5,peripheral,0.4,1.0,in=1/45000 KZT; out=1/90000 KZT; tx=1/1; d=2; недостаточно признаков других ролей,0.17379289169593487,0.04597547187268181,0.08842282173954807,0.0,0.1,0.0,0.408191,Оборот 135000 (+0.174); связей 2 (+0.046); seed 2 (+0.088); внешних групп 0 (+0.000); 1–2д 100% (+0.100); цикл +0.00
100000001714173100,3,False,1,0,638905.0,0.0,6,0,3,0,0.0,0.0,0,0.0005672616447131266,0.0,True,False,46,False,3,0.5,terminal,0.55,1.0,in=1/638905 KZT; out=0/0 KZT; tx=6/0; d=3; нет выхода в наблюдаемой выборке,0.19666226231248213,0.029007293138962602,0.11157717826045192,0.0,0.0,0.0,0.337247,Оборот 638905 (+0.197); связей 1 (+0.029); seed 3 (+0.112); внешних групп 0 (+0.000); 1–2д 0% (+0.000); цикл +0.00
100000001714413100,3,False,1,0,250172.0,0.0,1,0,3,0,0.0,0.0,0,0.0002920779905150244,0.0,True,False,10,False,1,1.0,terminal,0.55,1.0,in=1/250172 KZT; out=0/0 KZT; tx=1/0; d=3; нет выхода в наблюдаемой выборке,0.18286826346645058,0.029007293138962602,0.11157717826045192,0.0,0.0,0.0,0.323453,Оборот 250172 (+0.183); связей 1 (+0.029); seed 3 (+0.112); внешних групп 0 (+0.000); 1–2д 0% (+0.000); цикл +0.00
100000001714883100,4,False,1,0,6900.0,0.0,1,0,1,0,0.0,0.0,0,0.00028770546876787247,0.0,True,True,47,False,1,1.0,peripheral,0.2,1.0,in=1/6900 KZT; out=0/0 KZT; tx=1/0; d=4; граница выгрузки; роль неизвестна,0.1300451849649537,0.029007293138962602,0.05578858913022596,0.0,0.0,0.0,0.214841,Оборот 6900 (+0.130); связей 1 (+0.029); seed 1 (+0.056); внешних групп 0 (+0.000); 1–2д 0% (+0.000); цикл +0.00
100000001716579100,1,False,1,0,13916.0,0.0,1,0,1,0,0.0,0.0,0,0.0002869360990124921,0.0,True,False,22,False,1,1.0,terminal,0.55,1.0,in=1/13916 KZT; out=0/0 KZT; tx=1/0; d=1; нет выхода в наблюдаемой выборке,0.1403648100446449,0.029007293138962602,0.05578858913022596,0.0,0.0,0.0,0.225161,Оборот 13916 (+0.140); связей 1 (+0.029); seed 1 (+0.056); внешних групп 0 (+0.000); 1–2д 0% (+0.000); цикл +0.00
100000001724740100,4,False,1,0,185000.0,0.0,4,0,1,0,0.0,0.0,0,0.0005332983777259325,0.0,True,True,4,False,2,0.5,peripheral,0.2,1.0,in=1/185000 KZT; out=0/0 KZT; tx=4/0; d=4; граница выгрузки; роль неизвестна,0.17842832085171345,0.029007293138962602,0.05578858913022596,0.0,0.0,0.0,0.263224,Оборот 185000 (+0.178); связей 1 (+0.029); seed 1 (+0.056); внешних групп 0 (+0.000); 1–2д 0% (+0.000); цикл +0.00
100000001726614100,3,False,1,0,138717.0,0.0,1,0,1,0,0.0,0.0,0,0.00029624543584329233,0.0,True,False,0,False,1,1.0,terminal,0.55,1.0,in=1/138717 KZT; out=0/0 KZT; tx=1/0; d=3; нет выхода в наблюдаемой выборке,0.17419248181242683,0.029007293138962602,0.05578858913022596,0.0,0.0,0.0,0.258988,Оборот 138717 (+0.174); связей 1 (+0.029); seed 1 (+0.056); внешних групп 0 (+0.000); 1–2д 0% (+0.000); цикл +0.00
100000001732159100,0,True,2,4,2378100.0,1505966.0,30,23,3,0,416156.0,0.17499516420671965,6,0.001085705105928486,0.633264370716118,True,False,51,True,18,0.1320754716981132,peripheral,0.4,0.6666666666666666,in=2/2378100 KZT; out=4/1505966 KZT; tx=30/23; d=0; недостаточно признаков других ролей,0.22321558901166055,0.08143376716923444,0.11157717826045192,0.0,0.0,0.1,0.516227,Оборот 3884066 (+0.223); связей 6 (+0.081); seed 3 (+0.112); внешних групп 0 (+0.000); 1–2д 17% (+0.000); цикл +0.10
100000001733216100,4,False,1,0,60000.0,0.0,2,0,2,0,0.0,0.0,0,0.0004053235851470021,0.0,True,True,0,False,1,1.0,peripheral,0.2,1.0,in=1/60000 KZT; out=0/0 KZT; tx=2/0; d=4; граница выгрузки; роль неизвестна,0.16186265796174829,0.029007293138962602,0.08842282173954807,0.0,0.0,0.0,0.279293,Оборот 60000 (+0.162); связей 1 (+0.029); seed 2 (+0.088); внешних групп 0 (+0.000); 1–2д 0% (+0.000); цикл +0.00
100000001733687100,3,False,1,0,300000.0,0.0,1,0,2,0,0.0,0.0,0,0.0003050676956921373,0.0,True,False,4,False,1,1.0,terminal,0.55,1.0,in=1/300000 KZT; out=0/0 KZT; tx=1/0; d=3; нет выхода в наблюдаемой выборке,0.1855404421408853,0.029007293138962602,0.08842282173954807,0.0,0.0,0.0,0.302971,Оборот 300000 (+0.186); связей 1 (+0.029); seed 2 (+0.088); внешних групп 0 (+0.000); 1–2д 0% (+0.000); цикл +0.00
100000001737722100,2,False,1,0,60460.0,0.0,1,0,2,0,0.0,0.0,0,0.00031702092600206474,0.0,True,False,2,False,1,1.0,terminal,0.55,1.0,in=1/60460 KZT; out=0/0 KZT; tx=1/0; d=2; нет выхода в наблюдаемой выборке,0.16197501759087088,0.029007293138962602,0.08842282173954807,0.0,0.0,0.0,0.279405,Оборот 60460 (+0.162); связей 1 (+0.029); seed 2 (+0.088); внешних групп 0 (+0.000); 1–2д 0% (+0.000); цикл +0.00
100000001740277100,3,False,1,1,8700.0,5000.0,1,1,1,0,5000.0,0.5747126436781609,1,0.00037423884743640294,0.5747126436781609,True,False,1,True,2,0.5,peripheral,0.4,1.0,in=1/8700 KZT; out=1/5000 KZT; tx=1/1; d=3; недостаточно признаков других ролей,0.14013468133369855,0.04597547187268181,0.05578858913022596,0.0,0.05747126436781609,0.1,0.39937,Оборот 13700 (+0.140); связей 2 (+0.046); seed 1 (+0.056); внешних групп 0 (+0.000); 1–2д 57% (+0.057); цикл +0.10
100000001745217100,3,False,1,0,50000.0,0.0,1,0,1,0,0.0,0.0,0,0.0002884376653816147,0.0,True,False,0,False,1,1.0,terminal,0.55,1.0,in=1/50000 KZT; out=0/0 KZT; tx=1/0; d=3; нет выхода в наблюдаемой выборке,0.1591804002131276,0.029007293138962602,0.05578858913022596,0.0,0.0,0.0,0.243976,Оборот 50000 (+0.159); связей 1 (+0.029); seed 1 (+0.056); внешних групп 0 (+0.000); 1–2д 0% (+0.000); цикл +0.00
100000001746925100,1,False,1,1,65250.0,5000.0,1,1,4,1,0.0,0.0,0,0.00029699697623159236,0.07662835249042145,True,False,2,False,2,0.5,peripheral,0.4,1.0,in=1/65250 KZT; out=1/5000 KZT; tx=1/1; d=1; недостаточно признаков других ролей,0.16418292935867412,0.04597547187268181,0.12953709247559939,0.039397430255579034,0.0,0.0,0.379093,Оборот 70250 (+0.164); связей 2 (+0.046); seed 4 (+0.130); внешних групп 1 (+0.039); 1–2д 0% (+0.000); цикл +0.00
100000001782980100,2,False,1,1,50000.0,596200.0,1,3,1,0,0.0,0.0,0,0.0003679966335055258,11.924,True,False,27,False,4,0.25,peripheral,0.4,1.0,in=1/50000 KZT; out=1/596200 KZT; tx=1/3; d=2; недостаточно признаков других ролей,0.19682929101043503,0.04597547187268181,0.05578858913022596,0.0,0.0,0.0,0.298593,Оборот 646200 (+0.197); связей 2 (+0.046); seed 1 (+0.056); внешних групп 0 (+0.000); 1–2д 0% (+0.000); цикл +0.00
100000001784279100,3,False,1,0,35674.0,0.0,1,0,1,0,0.0,0.0,0,0.00028717686846970386,0.0,True,False,0,False,1,1.0,terminal,0.55,1.0,in=1/35674 KZT; out=0/0 KZT; tx=1/0; d=3; нет выхода в наблюдаемой выборке,0.15421374905516477,0.029007293138962602,0.05578858913022596,0.0,0.0,0.0,0.23901,Оборот 35674 (+0.154); связей 1 (+0.029); seed 1 (+0.056); внешних групп 0 (+0.000); 1–2д 0% (+0.000); цикл +0.00
100000001785161100,3,False,2,0,30000.0,0.0,2,0,1,0,0.0,0.0,0,0.00032922535336255167,0.0,True,False,33,False,2,0.5,terminal,0.55,1.0,in=2/30000 KZT; out=0/0 KZT; tx=2/0; d=3; нет выхода в наблюдаемой выборке,0.15166535208139753,0.04597547187268181,0.05578858913022596,0.0,0.0,0.0,0.253429,Оборот 30000 (+0.152); связей 2 (+0.046); seed 1 (+0.056); внешних групп 0 (+0.000); 1–2д 0% (+0.000); цикл +0.00
100000001788284100,3,False,1,5,8000.0,296700.0,1,8,1,0,0.0,0.0,0,0.00029774394264896567,37.0875,True,False,13,True,6,0.3333333333333333,distributor,0.8,0.6666666666666666,in=1/8000 KZT; out=5/296700 KZT; tx=1/8; d=3; рассылка многим получателям,0.1857691418552677,0.08143376716923444,0.05578858913022596,0.0,0.0,0.1,0.422991,Оборот 304700 (+0.186); связей 6 (+0.081); seed 1 (+0.056); внешних групп 0 (+0.000); 1–2д 0% (+0.000); цикл +0.10
100000001805543100,1,False,1,0,59000.0,0.0,1,0,2,0,0.0,0.0,0,0.00029033912382647064,0.0,True,False,16,False,1,1.0,terminal,0.55,1.0,in=1/59000 KZT; out=0/0 KZT; tx=1/0; d=1; нет выхода в наблюдаемой выборке,0.1616153965263409,0.029007293138962602,0.08842282173954807,0.0,0.0,0.0,0.279046,Оборот 59000 (+0.162); связей 1 (+0.029); seed 2 (+0.088); внешних групп 0 (+0.000); 1–2д 0% (+0.000); цикл +0.00
100000001808684100,3,False,1,1,48400.0,37700.0,3,2,1,0,0.0,0.0,0,0.0011628470668346566,0.7789256198347108,True,False,41,True,4,0.4,peripheral,0.4,1.0,in=1/48400 KZT; out=1/37700 KZT; tx=3/2; d=3; недостаточно признаков других ролей,0.16717602513552896,0.04597547187268181,0.05578858913022596,0.0,0.0,0.1,0.36894,Оборот 86100 (+0.167); связей 2 (+0.046); seed 1 (+0.056); внешних групп 0 (+0.000); 1–2д 0% (+0.000); цикл +0.10
100000001816678100,4,False,1,0,60000.0,0.0,1,0,3,0,0.0,0.0,0,0.00030796474250632854,0.0,True,True,2,False,1,1.0,peripheral,0.2,1.0,in=1/60000 KZT; out=0/0 KZT; tx=1/0; d=4; граница выгрузки; роль неизвестна,0.16186265796174829,0.029007293138962602,0.11157717826045192,0.0,0.0,0.0,0.302447,Оборот 60000 (+0.162); связей 1 (+0.029); seed 3 (+0.112); внешних групп 0 (+0.000); 1–2д 0% (+0.000); цикл +0.00
100000001818442100,3,False,1,0,42215.0,0.0,1,0,1,0,0.0,0.0,0,0.00029965653997768527,0.0,True,False,18,False,1,1.0,terminal,0.55,1.0,in=1/42215 KZT; out=0/0 KZT; tx=1/0; d=3; нет выхода в наблюдаемой выборке,0.1566904941497815,0.029007293138962602,0.05578858913022596,0.0,0.0,0.0,0.241486,Оборот 42215 (+0.157); связей 1 (+0.029); seed 1 (+0.056); внешних групп 0 (+0.000); 1–2д 0% (+0.000); цикл +0.00
100000001819396100,3,False,1,0,166080.0,0.0,1,0,1,0,0.0,0.0,0,0.0003253147183866544,0.0,True,False,14,False,1,1.0,terminal,0.55,1.0,in=1/166080 KZT; out=0/0 KZT; tx=1/0; d=3; нет выхода в наблюдаемой выборке,0.1768411124752801,0.029007293138962602,0.05578858913022596,0.0,0.0,0.0,0.261637,Оборот 166080 (+0.177); связей 1 (+0.029); seed 1 (+0.056); внешних групп 0 (+0.000); 1–2д 0% (+0.000); цикл +0.00
100000001822623100,2,False,1,0,201300.0,0.0,1,0,1,0,0.0,0.0,0,0.0003217041526777662,0.0,True,False,29,False,1,1.0,terminal,0.55,1.0,in=1/201300 KZT; out=0/0 KZT; tx=1/0; d=2; нет выхода в наблюдаемой выборке,0.17967059947498595,0.029007293138962602,0.05578858913022596,0.0,0.0,0.0,0.264466,Оборот 201300 (+0.180); связей 1 (+0.029); seed 1 (+0.056); внешних групп 0 (+0.000); 1–2д 0% (+0.000); цикл +0.00
100000001822650100,4,False,1,0,112000.0,0.0,1,0,2,0,0.0,0.0,0,0.00030424139532469666,0.0,True,True,4,False,1,1.0,peripheral,0.2,1.0,in=1/112000 KZT; out=0/0 KZT; tx=1/0; d=4; граница выгрузки; роль неизвестна,0.17104507507950928,0.029007293138962602,0.08842282173954807,0.0,0.0,0.0,0.288475,Оборот 112000 (+0.171); связей 1 (+0.029); seed 2 (+0.088); внешних групп 0 (+0.000); 1–2д 0% (+0.000); цикл +0.00
100000001825934100,3,False,1,1,40000.0,97000.0,1,1,1,0,0.0,0.0,0,0.00047291852772611835,2.425,True,False,26,False,2,0.5,peripheral,0.4,1.0,in=1/40000 KZT; out=1/97000 KZT; tx=1/1; d=3; недостаточно признаков других ролей,0.174009246303699,0.04597547187268181,0.05578858913022596,0.0,0.0,0.0,0.275773,Оборот 137000 (+0.174); связей 2 (+0.046); seed 1 (+0.056); внешних групп 0 (+0.000); 1–2д 0% (+0.000); цикл +0.00
100000001831496100,3,False,1,1,25000.0,373000.0,1,1,1,1,0.0,0.0,0,0.000291079393317033,14.92,True,False,11,False,2,0.5,peripheral,0.4,1.0,in=1/25000 KZT; out=1/373000 KZT; tx=1/1; d=3; недостаточно признаков других ролей,0.18969905186551622,0.04597547187268181,0.05578858913022596,0.039397430255579034,0.0,0.0,0.330861,Оборот 398000 (+0.190); связей 2 (+0.046); seed 1 (+0.056); внешних групп 1 (+0.039); 1–2д 0% (+0.000); цикл +0.00
100000001835625100,3,False,1,0,75130.0,0.0,1,0,3,0,0.0,0.0,0,0.00028645201666933575,0.0,True,False,10,False,1,1.0,terminal,0.55,1.0,in=1/75130 KZT; out=0/0 KZT; tx=1/0; d=3; нет выхода в наблюдаемой выборке,0.1651709654220589,0.029007293138962602,0.11157717826045192,0.0,0.0,0.0,0.305755,Оборот 75130 (+0.165); связей 1 (+0.029); seed 3 (+0.112); внешних групп 0 (+0.000); 1–2д 0% (+0.000); цикл +0.00
100000001837130100,3,False,1,0,172900.0,0.0,1,0,1,0,0.0,0.0,0,0.00029925379971596075,0.0,True,False,0,False,1,1.0,terminal,0.55,1.0,in=1/172900 KZT; out=0/0 KZT; tx=1/0; d=3; нет выхода в наблюдаемой выборке,0.17743317390339733,0.029007293138962602,0.05578858913022596,0.0,0.0,0.0,0.262229,Оборот 172900 (+0.177); связей 1 (+0.029); seed 1 (+0.056); внешних групп 0 (+0.000); 1–2д 0% (+0.000); цикл +0.00
100000001845505100,4,False,1,0,20000.0,0.0,1,0,2,0,0.0,0.0,0,0.0005886411722956724,0.0,True,True,8,False,1,1.0,peripheral,0.2,1.0,in=1/20000 KZT; out=0/0 KZT; tx=1/0; d=4; граница выгрузки; роль неизвестна,0.14570041229327152,0.029007293138962602,0.08842282173954807,0.0,0.0,0.0,0.263131,Оборот 20000 (+0.146); связей 1 (+0.029); seed 2 (+0.088); внешних групп 0 (+0.000); 1–2д 0% (+0.000); цикл +0.00
100000001848426100,2,False,1,0,95530.0,0.0,1,0,1,0,0.0,0.0,0,0.0003020213102392432,0.0,True,False,41,False,1,1.0,terminal,0.55,1.0,in=1/95530 KZT; out=0/0 KZT; tx=1/0; d=2; нет выхода в наблюдаемой выборке,0.1687050354703663,0.029007293138962602,0.05578858913022596,0.0,0.0,0.0,0.253501,Оборот 95530 (+0.169); связей 1 (+0.029); seed 1 (+0.056); внешних групп 0 (+0.000); 1–2д 0% (+0.000); цикл +0.00
100000001851289100,1,False,1,0,109510.0,0.0,3,0,2,0,0.0,0.0,0,0.00029573413850271225,0.0,True,False,16,False,1,1.0,terminal,0.55,1.0,in=1/109510 KZT; out=0/0 KZT; tx=3/0; d=1; нет выхода в наблюдаемой выборке,0.17071430912178495,0.029007293138962602,0.08842282173954807,0.0,0.0,0.0,0.288144,Оборот 109510 (+0.171); связей 1 (+0.029); seed 2 (+0.088); внешних групп 0 (+0.000); 1–2д 0% (+0.000); цикл +0.00
100000001852140100,3,False,1,0,30000.0,0.0,1,0,1,0,0.0,0.0,0,0.000798288669803923,0.0,True,False,52,False,1,1.0,terminal,0.55,1.0,in=1/30000 KZT; out=0/0 KZT; tx=1/0; d=3; нет выхода в наблюдаемой выборке,0.15166535208139753,0.029007293138962602,0.05578858913022596,0.0,0.0,0.0,0.236461,Оборот 30000 (+0.152); связей 1 (+0.029); seed 1 (+0.056); внешних групп 0 (+0.000); 1–2д 0% (+0.000); цикл +0.00
100000001853812100,3,False,1,0,70000.0,0.0,1,0,1,0,0.0,0.0,0,0.00029816719441700426,0.0,True,False,8,False,1,1.0,terminal,0.55,1.0,in=1/70000 KZT; out=0/0 KZT; tx=1/0; d=3; нет выхода в наблюдаемой выборке,0.16413048100875918,0.029007293138962602,0.05578858913022596,0.0,0.0,0.0,0.248926,Оборот 70000 (+0.164); связей 1 (+0.029); seed 1 (+0.056); внешних групп 0 (+0.000); 1–2д 0% (+0.000); цикл +0.00
100000001857829100,2,False,6,16,888535.0,2390993.0,9,16,3,6,478000.0,0.5379641769879633,5,0.0006165473778241242,2.690938454872346,True,False,8,True,9,0.32,coordinator,0.75,1.0,in=6/888535 KZT; out=16/2390993 KZT; tx=9/16; d=2; связь с 3 seed и 6 внеш. группами,0.2207265763040734,0.13121628769160484,0.11157717826045192,0.11060256974442097,0.05379641769879633,0.1,0.727919,Оборот 3279528 (+0.221); связей 22 (+0.131); seed 3 (+0.112); внешних групп 6 (+0.111); 1–2д 54% (+0.054); цикл +0.10
100000001860090100,3,False,1,0,5000.0,0.0,1,0,1,0,0.0,0.0,0,0.000375625566734314,0.0,True,False,41,False,1,1.0,terminal,0.55,1.0,in=1/5000 KZT; out=0/0 KZT; tx=1/0; d=3; нет выхода в наблюдаемой выборке,0.12530751666392811,0.029007293138962602,0.05578858913022596,0.0,0.0,0.0,0.210103,Оборот 5000 (+0.125); связей 1 (+0.029); seed 1 (+0.056); внешних групп 0 (+0.000); 1–2д 0% (+0.000); цикл +0.00
100000001870116100,1,False,1,0,24000.0,0.0,1,0,1,0,0.0,0.0,0,0.00028903667661103543,0.0,True,False,22,False,1,1.0,terminal,0.55,1.0,in=1/24000 KZT; out=0/0 KZT; tx=1/0; d=1; нет выхода в наблюдаемой выборке,0.1483825964868302,0.029007293138962602,0.05578858913022596,0.0,0.0,0.0,0.233178,Оборот 24000 (+0.148); связей 1 (+0.029); seed 1 (+0.056); внешних групп 0 (+0.000); 1–2д 0% (+0.000); цикл +0.00
100000001872484100,1,False,1,3,871400.0,514580.0,13,9,1,0,71180.0,0.08168464539820977,4,0.0023583031610089327,0.5905210006885472,True,False,39,True,18,0.09090909090909091,peripheral,0.4,1.0,in=1/871400 KZT; out=3/514580 KZT; tx=13/9; d=1; недостаточно признаков других ролей,0.20805529154008864,0.06735284889599069,0.05578858913022596,0.0,0.008168464539820978,0.1,0.439365,Оборот 1385980 (+0.208); связей 4 (+0.067); seed 1 (+0.056); внешних групп 0 (+0.000); 1–2д 8% (+0.008); цикл +0.10
100000001875167100,3,False,1,0,1000000.0,0.0,2,0,3,0,0.0,0.0,0,0.00031617799346725877,0.0,True,False,10,False,1,1.0,terminal,0.55,1.0,in=1/1000000 KZT; out=0/0 KZT; tx=2/0; d=3; нет выхода в наблюдаемой выборке,0.20325320317247259,0.029007293138962602,0.11157717826045192,0.0,0.0,0.0,0.343838,Оборот 1000000 (+0.203); связей 1 (+0.029); seed 3 (+0.112); внешних групп 0 (+0.000); 1–2д 0% (+0.000); цикл +0.00
100000001875239100,3,False,3,0,712000.0,0.0,3,0,4,0,0.0,0.0,0,0.00033219029088978015,0.0,True,False,4,False,1,1.0,consolidator,0.75,0.6666666666666666,in=3/712000 KZT; out=0/0 KZT; tx=3/0; d=3; сбор; выход 0% наблюдаемого входа,0.1982558905141982,0.058014586277925204,0.12953709247559939,0.0,0.0,0.0,0.385808,Оборот 712000 (+0.198); связей 3 (+0.058); seed 4 (+0.130); внешних групп 0 (+0.000); 1–2д 0% (+0.000); цикл +0.00
100000001884825100,3,False,3,0,495000.0,0.0,3,0,3,0,0.0,0.0,0,0.00033829723674473026,0.0,True,False,4,False,2,0.6666666666666666,consolidator,0.75,0.6666666666666666,in=3/495000 KZT; out=0/0 KZT; tx=3/0; d=3; сбор; выход 0% наблюдаемого входа,0.1929078070056143,0.058014586277925204,0.11157717826045192,0.0,0.0,0.0,0.3625,Оборот 495000 (+0.193); связей 3 (+0.058); seed 3 (+0.112); внешних групп 0 (+0.000); 1–2д 0% (+0.000); цикл +0.00
100000001887715100,3,False,3,1,1331500.0,750000.0,4,1,2,0,0.0,0.0,0,0.0007264886233856918,0.5632745024408562,True,False,46,False,1,1.0,peripheral,0.4,0.6666666666666666,in=3/1331500 KZT; out=1/750000 KZT; tx=4/1; d=3; недостаточно признаков других ролей,0.21403836578259158,0.06735284889599069,0.08842282173954807,0.0,0.0,0.0,0.369814,Оборот 2081500 (+0.214); связей 4 (+0.067); seed 2 (+0.088); внешних групп 0 (+0.000); 1–2д 0% (+0.000); цикл +0.00
100000001893287100,3,False,1,1,18000.0,152700.0,3,14,1,0,12000.0,0.6666666666666666,2,0.0006137550985626827,8.483333333333333,True,False,41,True,12,0.11764705882352941,peripheral,0.4,1.0,in=1/18000 KZT; out=1/152700 KZT; tx=3/14; d=3; недостаточно признаков других ролей,0.1772447771752173,0.04597547187268181,0.05578858913022596,0.0,0.06666666666666667,0.1,0.445676,Оборот 170700 (+0.177); связей 2 (+0.046); seed 1 (+0.056); внешних групп 0 (+0.000); 1–2д 67% (+0.067); цикл +0.10
100000001899164100,1,False,4,3,291675.0,76500.0,5,3,5,1,0.0,0.0,0,0.0011663047735077886,0.2622782206222679,True,False,7,True,6,0.25,peripheral,0.4,1.0,in=4/291675 KZT; out=3/76500 KZT; tx=5/3; d=1; недостаточно признаков других ролей,0.1885530870762615,0.08702187941688781,0.14421141086977404,0.039397430255579034,0.0,0.1,0.559184,Оборот 368175 (+0.189); связей 7 (+0.087); seed 5 (+0.144); внешних групп 1 (+0.039); 1–2д 0% (+0.000); цикл +0.10
100000001904863100,2,False,1,0,500000.0,0.0,1,0,3,0,0.0,0.0,0,0.00047823957381385097,0.0,True,False,40,False,1,1.0,terminal,0.55,1.0,in=1/500000 KZT; out=0/0 KZT; tx=1/0; d=2; нет выхода в наблюдаемой выборке,0.19305566681091327,0.029007293138962602,0.11157717826045192,0.0,0.0,0.0,0.33364,Оборот 500000 (+0.193); связей 1 (+0.029); seed 3 (+0.112); внешних групп 0 (+0.000); 1–2д 0% (+0.000); цикл +0.00
100000001924185100,1,False,2,0,151000.0,0.0,2,0,8,1,0.0,0.0,0,0.0003085321079451665,0.0,True,False,11,False,2,0.5,terminal,0.55,1.0,in=2/151000 KZT; out=0/0 KZT; tx=2/0; d=1; нет выхода в наблюдаемой выборке,0.1754406936799996,0.04597547187268181,0.17684564347909615,0.039397430255579034,0.0,0.0,0.437659,Оборот 151000 (+0.175); связей 2 (+0.046); seed 8 (+0.177); внешних групп 1 (+0.039); 1–2д 0% (+0.000); цикл +0.00
100000001927599100,3,False,2,0,188000.0,0.0,2,0,2,0,0.0,0.0,0,0.0003254363702205846,0.0,True,False,18,False,1,1.0,terminal,0.55,1.0,in=2/188000 KZT; out=0/0 KZT; tx=2/0; d=3; нет выхода в наблюдаемой выборке,0.17866497813936902,0.04597547187268181,0.08842282173954807,0.0,0.0,0.0,0.313063,Оборот 188000 (+0.179); связей 2 (+0.046); seed 2 (+0.088); внешних групп 0 (+0.000); 1–2д 0% (+0.000); цикл +0.00
100000001929088100,1,False,2,0,396010.0,0.0,2,0,2,1,0.0,0.0,0,0.00031584652878746536,0.0,True,False,1,False,2,0.5,terminal,0.55,1.0,in=2/396010 KZT; out=0/0 KZT; tx=2/0; d=1; нет выхода в наблюдаемой выборке,0.1896253077546927,0.04597547187268181,0.08842282173954807,0.039397430255579034,0.0,0.0,0.363421,Оборот 396010 (+0.190); связей 2 (+0.046); seed 2 (+0.088); внешних групп 1 (+0.039); 1–2д 0% (+0.000); цикл +0.00
100000001934935100,3,False,1,0,118935.0,0.0,1,0,2,0,0.0,0.0,0,0.0002906889425493168,0.0,True,False,0,False,1,1.0,terminal,0.55,1.0,in=1/118935 KZT; out=0/0 KZT; tx=1/0; d=3; нет выхода в наблюдаемой выборке,0.17192893607291598,0.029007293138962602,0.08842282173954807,0.0,0.0,0.0,0.289359,Оборот 118935 (+0.172); связей 1 (+0.029); seed 2 (+0.088); внешних групп 0 (+0.000); 1–2д 0% (+0.000); цикл +0.00
100000001937767100,1,False,1,4,53000.0,1933000.0,1,6,5,1,0.0,0.0,0,0.0008832777029449807,36.471698113207545,True,False,40,True,4,0.42857142857142855,peripheral,0.4,0.6666666666666666,in=1/53000 KZT; out=4/1933000 KZT; tx=1/6; d=1; недостаточно признаков других ролей,0.21334740111342929,0.0749827650116444,0.14421141086977404,0.039397430255579034,0.0,0.1,0.571939,Оборот 1986000 (+0.213); связей 5 (+0.075); seed 5 (+0.144); внешних групп 1 (+0.039); 1–2д 0% (+0.000); цикл +0.10
100000001952325100,1,False,1,0,77888.0,0.0,2,0,1,0,0.0,0.0,0,0.0003002619766537072,0.0,True,False,22,False,2,0.5,terminal,0.55,1.0,in=1/77888 KZT; out=0/0 KZT; tx=2/0; d=1; нет выхода в наблюдаемой выборке,0.16570135321787424,0.029007293138962602,0.05578858913022596,0.0,0.0,0.0,0.250497,Оборот 77888 (+0.166); связей 1 (+0.029); seed 1 (+0.056); внешних групп 0 (+0.000); 1–2д 0% (+0.000); цикл +0.00
100000001953577100,1,False,1,0,15600.0,0.0,1,0,1,0,0.0,0.0,0,0.0002872868896388256,0.0,True,False,22,False,1,1.0,terminal,0.55,1.0,in=1/15600 KZT; out=0/0 KZT; tx=1/0; d=1; нет выхода в наблюдаемой выборке,0.14204526708186652,0.029007293138962602,0.05578858913022596,0.0,0.0,0.0,0.226841,Оборот 15600 (+0.142); связей 1 (+0.029); seed 1 (+0.056); внешних групп 0 (+0.000); 1–2д 0% (+0.000); цикл +0.00
100000001954534100,3,False,1,1,13000.0,40000.0,1,1,1,0,0.0,0.0,0,0.0003647526539487548,3.076923076923077,True,False,0,False,2,0.5,peripheral,0.4,1.0,in=1/13000 KZT; out=1/40000 KZT; tx=1/1; d=3; недостаточно признаков других ролей,0.1600376331920425,0.04597547187268181,0.05578858913022596,0.0,0.0,0.0,0.261802,Оборот 53000 (+0.160); связей 2 (+0.046); seed 1 (+0.056); внешних групп 0 (+0.000); 1–2д 0% (+0.000); цикл +0.00
100000001954903100,2,False,1,0,27118.0,0.0,1,0,1,0,0.0,0.0,0,0.0002968644663934204,0.0,True,False,11,False,1,1.0,terminal,0.55,1.0,in=1/27118 KZT; out=0/0 KZT; tx=1/0; d=2; нет выхода в наблюдаемой выборке,0.15017950149457127,0.029007293138962602,0.05578858913022596,0.0,0.0,0.0,0.234975,Оборот 27118 (+0.150); связей 1 (+0.029); seed 1 (+0.056); внешних групп 0 (+0.000); 1–2д 0% (+0.000); цикл +0.00
100000001957974100,4,False,1,0,500000.0,0.0,1,0,1,0,0.0,0.0,0,0.0003184072040859372,0.0,True,True,40,False,1,1.0,peripheral,0.2,1.0,in=1/500000 KZT; out=0/0 KZT; tx=1/0; d=4; граница выгрузки; роль неизвестна,0.19305566681091327,0.029007293138962602,0.05578858913022596,0.0,0.0,0.0,0.277852,Оборот 500000 (+0.193); связей 1 (+0.029); seed 1 (+0.056); внешних групп 0 (+0.000); 1–2д 0% (+0.000); цикл +0.00
100000001960517100,1,False,1,0,200000.0,0.0,1,0,2,0,0.0,0.0,0,0.00035718837330380815,0.0,True,False,41,False,1,1.0,terminal,0.55,1.0,in=1/200000 KZT; out=0/0 KZT; tx=1/0; d=1; нет выхода в наблюдаемой выборке,0.17957528168352788,0.029007293138962602,0.08842282173954807,0.0,0.0,0.0,0.297005,Оборот 200000 (+0.180); связей 1 (+0.029); seed 2 (+0.088); внешних групп 0 (+0.000); 1–2д 0% (+0.000); цикл +0.00
100000001961048100,2,False,1,0,150000.0,0.0,1,0,3,0,0.0,0.0,0,0.0003026058098883703,0.0,True,False,33,False,1,1.0,terminal,0.55,1.0,in=1/150000 KZT; out=0/0 KZT; tx=1/0; d=2; нет выхода в наблюдаемой выборке,0.17534294010700102,0.029007293138962602,0.11157717826045192,0.0,0.0,0.0,0.315927,Оборот 150000 (+0.175); связей 1 (+0.029); seed 3 (+0.112); внешних групп 0 (+0.000); 1–2д 0% (+0.000); цикл +0.00
100000001965374100,2,False,2,3,1759720.0,3082100.0,8,5,1,0,114000.0,0.06478303366444661,1,0.0012704821491393895,1.7514718250630783,True,False,21,True,9,0.23076923076923078,peripheral,0.4,1.0,in=2/1759720 KZT; out=3/3082100 KZT; tx=8/5; d=2; недостаточно признаков других ролей,0.22645822320053613,0.0749827650116444,0.05578858913022596,0.0,0.006478303366444661,0.1,0.463708,Оборот 4841820 (+0.226); связей 5 (+0.075); seed 1 (+0.056); внешних групп 0 (+0.000); 1–2д 6% (+0.006); цикл +0.10
100000001969496100,3,False,1,0,22740.0,0.0,1,0,1,0,0.0,0.0,0,0.0002904427867488457,0.0,True,False,40,False,1,1.0,terminal,0.55,1.0,in=1/22740 KZT; out=0/0 KZT; tx=1/0; d=3; нет выхода в наблюдаемой выборке,0.14758923903636856,0.029007293138962602,0.05578858913022596,0.0,0.0,0.0,0.232385,Оборот 22740 (+0.148); связей 1 (+0.029); seed 1 (+0.056); внешних групп 0 (+0.000); 1–2д 0% (+0.000); цикл +0.00
100000001985793100,2,False,1,0,420000.0,0.0,1,0,1,0,0.0,0.0,0,0.000370555098324248,0.0,True,False,41,False,1,1.0,terminal,0.55,1.0,in=1/420000 KZT; out=0/0 KZT; tx=1/0; d=2; нет выхода в наблюдаемой выборке,0.19049059299205084,0.029007293138962602,0.05578858913022596,0.0,0.0,0.0,0.275286,Оборот 420000 (+0.190); связей 1 (+0.029); seed 1 (+0.056); внешних групп 0 (+0.000); 1–2д 0% (+0.000); цикл +0.00
100000001987030100,1,False,2,1,30864.0,19000.0,2,1,3,2,0.0,0.0,0,0.0002922775336184935,0.6156039398652151,True,False,3,False,3,0.3333333333333333,peripheral,0.4,1.0,in=2/30864 KZT; out=1/19000 KZT; tx=2/1; d=1; недостаточно признаков других ролей,0.1591403299729608,0.058014586277925204,0.11157717826045192,0.062443449579869886,0.0,0.0,0.391176,Оборот 49864 (+0.159); связей 3 (+0.058); seed 3 (+0.112); внешних групп 2 (+0.062); 1–2д 0% (+0.000); цикл +0.00
100000001991973100,4,False,1,0,20800.0,0.0,1,0,1,0,0.0,0.0,0,0.00029509499785968575,0.0,True,True,47,False,1,1.0,peripheral,0.2,1.0,in=1/20800 KZT; out=0/0 KZT; tx=1/0; d=4; граница выгрузки; роль неизвестна,0.14627739742286958,0.029007293138962602,0.05578858913022596,0.0,0.0,0.0,0.231073,Оборот 20800 (+0.146); связей 1 (+0.029); seed 1 (+0.056); внешних групп 0 (+0.000); 1–2д 0% (+0.000); цикл +0.00
100000002015633100,3,False,1,0,94970.0,0.0,1,0,3,0,0.0,0.0,0,0.0002870896883201308,0.0,True,False,10,False,1,1.0,terminal,0.55,1.0,in=1/94970 KZT; out=0/0 KZT; tx=1/0; d=3; нет выхода в наблюдаемой выборке,0.16861854063782628,0.029007293138962602,0.11157717826045192,0.0,0.0,0.0,0.309203,Оборот 94970 (+0.169); связей 1 (+0.029); seed 3 (+0.112); внешних групп 0 (+0.000); 1–2д 0% (+0.000); цикл +0.00
100000002028158100,2,False,1,0,34800.0,0.0,1,0,3,0,0.0,0.0,0,0.0002950231307508829,0.0,True,False,3,False,1,1.0,terminal,0.55,1.0,in=1/34800 KZT; out=0/0 KZT; tx=1/0; d=2; нет выхода в наблюдаемой выборке,0.15384883308100553,0.029007293138962602,0.11157717826045192,0.0,0.0,0.0,0.294433,Оборот 34800 (+0.154); связей 1 (+0.029); seed 3 (+0.112); внешних групп 0 (+0.000); 1–2д 0% (+0.000); цикл +0.00
100000002032323100,3,False,1,1,300000.0,1050000.0,1,2,1,0,0.0,0.0,0,0.00040171646126698206,3.5,True,False,4,False,2,0.6666666666666666,peripheral,0.4,1.0,in=1/300000 KZT; out=1/1050000 KZT; tx=1/2; d=3; недостаточно признаков других ролей,0.20766832502671265,0.04597547187268181,0.05578858913022596,0.0,0.0,0.0,0.309432,Оборот 1350000 (+0.208); связей 2 (+0.046); seed 1 (+0.056); внешних групп 0 (+0.000); 1–2д 0% (+0.000); цикл +0.00
100000002087788100,2,False,1,0,100500.0,0.0,1,0,3,0,0.0,0.0,0,0.0006541583953663445,0.0,True,False,10,False,1,1.0,terminal,0.55,1.0,in=1/100500 KZT; out=0/0 KZT; tx=1/0; d=2; нет выхода в наблюдаемой выборке,0.1694511799304023,0.029007293138962602,0.11157717826045192,0.0,0.0,0.0,0.310036,Оборот 100500 (+0.169); связей 1 (+0.029); seed 3 (+0.112); внешних групп 0 (+0.000); 1–2д 0% (+0.000); цикл +0.00
100000002095257100,3,False,1,0,8500.0,0.0,1,0,2,0,0.0,0.0,0,0.0003940862291018066,0.0,True,False,7,False,1,1.0,terminal,0.55,1.0,in=1/8500 KZT; out=0/0 KZT; tx=1/0; d=3; нет выхода в наблюдаемой выборке,0.13311288495801668,0.029007293138962602,0.08842282173954807,0.0,0.0,0.0,0.250543,Оборот 8500 (+0.133); связей 1 (+0.029); seed 2 (+0.088); внешних групп 0 (+0.000); 1–2д 0% (+0.000); цикл +0.00
100000002103448100,3,False,1,0,27000.0,0.0,1,0,1,0,0.0,0.0,0,0.00028822050659335093,0.0,True,False,22,False,1,1.0,terminal,0.55,1.0,in=1/27000 KZT; out=0/0 KZT; tx=1/0; d=3; нет выхода в наблюдаемой выборке,0.15011534725947276,0.029007293138962602,0.05578858913022596,0.0,0.0,0.0,0.234911,Оборот 27000 (+0.150); связей 1 (+0.029); seed 1 (+0.056); внешних групп 0 (+0.000); 1–2д 0% (+0.000); цикл +0.00
100000002109656100,3,False,1,0,500000.0,0.0,1,0,2,0,0.0,0.0,0,0.0003076827063708533,0.0,True,False,24,False,1,1.0,terminal,0.55,1.0,in=1/500000 KZT; out=0/0 KZT; tx=1/0; d=3; нет выхода в наблюдаемой выборке,0.19305566681091327,0.029007293138962602,0.08842282173954807,0.0,0.0,0.0,0.310486,Оборот 500000 (+0.193); связей 1 (+0.029); seed 2 (+0.088); внешних групп 0 (+0.000); 1–2д 0% (+0.000); цикл +0.00
100000002116705100,3,False,1,0,17600.0,0.0,1,0,1,0,0.0,0.0,0,0.0002867641258335001,0.0,True,False,22,False,1,1.0,terminal,0.55,1.0,in=1/17600 KZT; out=0/0 KZT; tx=1/0; d=3; нет выхода в наблюдаемой выборке,0.1438198336133267,0.029007293138962602,0.05578858913022596,0.0,0.0,0.0,0.228616,Оборот 17600 (+0.144); связей 1 (+0.029); seed 1 (+0.056); внешних групп 0 (+0.000); 1–2д 0% (+0.000); цикл +0.00
100000002119762100,4,False,1,0,77000.0,0.0,6,0,3,0,0.0,0.0,0,0.0005263978442081984,0.0,True,True,10,False,3,0.5,peripheral,0.2,1.0,in=1/77000 KZT; out=0/0 KZT; tx=6/0; d=4; граница выгрузки; роль неизвестна,0.16553266110880818,0.029007293138962602,0.11157717826045192,0.0,0.0,0.0,0.306117,Оборот 77000 (+0.166); связей 1 (+0.029); seed 3 (+0.112); внешних групп 0 (+0.000); 1–2д 0% (+0.000); цикл +0.00
100000002121357100,3,False,2,1,255300.0,113000.0,2,1,3,0,0.0,0.0,0,0.00032447778886328225,0.4426165295730513,True,False,4,False,3,0.3333333333333333,peripheral,0.4,1.0,in=2/255300 KZT; out=1/113000 KZT; tx=2/1; d=3; недостаточно признаков других ролей,0.18855808110747505,0.058014586277925204,0.11157717826045192,0.0,0.0,0.0,0.35815,Оборот 368300 (+0.189); связей 3 (+0.058); seed 3 (+0.112); внешних групп 0 (+0.000); 1–2д 0% (+0.000); цикл +0.00
100000002126791100,4,False,1,0,1313000.0,0.0,3,0,2,0,0.0,0.0,0,0.0005683342478644302,0.0,True,True,4,False,3,0.3333333333333333,peripheral,0.2,1.0,in=1/1313000 KZT; out=0/0 KZT; tx=3/0; d=4; граница выгрузки; роль неизвестна,0.20725948010870995,0.029007293138962602,0.08842282173954807,0.0,0.0,0.0,0.32469,Оборот 1313000 (+0.207); связей 1 (+0.029); seed 2 (+0.088); внешних групп 0 (+0.000); 1–2д 0% (+0.000); цикл +0.00
100000002130400100,4,False,1,0,10000.0,0.0,1,0,1,0,0.0,0.0,0,0.0003157779418017346,0.0,True,True,26,False,1,1.0,peripheral,0.2,1.0,in=1/10000 KZT; out=0/0 KZT; tx=1/0; d=4; граница выгрузки; роль неизвестна,0.13550359676243048,0.029007293138962602,0.05578858913022596,0.0,0.0,0.0,0.220299,Оборот 10000 (+0.136); связей 1 (+0.029); seed 1 (+0.056); внешних групп 0 (+0.000); 1–2д 0% (+0.000); цикл +0.00
100000002132479100,2,False,1,1,30000.0,20000.0,2,1,3,0,0.0,0.0,0,0.0006016152484827284,0.6666666666666666,True,False,40,True,3,0.3333333333333333,peripheral,0.4,1.0,in=1/30000 KZT; out=1/20000 KZT; tx=2/1; d=2; недостаточно признаков других ролей,0.1591804002131276,0.04597547187268181,0.11157717826045192,0.0,0.0,0.1,0.416733,Оборот 50000 (+0.159); связей 2 (+0.046); seed 3 (+0.112); внешних групп 0 (+0.000); 1–2д 0% (+0.000); цикл +0.10
100000002152857100,1,False,1,5,105000.0,1230000.0,1,6,1,1,105000.0,1.0,1,0.0002980865828117828,11.714285714285714,True,False,41,False,5,0.2857142857142857,distributor,0.8,0.6666666666666666,in=1/105000 KZT; out=5/1230000 KZT; tx=1/6; d=1; рассылка многим получателям,0.20750394403832947,0.08143376716923444,0.05578858913022596,0.039397430255579034,0.1,0.0,0.484124,Оборот 1335000 (+0.208); связей 6 (+0.081); seed 1 (+0.056); внешних групп 1 (+0.039); 1–2д 100% (+0.100); цикл +0.00
100000002156381100,2,False,2,1,61000.0,21800.0,7,3,4,0,5000.0,0.08196721311475409,1,0.0010744198062093452,0.35737704918032787,True,False,53,True,8,0.3,peripheral,0.4,1.0,in=2/61000 KZT; out=1/21800 KZT; tx=7/3; d=2; недостаточно признаков других ролей,0.16660106882907771,0.058014586277925204,0.12953709247559939,0.0,0.00819672131147541,0.1,0.462349,Оборот 82800 (+0.167); связей 3 (+0.058); seed 4 (+0.130); внешних групп 0 (+0.000); 1–2д 8% (+0.008); цикл +0.10
100000002158488100,1,False,1,0,31723.0,0.0,1,0,1,0,0.0,0.0,0,0.00029064543908560405,0.0,True,False,22,False,1,1.0,terminal,0.55,1.0,in=1/31723 KZT; out=0/0 KZT; tx=1/0; d=1; нет выхода в наблюдаемой выборке,0.15248690859129893,0.029007293138962602,0.05578858913022596,0.0,0.0,0.0,0.237283,Оборот 31723 (+0.152); связей 1 (+0.029); seed 1 (+0.056); внешних групп 0 (+0.000); 1–2д 0% (+0.000); цикл +0.00
100000002170580100,2,False,1,0,150000.0,0.0,1,0,1,0,0.0,0.0,0,0.00035498931600651317,0.0,True,False,11,False,1,1.0,terminal,0.55,1.0,in=1/150000 KZT; out=0/0 KZT; tx=1/0; d=2; нет выхода в наблюдаемой выборке,0.17534294010700102,0.029007293138962602,0.05578858913022596,0.0,0.0,0.0,0.260139,Оборот 150000 (+0.175); связей 1 (+0.029); seed 1 (+0.056); внешних групп 0 (+0.000); 1–2д 0% (+0.000); цикл +0.00
100000002173070100,2,False,1,0,30000.0,0.0,1,0,4,0,0.0,0.0,0,0.00028897235165066987,0.0,True,False,16,False,1,1.0,terminal,0.55,1.0,in=1/30000 KZT; out=0/0 KZT; tx=1/0; d=2; нет выхода в наблюдаемой выборке,0.15166535208139753,0.029007293138962602,0.12953709247559939,0.0,0.0,0.0,0.31021,Оборот 30000 (+0.152); связей 1 (+0.029); seed 4 (+0.130); внешних групп 0 (+0.000); 1–2д 0% (+0.000); цикл +0.00
100000002173161100,1,False,3,0,1427500.0,0.0,5,0,3,2,0.0,0.0,0,0.0004328870259687804,0.0,True,False,16,False,3,0.4,consolidator,0.75,0.6666666666666666,in=3/1427500 KZT; out=0/0 KZT; tx=5/0; d=1; сбор; выход 0% наблюдаемого входа,0.20848954687052018,0.058014586277925204,0.11157717826045192,0.062443449579869886,0.0,0.0,0.440525,Оборот 1427500 (+0.208); связей 3 (+0.058); seed 3 (+0.112); внешних групп 2 (+0.062); 1–2д 0% (+0.000); цикл +0.00
100000002175422100,2,False,3,6,68500.0,1621188.0,5,14,2,0,38500.0,0.5620437956204379,2,0.0008395716046131359,23.66697810218978,True,False,36,True,11,0.15789473684210525,distributor,0.8,0.6666666666666666,in=3/68500 KZT; out=6/1621188 KZT; tx=5/14; d=2; рассылка многим получателям,0.21097026408328395,0.09636014203495331,0.08842282173954807,0.0,0.0562043795620438,0.1,0.551958,Оборот 1689688 (+0.211); связей 9 (+0.096); seed 2 (+0.088); внешних групп 0 (+0.000); 1–2д 56% (+0.056); цикл +0.10
100000002182176100,1,False,1,0,42465.0,0.0,1,0,1,0,0.0,0.0,0,0.0002919437640080474,0.0,True,False,0,False,1,1.0,terminal,0.55,1.0,in=1/42465 KZT; out=0/0 KZT; tx=1/0; d=1; нет выхода в наблюдаемой выборке,0.15677736030259076,0.029007293138962602,0.05578858913022596,0.0,0.0,0.0,0.241573,Оборот 42465 (+0.157); связей 1 (+0.029); seed 1 (+0.056); внешних групп 0 (+0.000); 1–2д 0% (+0.000); цикл +0.00
100000002184107100,3,False,1,0,6066.0,0.0,1,0,1,0,0.0,0.0,0,0.00028861820127229997,0.0,True,False,38,False,1,1.0,terminal,0.55,1.0,in=1/6066 KZT; out=0/0 KZT; tx=1/0; d=3; нет выхода в наблюдаемой выборке,0.1281502543892704,0.029007293138962602,0.05578858913022596,0.0,0.0,0.0,0.212946,Оборот 6066 (+0.128); связей 1 (+0.029); seed 1 (+0.056); внешних групп 0 (+0.000); 1–2д 0% (+0.000); цикл +0.00
100000002185328100,3,False,1,4,15000.0,55000.0,1,4,1,0,0.0,0.0,0,0.0003497926665262542,3.6666666666666665,True,False,32,False,5,0.2,peripheral,0.4,0.6666666666666666,in=1/15000 KZT; out=4/55000 KZT; tx=1/4; d=3; недостаточно признаков других ролей,0.16413048100875918,0.0749827650116444,0.05578858913022596,0.0,0.0,0.0,0.294902,Оборот 70000 (+0.164); связей 5 (+0.075); seed 1 (+0.056); внешних групп 0 (+0.000); 1–2д 0% (+0.000); цикл +0.00
100000002188586100,4,False,1,0,38310.0,0.0,1,0,2,0,0.0,0.0,0,0.00029826891592706344,0.0,True,True,18,False,1,1.0,peripheral,0.2,1.0,in=1/38310 KZT; out=0/0 KZT; tx=1/0; d=4; граница выгрузки; роль неизвестна,0.15526251878564512,0.029007293138962602,0.08842282173954807,0.0,0.0,0.0,0.272693,Оборот 38310 (+0.155); связей 1 (+0.029); seed 2 (+0.088); внешних групп 0 (+0.000); 1–2д 0% (+0.000); цикл +0.00
100000002188829100,1,False,1,0,400000.0,0.0,1,0,4,0,0.0,0.0,0,0.0003634836666854837,0.0,True,False,2,False,1,1.0,terminal,0.55,1.0,in=1/400000 KZT; out=0/0 KZT; tx=1/0; d=1; нет выхода в наблюдаемой выборке,0.1897727959772685,0.029007293138962602,0.12953709247559939,0.0,0.0,0.0,0.348317,Оборот 400000 (+0.190); связей 1 (+0.029); seed 4 (+0.130); внешних групп 0 (+0.000); 1–2д 0% (+0.000); цикл +0.00
100000002193259100,2,False,2,3,48000.0,58000.0,2,3,4,0,0.0,0.0,0,0.0008834378882258184,1.2083333333333333,True,False,7,True,4,0.4,peripheral,0.4,1.0,in=2/48000 KZT; out=3/58000 KZT; tx=2/3; d=2; недостаточно признаков других ролей,0.17023504547545898,0.0749827650116444,0.12953709247559939,0.0,0.0,0.1,0.474755,Оборот 106000 (+0.170); связей 5 (+0.075); seed 4 (+0.130); внешних групп 0 (+0.000); 1–2д 0% (+0.000); цикл +0.10
100000002194320100,4,False,1,0,275000.0,0.0,1,0,1,0,0.0,0.0,0,0.00048356941027140376,0.0,True,True,45,False,1,1.0,peripheral,0.2,1.0,in=1/275000 KZT; out=0/0 KZT; tx=1/0; d=4; граница выгрузки; роль неизвестна,0.1842603390176875,0.029007293138962602,0.05578858913022596,0.0,0.0,0.0,0.269056,Оборот 275000 (+0.184); связей 1 (+0.029); seed 1 (+0.056); внешних групп 0 (+0.000); 1–2д 0% (+0.000); цикл +0.00
100000002194329100,3,False,1,0,25170.0,0.0,1,0,2,0,0.0,0.0,0,0.0002854449635224705,0.0,True,False,0,False,1,1.0,terminal,0.55,1.0,in=1/25170 KZT; out=0/0 KZT; tx=1/0; d=3; нет выхода в наблюдаемой выборке,0.14908284209245343,0.029007293138962602,0.08842282173954807,0.0,0.0,0.0,0.266513,Оборот 25170 (+0.149); связей 1 (+0.029); seed 2 (+0.088); внешних групп 0 (+0.000); 1–2д 0% (+0.000); цикл +0.00
100000002199091100,2,False,1,0,65000.0,0.0,1,0,1,0,0.0,0.0,0,0.0003059470402587071,0.0,True,False,22,False,1,1.0,terminal,0.55,1.0,in=1/65000 KZT; out=0/0 KZT; tx=1/0; d=2; нет выхода в наблюдаемой выборке,0.16304022392303275,0.029007293138962602,0.05578858913022596,0.0,0.0,0.0,0.247836,Оборот 65000 (+0.163); связей 1 (+0.029); seed 1 (+0.056); внешних групп 0 (+0.000); 1–2д 0% (+0.000); цикл +0.00
100000002205022100,2,False,1,3,7100.0,518000.0,1,3,4,1,6000.0,0.8450704225352113,1,0.0005423513337942088,72.95774647887323,True,False,31,False,4,0.25,peripheral,0.4,1.0,in=1/7100 KZT; out=3/518000 KZT; tx=1/3; d=2; недостаточно признаков других ролей,0.19377626618119487,0.06735284889599069,0.12953709247559939,0.039397430255579034,0.08450704225352113,0.0,0.514571,Оборот 525100 (+0.194); связей 4 (+0.067); seed 4 (+0.130); внешних групп 1 (+0.039); 1–2д 85% (+0.085); цикл +0.00
100000002208836100,4,False,1,0,90000.0,0.0,1,0,3,0,0.0,0.0,0,0.00032798591103584,0.0,True,True,10,False,1,1.0,peripheral,0.2,1.0,in=1/90000 KZT; out=0/0 KZT; tx=1/0; d=4; граница выгрузки; роль неизвестна,0.16782776120697507,0.029007293138962602,0.11157717826045192,0.0,0.0,0.0,0.308412,Оборот 90000 (+0.168); связей 1 (+0.029); seed 3 (+0.112); внешних групп 0 (+0.000); 1–2д 0% (+0.000); цикл +0.00
100000002211413100,1,False,1,0,37000.0,0.0,1,0,1,0,0.0,0.0,0,0.000291744680258503,0.0,True,False,22,False,1,1.0,terminal,0.55,1.0,in=1/37000 KZT; out=0/0 KZT; tx=1/0; d=1; нет выхода в наблюдаемой выборке,0.15475065860631537,0.029007293138962602,0.05578858913022596,0.0,0.0,0.0,0.239547,Оборот 37000 (+0.155); связей 1 (+0.029); seed 1 (+0.056); внешних групп 0 (+0.000); 1–2д 0% (+0.000); цикл +0.00
100000002212494100,3,False,1,0,160000.0,0.0,1,0,1,0,0.0,0.0,0,0.0003544681903953361,0.0,True,False,36,False,1,1.0,terminal,0.55,1.0,in=1/160000 KZT; out=0/0 KZT; tx=1/0; d=3; нет выхода в наблюдаемой выборке,0.1762924218837635,0.029007293138962602,0.05578858913022596,0.0,0.0,0.0,0.261088,Оборот 160000 (+0.176); связей 1 (+0.029); seed 1 (+0.056); внешних групп 0 (+0.000); 1–2д 0% (+0.000); цикл +0.00
100000002214207100,4,False,1,0,97000.0,0.0,1,0,1,0,0.0,0.0,0,0.0006860180338415032,0.0,True,True,26,False,1,1.0,peripheral,0.2,1.0,in=1/97000 KZT; out=0/0 KZT; tx=1/0; d=4; граница выгрузки; роль неизвестна,0.16892969418794296,0.029007293138962602,0.05578858913022596,0.0,0.0,0.0,0.253726,Оборот 97000 (+0.169); связей 1 (+0.029); seed 1 (+0.056); внешних групп 0 (+0.000); 1–2д 0% (+0.000); цикл +0.00
100000002214301100,1,False,1,1,21438.0,8000.0,1,1,1,1,0.0,0.0,0,0.00028802878629473084,0.373169138912212,True,False,0,False,2,0.5,peripheral,0.4,1.0,in=1/21438 KZT; out=1/8000 KZT; tx=1/1; d=1; недостаточно признаков других ролей,0.15138714327028077,0.04597547187268181,0.05578858913022596,0.039397430255579034,0.0,0.0,0.292549,Оборот 29438 (+0.151); связей 2 (+0.046); seed 1 (+0.056); внешних групп 1 (+0.039); 1–2д 0% (+0.000); цикл +0.00
100000002214383100,4,False,1,0,213000.0,0.0,1,0,1,0,0.0,0.0,0,0.0005277341146250449,0.0,True,True,22,False,1,1.0,peripheral,0.2,1.0,in=1/213000 KZT; out=0/0 KZT; tx=1/0; d=4; граница выгрузки; роль неизвестна,0.18050175969121282,0.029007293138962602,0.05578858913022596,0.0,0.0,0.0,0.265298,Оборот 213000 (+0.181); связей 1 (+0.029); seed 1 (+0.056); внешних групп 0 (+0.000); 1–2д 0% (+0.000); цикл +0.00
100000002214570100,1,False,1,0,26471.0,0.0,1,0,1,0,0.0,0.0,0,0.0002895514056120271,0.0,True,False,22,False,1,1.0,terminal,0.55,1.0,in=1/26471 KZT; out=0/0 KZT; tx=1/0; d=1; нет выхода в наблюдаемой выборке,0.14982425161038707,0.029007293138962602,0.05578858913022596,0.0,0.0,0.0,0.23462,Оборот 26471 (+0.150); связей 1 (+0.029); seed 1 (+0.056); внешних групп 0 (+0.000); 1–2д 0% (+0.000); цикл +0.00
100000002214664100,3,False,1,1,7950.0,76950.0,1,2,1,0,0.0,0.0,0,0.00028526901154280214,9.679245283018869,True,False,22,False,1,1.0,peripheral,0.4,1.0,in=1/7950 KZT; out=1/76950 KZT; tx=1/2; d=3; недостаточно признаков других ролей,0.16696954056296429,0.04597547187268181,0.05578858913022596,0.0,0.0,0.0,0.268734,Оборот 84900 (+0.167); связей 2 (+0.046); seed 1 (+0.056); внешних групп 0 (+0.000); 1–2д 0% (+0.000); цикл +0.00
100000002216999100,3,False,1,0,23677.0,0.0,1,0,1,0,0.0,0.0,0,0.00028770566050133133,0.0,True,False,22,False,1,1.0,terminal,0.55,1.0,in=1/23677 KZT; out=0/0 KZT; tx=1/0; d=3; нет выхода в наблюдаемой выборке,0.14818326199567544,0.029007293138962602,0.05578858913022596,0.0,0.0,0.0,0.232979,Оборот 23677 (+0.148); связей 1 (+0.029); seed 1 (+0.056); внешних групп 0 (+0.000); 1–2д 0% (+0.000); цикл +0.00
100000002217161100,2,False,2,7,404750.0,995132.0,15,19,2,1,188000.0,0.4644842495367511,8,0.0008841209656734937,2.4586337245213095,True,False,38,True,21,0.08823529411764706,distributor,0.8,1.0,in=2/404750 KZT; out=7/995132 KZT; tx=15/19; d=2; рассылка многим получателям,0.2082021237724474,0.09636014203495331,0.08842282173954807,0.039397430255579034,0.04644842495367511,0.1,0.578831,Оборот 1399882 (+0.208); связей 9 (+0.096); seed 2 (+0.088); внешних групп 1 (+0.039); 1–2д 46% (+0.046); цикл +0.10
100000002217806100,4,False,1,0,55000.0,0.0,2,0,1,0,0.0,0.0,0,0.0004609320753181809,0.0,True,True,19,False,2,0.5,peripheral,0.2,1.0,in=1/55000 KZT; out=0/0 KZT; tx=2/0; d=4; граница выгрузки; роль неизвестна,0.16058257267085202,0.029007293138962602,0.05578858913022596,0.0,0.0,0.0,0.245378,Оборот 55000 (+0.161); связей 1 (+0.029); seed 1 (+0.056); внешних групп 0 (+0.000); 1–2д 0% (+0.000); цикл +0.00
100000002224132100,2,False,5,4,3951020.0,12115000.0,10,25,2,0,685000.0,0.17337295179472642,4,0.006338446905608361,3.0662968043695047,True,False,21,True,15,0.2,peripheral,0.4,1.0,in=5/3951020 KZT; out=4/12115000 KZT; tx=10/25; d=2; недостаточно признаков других ролей,0.24410397398118158,0.09636014203495331,0.08842282173954807,0.0,0.017337295179472644,0.1,0.546224,Оборот 16066020 (+0.244); связей 9 (+0.096); seed 2 (+0.088); внешних групп 0 (+0.000); 1–2д 17% (+0.017); цикл +0.10
100000002227960100,4,False,1,0,10000.0,0.0,1,0,1,0,0.0,0.0,0,0.0002977946813798124,0.0,True,True,32,False,1,1.0,peripheral,0.2,1.0,in=1/10000 KZT; out=0/0 KZT; tx=1/0; d=4; граница выгрузки; роль неизвестна,0.13550359676243048,0.029007293138962602,0.05578858913022596,0.0,0.0,0.0,0.220299,Оборот 10000 (+0.136); связей 1 (+0.029); seed 1 (+0.056); внешних групп 0 (+0.000); 1–2д 0% (+0.000); цикл +0.00
100000002227989100,4,False,1,0,20000.0,0.0,1,0,1,0,0.0,0.0,0,0.00039215501855496647,0.0,True,True,32,False,1,1.0,peripheral,0.2,1.0,in=1/20000 KZT; out=0/0 KZT; tx=1/0; d=4; граница выгрузки; роль неизвестна,0.14570041229327152,0.029007293138962602,0.05578858913022596,0.0,0.0,0.0,0.230496,Оборот 20000 (+0.146); связей 1 (+0.029); seed 1 (+0.056); внешних групп 0 (+0.000); 1–2д 0% (+0.000); цикл +0.00
100000002229615100,4,False,1,0,25000.0,0.0,1,0,2,0,0.0,0.0,0,0.0007137725691573382,0.0,True,True,32,False,1,1.0,peripheral,0.2,1.0,in=1/25000 KZT; out=0/0 KZT; tx=1/0; d=4; граница выгрузки; роль неизвестна,0.14898314336993435,0.029007293138962602,0.08842282173954807,0.0,0.0,0.0,0.266413,Оборот 25000 (+0.149); связей 1 (+0.029); seed 2 (+0.088); внешних групп 0 (+0.000); 1–2д 0% (+0.000); цикл +0.00
100000002231144100,4,False,1,0,15000.0,0.0,1,0,1,0,0.0,0.0,0,0.00036512558523169096,0.0,True,True,32,False,1,1.0,peripheral,0.2,1.0,in=1/15000 KZT; out=0/0 KZT; tx=1/0; d=4; граница выгрузки; роль неизвестна,0.14146829138193068,0.029007293138962602,0.05578858913022596,0.0,0.0,0.0,0.226264,Оборот 15000 (+0.141); связей 1 (+0.029); seed 1 (+0.056); внешних групп 0 (+0.000); 1–2д 0% (+0.000); цикл +0.00
100000002232266100,3,False,1,0,45000.0,0.0,1,0,1,0,0.0,0.0,0,0.00029312079829016863,0.0,True,False,8,False,1,1.0,terminal,0.55,1.0,in=1/45000 KZT; out=0/0 KZT; tx=1/0; d=3; нет выхода в наблюдаемой выборке,0.15763037359693888,0.029007293138962602,0.05578858913022596,0.0,0.0,0.0,0.242426,Оборот 45000 (+0.158); связей 1 (+0.029); seed 1 (+0.056); внешних групп 0 (+0.000); 1–2д 0% (+0.000); цикл +0.00
100000002236528100,3,False,1,0,66000.0,0.0,1,0,1,0,0.0,0.0,0,0.0003055512576602778,0.0,True,False,1,False,1,1.0,terminal,0.55,1.0,in=1/66000 KZT; out=0/0 KZT; tx=1/0; d=3; нет выхода в наблюдаемой выборке,0.16326483487748522,0.029007293138962602,0.05578858913022596,0.0,0.0,0.0,0.248061,Оборот 66000 (+0.163); связей 1 (+0.029); seed 1 (+0.056); внешних групп 0 (+0.000); 1–2д 0% (+0.000); цикл +0.00
100000002241986100,3,False,1,6,280000.0,3077000.0,1,12,3,1,0.0,0.0,0,0.0002930366835593749,10.989285714285714,True,False,30,False,12,0.15384615384615385,distributor,0.8,1.0,in=1/280000 KZT; out=6/3077000 KZT; tx=1/12; d=3; рассылка многим получателям,0.22107007402361886,0.08702187941688781,0.11157717826045192,0.039397430255579034,0.0,0.0,0.459067,Оборот 3357000 (+0.221); связей 7 (+0.087); seed 3 (+0.112); внешних групп 1 (+0.039); 1–2д 0% (+0.000); цикл +0.00
100000002242066100,4,False,1,0,60000.0,0.0,1,0,1,0,0.0,0.0,0,0.0005306041951614817,0.0,True,True,38,False,1,1.0,peripheral,0.2,1.0,in=1/60000 KZT; out=0/0 KZT; tx=1/0; d=4; граница выгрузки; роль неизвестна,0.16186265796174829,0.029007293138962602,0.05578858913022596,0.0,0.0,0.0,0.246659,Оборот 60000 (+0.162); связей 1 (+0.029); seed 1 (+0.056); внешних групп 0 (+0.000); 1–2д 0% (+0.000); цикл +0.00
100000002242455100,4,False,1,0,110000.0,0.0,1,0,3,0,0.0,0.0,0,0.0005290205259978642,0.0,True,True,10,False,1,1.0,peripheral,0.2,1.0,in=1/110000 KZT; out=0/0 KZT; tx=1/0; d=4; граница выгрузки; роль неизвестна,0.17077999000111155,0.029007293138962602,0.11157717826045192,0.0,0.0,0.0,0.311364,Оборот 110000 (+0.171); связей 1 (+0.029); seed 3 (+0.112); внешних групп 0 (+0.000); 1–2д 0% (+0.000); цикл +0.00
100000002243354100,1,False,1,0,20879.0,0.0,1,0,1,0,0.0,0.0,0,0.0002883865474276703,0.0,True,False,22,False,1,1.0,terminal,0.55,1.0,in=1/20879 KZT; out=0/0 KZT; tx=1/0; d=1; нет выхода в наблюдаемой выборке,0.14633316604379532,0.029007293138962602,0.05578858913022596,0.0,0.0,0.0,0.231129,Оборот 20879 (+0.146); связей 1 (+0.029); seed 1 (+0.056); внешних групп 0 (+0.000); 1–2д 0% (+0.000); цикл +0.00
100000002255058100,3,False,1,0,491500.0,0.0,2,0,1,0,0.0,0.0,0,0.0004236117150079548,0.0,True,False,2,False,2,0.5,terminal,0.55,1.0,in=1/491500 KZT; out=0/0 KZT; tx=2/0; d=3; нет выхода в наблюдаемой выборке,0.19280341377919719,0.029007293138962602,0.05578858913022596,0.0,0.0,0.0,0.277599,Оборот 491500 (+0.193); связей 1 (+0.029); seed 1 (+0.056); внешних групп 0 (+0.000); 1–2д 0% (+0.000); цикл +0.00
100000002257794100,3,False,1,0,154000.0,0.0,1,0,1,0,0.0,0.0,0,0.0008545062954237597,0.0,True,False,34,False,1,1.0,terminal,0.55,1.0,in=1/154000 KZT; out=0/0 KZT; tx=1/0; d=3; нет выхода в наблюдаемой выборке,0.17573011665104812,0.029007293138962602,0.05578858913022596,0.0,0.0,0.0,0.260526,Оборот 154000 (+0.176); связей 1 (+0.029); seed 1 (+0.056); внешних групп 0 (+0.000); 1–2д 0% (+0.000); цикл +0.00
100000002258492100,4,False,1,0,9000.0,0.0,1,0,1,0,0.0,0.0,0,0.0005369136656115084,0.0,True,True,49,False,1,1.0,peripheral,0.2,1.0,in=1/9000 KZT; out=0/0 KZT; tx=1/0; d=4; граница выгрузки; роль неизвестна,0.13395370090262443,0.029007293138962602,0.05578858913022596,0.0,0.0,0.0,0.21875,Оборот 9000 (+0.134); связей 1 (+0.029); seed 1 (+0.056); внешних групп 0 (+0.000); 1–2д 0% (+0.000); цикл +0.00
100000002267998100,2,False,2,3,420000.0,1115000.0,4,12,2,0,250000.0,0.5952380952380952,2,0.0015903175477344944,2.6547619047619047,True,False,29,True,12,0.1875,peripheral,0.4,1.0,in=2/420000 KZT; out=3/1115000 KZT; tx=4/12; d=2; недостаточно признаков других ролей,0.20955771831089956,0.0749827650116444,0.08842282173954807,0.0,0.05952380952380953,0.1,0.532487,Оборот 1535000 (+0.210); связей 5 (+0.075); seed 2 (+0.088); внешних групп 0 (+0.000); 1–2д 60% (+0.060); цикл +0.10
100000002284426100,3,False,1,0,90000.0,0.0,2,0,3,0,0.0,0.0,0,0.00028692994900035,0.0,True,False,10,False,2,0.5,terminal,0.55,1.0,in=1/90000 KZT; out=0/0 KZT; tx=2/0; d=3; нет выхода в наблюдаемой выборке,0.16782776120697507,0.029007293138962602,0.11157717826045192,0.0,0.0,0.0,0.308412,Оборот 90000 (+0.168); связей 1 (+0.029); seed 3 (+0.112); внешних групп 0 (+0.000); 1–2д 0% (+0.000); цикл +0.00
100000002289937100,1,False,1,0,20000.0,0.0,1,0,1,0,0.0,0.0,0,0.00028820344471950694,0.0,True,False,22,False,1,1.0,terminal,0.55,1.0,in=1/20000 KZT; out=0/0 KZT; tx=1/0; d=1; нет выхода в наблюдаемой выборке,0.14570041229327152,0.029007293138962602,0.05578858913022596,0.0,0.0,0.0,0.230496,Оборот 20000 (+0.146); связей 1 (+0.029); seed 1 (+0.056); внешних групп 0 (+0.000); 1–2д 0% (+0.000); цикл +0.00
100000002293421100,2,False,2,2,41000.0,47000.0,6,5,1,0,10000.0,0.24390243902439024,1,0.000966990515632811,1.146341463414634,True,False,0,True,8,0.18181818181818182,peripheral,0.4,1.0,in=2/41000 KZT; out=2/47000 KZT; tx=6/5; d=2; недостаточно признаков других ролей,0.16749714524742768,0.06735284889599069,0.05578858913022596,0.0,0.024390243902439025,0.1,0.415029,Оборот 88000 (+0.167); связей 4 (+0.067); seed 1 (+0.056); внешних групп 0 (+0.000); 1–2д 24% (+0.024); цикл +0.10
100000002299948100,2,False,1,0,6750.0,0.0,1,0,1,0,0.0,0.0,0,0.0002914315900142916,0.0,True,False,42,False,1,1.0,terminal,0.55,1.0,in=1/6750 KZT; out=0/0 KZT; tx=1/0; d=2; нет выхода в наблюдаемой выборке,0.12972187962296172,0.029007293138962602,0.05578858913022596,0.0,0.0,0.0,0.214518,Оборот 6750 (+0.130); связей 1 (+0.029); seed 1 (+0.056); внешних групп 0 (+0.000); 1–2д 0% (+0.000); цикл +0.00
100000002301828100,3,False,1,0,46977.0,0.0,1,0,1,0,0.0,0.0,0,0.0002913774696539976,0.0,True,False,28,False,1,1.0,terminal,0.55,1.0,in=1/46977 KZT; out=0/0 KZT; tx=1/0; d=3; нет выхода в наблюдаемой выборке,0.15826290967761866,0.029007293138962602,0.05578858913022596,0.0,0.0,0.0,0.243059,Оборот 46977 (+0.158); связей 1 (+0.029); seed 1 (+0.056); внешних групп 0 (+0.000); 1–2д 0% (+0.000); цикл +0.00
100000002304943100,4,False,1,0,15000.0,0.0,1,0,1,0,0.0,0.0,0,0.00030467337943878637,0.0,True,True,32,False,1,1.0,peripheral,0.2,1.0,in=1/15000 KZT; out=0/0 KZT; tx=1/0; d=4; граница выгрузки; роль неизвестна,0.14146829138193068,0.029007293138962602,0.05578858913022596,0.0,0.0,0.0,0.226264,Оборот 15000 (+0.141); связей 1 (+0.029); seed 1 (+0.056); внешних групп 0 (+0.000); 1–2д 0% (+0.000); цикл +0.00
100000002305007100,3,False,1,0,56000.0,0.0,1,0,1,0,0.0,0.0,0,0.0002927135961716142,0.0,True,False,22,False,1,1.0,terminal,0.55,1.0,in=1/56000 KZT; out=0/0 KZT; tx=1/0; d=3; нет выхода в наблюдаемой выборке,0.1608476553610097,0.029007293138962602,0.05578858913022596,0.0,0.0,0.0,0.245644,Оборот 56000 (+0.161); связей 1 (+0.029); seed 1 (+0.056); внешних групп 0 (+0.000); 1–2д 0% (+0.000); цикл +0.00
100000002305477100,4,False,1,0,20000.0,0.0,1,0,1,0,0.0,0.0,0,0.0003115520774977603,0.0,True,True,32,False,1,1.0,peripheral,0.2,1.0,in=1/20000 KZT; out=0/0 KZT; tx=1/0; d=4; граница выгрузки; роль неизвестна,0.14570041229327152,0.029007293138962602,0.05578858913022596,0.0,0.0,0.0,0.230496,Оборот 20000 (+0.146); связей 1 (+0.029); seed 1 (+0.056); внешних групп 0 (+0.000); 1–2д 0% (+0.000); цикл +0.00
100000002306369100,1,False,1,6,73166.0,260900.0,1,9,1,2,0.0,0.0,0,0.0002976599256467277,3.5658639258672062,True,False,2,True,5,0.5,distributor,0.8,1.0,in=1/73166 KZT; out=6/260900 KZT; tx=1/9; d=1; рассылка многим получателям,0.1871227978426969,0.08702187941688781,0.05578858913022596,0.062443449579869886,0.0,0.1,0.492377,Оборот 334066 (+0.187); связей 7 (+0.087); seed 1 (+0.056); внешних групп 2 (+0.062); 1–2д 0% (+0.000); цикл +0.10
100000002308091100,3,False,1,0,186720.0,0.0,1,0,1,0,0.0,0.0,0,0.0005577182795091786,0.0,True,False,24,False,1,1.0,terminal,0.55,1.0,in=1/186720 KZT; out=0/0 KZT; tx=1/0; d=3; нет выхода в наблюдаемой выборке,0.17856446961631905,0.029007293138962602,0.05578858913022596,0.0,0.0,0.0,0.26336,Оборот 186720 (+0.179); связей 1 (+0.029); seed 1 (+0.056); внешних групп 0 (+0.000); 1–2д 0% (+0.000); цикл +0.00
100000002320495100,4,False,1,0,13526.27,0.0,1,0,1,0,0.0,0.0,0,0.0005322429220083295,0.0,True,True,28,False,1,1.0,peripheral,0.2,1.0,in=1/13526 KZT; out=0/0 KZT; tx=1/0; d=4; граница выгрузки; роль неизвестна,0.13994693948567596,0.029007293138962602,0.05578858913022596,0.0,0.0,0.0,0.224743,Оборот 13526 (+0.140); связей 1 (+0.029); seed 1 (+0.056); внешних групп 0 (+0.000); 1–2д 0% (+0.000); цикл +0.00
100000002324543100,1,False,1,0,30202.0,0.0,1,0,1,0,0.0,0.0,0,0.00028725962080077157,0.0,True,False,4,False,1,1.0,terminal,0.55,1.0,in=1/30202 KZT; out=0/0 KZT; tx=1/0; d=1; нет выхода в наблюдаемой выборке,0.15176407729358893,0.029007293138962602,0.05578858913022596,0.0,0.0,0.0,0.23656,Оборот 30202 (+0.152); связей 1 (+0.029); seed 1 (+0.056); внешних групп 0 (+0.000); 1–2д 0% (+0.000); цикл +0.00
100000002335358100,2,False,1,0,140000.0,0.0,2,0,1,0,0.0,0.0,0,0.0006085156749016257,0.0,True,False,16,False,2,0.5,terminal,0.55,1.0,in=1/140000 KZT; out=0/0 KZT; tx=2/0; d=2; нет выхода в наблюдаемой выборке,0.1743279269979761,0.029007293138962602,0.05578858913022596,0.0,0.0,0.0,0.259124,Оборот 140000 (+0.174); связей 1 (+0.029); seed 1 (+0.056); внешних групп 0 (+0.000); 1–2д 0% (+0.000); цикл +0.00
100000002340562100,2,False,1,0,36650.0,0.0,2,0,1,0,0.0,0.0,0,0.0005277216136092518,0.0,True,False,1,False,2,0.5,terminal,0.55,1.0,in=1/36650 KZT; out=0/0 KZT; tx=2/0; d=2; нет выхода в наблюдаемой выборке,0.15461083284496213,0.029007293138962602,0.05578858913022596,0.0,0.0,0.0,0.239407,Оборот 36650 (+0.155); связей 1 (+0.029); seed 1 (+0.056); внешних групп 0 (+0.000); 1–2д 0% (+0.000); цикл +0.00
100000002343825100,3,False,3,2,350000.0,89800.0,4,2,3,0,0.0,0.0,0,0.0003318282003304323,0.25657142857142856,True,False,4,False,3,0.5,peripheral,0.4,1.0,in=3/350000 KZT; out=2/89800 KZT; tx=4/2; d=3; недостаточно признаков других ролей,0.1911683030818974,0.0749827650116444,0.11157717826045192,0.0,0.0,0.0,0.377728,Оборот 439800 (+0.191); связей 5 (+0.075); seed 3 (+0.112); внешних групп 0 (+0.000); 1–2д 0% (+0.000); цикл +0.00
100000002346166100,3,False,1,0,6000.0,0.0,1,0,1,0,0.0,0.0,0,0.0002849668900021948,0.0,True,False,22,False,1,1.0,terminal,0.55,1.0,in=1/6000 KZT; out=0/0 KZT; tx=1/0; d=3; нет выхода в наблюдаемой выборке,0.12798933314284874,0.029007293138962602,0.05578858913022596,0.0,0.0,0.0,0.212785,Оборот 6000 (+0.128); связей 1 (+0.029); seed 1 (+0.056); внешних групп 0 (+0.000); 1–2д 0% (+0.000); цикл +0.00
100000002356167100,3,False,1,2,300000.0,29500.0,1,3,3,0,0.0,0.0,0,0.00029367949772348274,0.09833333333333333,True,False,10,False,3,0.5,peripheral,0.4,1.0,in=1/300000 KZT; out=2/29500 KZT; tx=1/3; d=3; недостаточно признаков других ролей,0.18692032920955312,0.058014586277925204,0.11157717826045192,0.0,0.0,0.0,0.356512,Оборот 329500 (+0.187); связей 3 (+0.058); seed 3 (+0.112); внешних групп 0 (+0.000); 1–2д 0% (+0.000); цикл +0.00
100000002369443100,3,False,1,0,50000.0,0.0,1,0,1,0,0.0,0.0,0,0.00029178399143128385,0.0,True,False,22,False,1,1.0,terminal,0.55,1.0,in=1/50000 KZT; out=0/0 KZT; tx=1/0; d=3; нет выхода в наблюдаемой выборке,0.1591804002131276,0.029007293138962602,0.05578858913022596,0.0,0.0,0.0,0.243976,Оборот 50000 (+0.159); связей 1 (+0.029); seed 1 (+0.056); внешних групп 0 (+0.000); 1–2д 0% (+0.000); цикл +0.00
100000002369454100,4,False,1,0,25000.0,0.0,1,0,1,0,0.0,0.0,0,0.00042634752850913694,0.0,True,True,8,False,1,1.0,peripheral,0.2,1.0,in=1/25000 KZT; out=0/0 KZT; tx=1/0; d=4; граница выгрузки; роль неизвестна,0.14898314336993435,0.029007293138962602,0.05578858913022596,0.0,0.0,0.0,0.233779,Оборот 25000 (+0.149); связей 1 (+0.029); seed 1 (+0.056); внешних групп 0 (+0.000); 1–2д 0% (+0.000); цикл +0.00
100000002369510100,3,False,1,0,37150.0,0.0,1,0,1,0,0.0,0.0,0,0.0002897930879457431,0.0,True,False,22,False,1,1.0,terminal,0.55,1.0,in=1/37150 KZT; out=0/0 KZT; tx=1/0; d=3; нет выхода в наблюдаемой выборке,0.15481017949488274,0.029007293138962602,0.05578858913022596,0.0,0.0,0.0,0.239606,Оборот 37150 (+0.155); связей 1 (+0.029); seed 1 (+0.056); внешних групп 0 (+0.000); 1–2д 0% (+0.000); цикл +0.00
100000002369874100,3,False,4,0,600000.0,0.0,4,0,4,1,0.0,0.0,0,0.0003355310766508473,0.0,True,False,4,False,1,1.0,consolidator,0.75,1.0,in=4/600000 KZT; out=0/0 KZT; tx=4/0; d=3; сбор; выход 0% наблюдаемого входа,0.195737968694513,0.06735284889599069,0.12953709247559939,0.039397430255579034,0.0,0.0,0.432025,Оборот 600000 (+0.196); связей 4 (+0.067); seed 4 (+0.130); внешних групп 1 (+0.039); 1–2д 0% (+0.000); цикл +0.00
100000002371751100,1,False,1,1,200000.0,250000.0,5,1,1,0,170000.0,0.85,2,0.0005254689777410252,1.25,True,False,37,False,4,0.5,transit,0.65,1.0,in=1/200000 KZT; out=1/250000 KZT; tx=5/1; d=1; вход≈выход; сценарий 1–2д 85% входа,0.19150561077149508,0.04597547187268181,0.05578858913022596,0.0,0.085,0.0,0.37827,Оборот 450000 (+0.192); связей 2 (+0.046); seed 1 (+0.056); внешних групп 0 (+0.000); 1–2д 85% (+0.085); цикл +0.00
100000002371892100,4,False,1,0,43830.0,0.0,1,0,1,0,0.0,0.0,0,0.0003048594515114791,0.0,True,True,54,False,1,1.0,peripheral,0.2,1.0,in=1/43830 KZT; out=0/0 KZT; tx=1/0; d=4; граница выгрузки; роль неизвестна,0.15724281090826703,0.029007293138962602,0.05578858913022596,0.0,0.0,0.0,0.242039,Оборот 43830 (+0.157); связей 1 (+0.029); seed 1 (+0.056); внешних групп 0 (+0.000); 1–2д 0% (+0.000); цикл +0.00
100000002373144100,3,False,1,1,46468.0,10764.0,1,1,1,0,0.0,0.0,0,0.00028812682252995554,0.2316432813979513,True,False,0,False,2,0.5,peripheral,0.4,1.0,in=1/46468 KZT; out=1/10764 KZT; tx=1/1; d=3; недостаточно признаков других ролей,0.16116780382331072,0.04597547187268181,0.05578858913022596,0.0,0.0,0.0,0.262932,Оборот 57232 (+0.161); связей 2 (+0.046); seed 1 (+0.056); внешних групп 0 (+0.000); 1–2д 0% (+0.000); цикл +0.00
100000002373386100,3,False,1,0,24000.0,0.0,1,0,1,0,0.0,0.0,0,0.0002877557042231858,0.0,True,False,22,False,1,1.0,terminal,0.55,1.0,in=1/24000 KZT; out=0/0 KZT; tx=1/0; d=3; нет выхода в наблюдаемой выборке,0.1483825964868302,0.029007293138962602,0.05578858913022596,0.0,0.0,0.0,0.233178,Оборот 24000 (+0.148); связей 1 (+0.029); seed 1 (+0.056); внешних групп 0 (+0.000); 1–2д 0% (+0.000); цикл +0.00
100000002380341100,3,False,1,0,57566.4,0.0,1,0,1,0,0.0,0.0,0,0.0003074312834790813,0.0,True,False,0,False,1,1.0,terminal,0.55,1.0,in=1/57566 KZT; out=0/0 KZT; tx=1/0; d=3; нет выхода в наблюдаемой выборке,0.16125351244666278,0.029007293138962602,0.05578858913022596,0.0,0.0,0.0,0.246049,Оборот 57566 (+0.161); связей 1 (+0.029); seed 1 (+0.056); внешних групп 0 (+0.000); 1–2д 0% (+0.000); цикл +0.00
100000002391278100,3,False,1,1,30000.0,52700.0,5,2,1,0,20000.0,0.6666666666666666,2,0.00039632653282288305,1.7566666666666666,True,False,41,True,6,0.2857142857142857,peripheral,0.4,1.0,in=1/30000 KZT; out=1/52700 KZT; tx=5/2; d=3; недостаточно признаков других ролей,0.16658329024253093,0.04597547187268181,0.05578858913022596,0.0,0.06666666666666667,0.1,0.435014,Оборот 82700 (+0.167); связей 2 (+0.046); seed 1 (+0.056); внешних групп 0 (+0.000); 1–2д 67% (+0.067); цикл +0.10
100000002394199100,3,False,1,1,277398.0,76777.0,3,1,1,0,0.0,0.0,0,0.0031600985432035456,0.2767756076107254,True,False,1,True,3,0.5,peripheral,0.4,1.0,in=1/277398 KZT; out=1/76777 KZT; tx=3/1; d=3; недостаточно признаков других ролей,0.18798274689874278,0.04597547187268181,0.05578858913022596,0.0,0.0,0.1,0.389747,Оборот 354175 (+0.188); связей 2 (+0.046); seed 1 (+0.056); внешних групп 0 (+0.000); 1–2д 0% (+0.000); цикл +0.10
100000002398779100,2,False,13,1,1095690.0,66000.0,28,3,5,2,66000.0,0.06023601566136407,3,0.0015896782248303984,0.06023601566136407,True,False,0,False,5,0.41935483870967744,consolidator,0.75,1.0,in=13/1095690 KZT; out=1/66000 KZT; tx=28/3; d=2; сбор; выход 6% наблюдаемого входа,0.20545816796370509,0.1133283207686725,0.14421141086977404,0.062443449579869886,0.006023601566136408,0.0,0.531465,Оборот 1161690 (+0.205); связей 14 (+0.113); seed 5 (+0.144); внешних групп 2 (+0.062); 1–2д 6% (+0.006); цикл +0.00
100000002404112100,4,False,1,0,60000.0,0.0,1,0,1,0,0.0,0.0,0,0.0003281641704460614,0.0,True,True,14,False,1,1.0,peripheral,0.2,1.0,in=1/60000 KZT; out=0/0 KZT; tx=1/0; d=4; граница выгрузки; роль неизвестна,0.16186265796174829,0.029007293138962602,0.05578858913022596,0.0,0.0,0.0,0.246659,Оборот 60000 (+0.162); связей 1 (+0.029); seed 1 (+0.056); внешних групп 0 (+0.000); 1–2д 0% (+0.000); цикл +0.00
100000002432143100,2,False,1,0,81310.0,0.0,1,0,3,0,0.0,0.0,0,0.00033334575290665355,0.0,True,False,2,False,1,1.0,terminal,0.55,1.0,in=1/81310 KZT; out=0/0 KZT; tx=1/0; d=2; нет выхода в наблюдаемой выборке,0.166333916916596,0.029007293138962602,0.11157717826045192,0.0,0.0,0.0,0.306918,Оборот 81310 (+0.166); связей 1 (+0.029); seed 3 (+0.112); внешних групп 0 (+0.000); 1–2д 0% (+0.000); цикл +0.00
100000002433697100,3,False,1,1,130000.0,110000.0,1,1,3,0,0.0,0.0,0,0.00028821557732856574,0.8461538461538461,True,False,10,False,1,1.0,peripheral,0.4,1.0,in=1/130000 KZT; out=1/110000 KZT; tx=1/1; d=3; недостаточно признаков других ролей,0.1822575762111966,0.04597547187268181,0.11157717826045192,0.0,0.0,0.0,0.33981,Оборот 240000 (+0.182); связей 2 (+0.046); seed 3 (+0.112); внешних групп 0 (+0.000); 1–2д 0% (+0.000); цикл +0.00
100000002435265100,3,False,1,0,132628.0,0.0,3,0,2,0,0.0,0.0,0,0.00029145474860503703,0.0,True,False,0,False,3,0.3333333333333333,terminal,0.55,1.0,in=1/132628 KZT; out=0/0 KZT; tx=3/0; d=3; нет выхода в наблюдаемой выборке,0.17353210124435564,0.029007293138962602,0.08842282173954807,0.0,0.0,0.0,0.290962,Оборот 132628 (+0.174); связей 1 (+0.029); seed 2 (+0.088); внешних групп 0 (+0.000); 1–2д 0% (+0.000); цикл +0.00
100000002443664100,2,False,3,0,556880.0,0.0,3,0,4,2,0.0,0.0,0,0.0003368888799785791,0.0,True,False,24,False,1,1.0,consolidator,0.75,0.6666666666666666,in=3/556880 KZT; out=0/0 KZT; tx=3/0; d=2; сбор; выход 0% наблюдаемого входа,0.19464075467719902,0.058014586277925204,0.12953709247559939,0.062443449579869886,0.0,0.0,0.444636,Оборот 556880 (+0.195); связей 3 (+0.058); seed 4 (+0.130); внешних групп 2 (+0.062); 1–2д 0% (+0.000); цикл +0.00
100000002445750100,2,False,1,1,70000.0,10000.0,1,1,2,0,0.0,0.0,0,0.000534091662057598,0.14285714285714285,True,False,0,False,2,0.5,peripheral,0.4,1.0,in=1/70000 KZT; out=1/10000 KZT; tx=1/1; d=2; недостаточно признаков других ролей,0.16609496275913513,0.04597547187268181,0.08842282173954807,0.0,0.0,0.0,0.300493,Оборот 80000 (+0.166); связей 2 (+0.046); seed 2 (+0.088); внешних групп 0 (+0.000); 1–2д 0% (+0.000); цикл +0.00
100000002448088100,3,False,3,1,20000.0,25000.0,3,1,2,1,0.0,0.0,0,0.0005055709222145072,1.25,True,False,32,False,2,0.75,peripheral,0.4,1.0,in=3/20000 KZT; out=1/25000 KZT; tx=3/1; d=3; недостаточно признаков других ролей,0.15763037359693888,0.06735284889599069,0.08842282173954807,0.039397430255579034,0.0,0.0,0.352803,Оборот 45000 (+0.158); связей 4 (+0.067); seed 2 (+0.088); внешних групп 1 (+0.039); 1–2д 0% (+0.000); цикл +0.00
100000002454724100,2,False,1,0,125000.0,0.0,3,0,3,0,0.0,0.0,0,0.0002995110557839527,0.0,True,False,33,False,3,0.3333333333333333,terminal,0.55,1.0,in=1/125000 KZT; out=0/0 KZT; tx=3/0; d=2; нет выхода в наблюдаемой выборке,0.1726606529352228,0.029007293138962602,0.11157717826045192,0.0,0.0,0.0,0.313245,Оборот 125000 (+0.173); связей 1 (+0.029); seed 3 (+0.112); внешних групп 0 (+0.000); 1–2д 0% (+0.000); цикл +0.00
100000002457464100,2,False,1,0,66647.0,0.0,1,0,2,0,0.0,0.0,0,0.0003203962118978573,0.0,True,False,2,False,1,1.0,terminal,0.55,1.0,in=1/66647 KZT; out=0/0 KZT; tx=1/0; d=2; нет выхода в наблюдаемой выборке,0.1634083521486558,0.029007293138962602,0.08842282173954807,0.0,0.0,0.0,0.280838,Оборот 66647 (+0.163); связей 1 (+0.029); seed 2 (+0.088); внешних групп 0 (+0.000); 1–2д 0% (+0.000); цикл +0.00
100000002459093100,2,False,1,1,500000.0,55000.0,2,3,1,0,0.0,0.0,0,0.00038703468176470195,0.11,True,False,41,False,4,0.4,peripheral,0.4,1.0,in=1/500000 KZT; out=1/55000 KZT; tx=2/3; d=2; недостаточно признаков других ролей,0.1945910038865217,0.04597547187268181,0.05578858913022596,0.0,0.0,0.0,0.296355,Оборот 555000 (+0.195); связей 2 (+0.046); seed 1 (+0.056); внешних групп 0 (+0.000); 1–2д 0% (+0.000); цикл +0.00
100000002459163100,2,False,1,0,20180.0,0.0,1,0,1,0,0.0,0.0,0,0.00036264891830233486,0.0,True,False,39,False,1,1.0,terminal,0.55,1.0,in=1/20180 KZT; out=0/0 KZT; tx=1/0; d=2; нет выхода в наблюдаемой выборке,0.14583222105635002,0.029007293138962602,0.05578858913022596,0.0,0.0,0.0,0.230628,Оборот 20180 (+0.146); связей 1 (+0.029); seed 1 (+0.056); внешних групп 0 (+0.000); 1–2д 0% (+0.000); цикл +0.00
100000002459164100,3,False,1,0,20000.0,0.0,1,0,1,0,0.0,0.0,0,0.0005386020384945114,0.0,True,False,0,False,1,1.0,terminal,0.55,1.0,in=1/20000 KZT; out=0/0 KZT; tx=1/0; d=3; нет выхода в наблюдаемой выборке,0.14570041229327152,0.029007293138962602,0.05578858913022596,0.0,0.0,0.0,0.230496,Оборот 20000 (+0.146); связей 1 (+0.029); seed 1 (+0.056); внешних групп 0 (+0.000); 1–2д 0% (+0.000); цикл +0.00
100000002459240100,3,False,1,0,150000.0,0.0,1,0,3,0,0.0,0.0,0,0.00028885839149267364,0.0,True,False,10,False,1,1.0,terminal,0.55,1.0,in=1/150000 KZT; out=0/0 KZT; tx=1/0; d=3; нет выхода в наблюдаемой выборке,0.17534294010700102,0.029007293138962602,0.11157717826045192,0.0,0.0,0.0,0.315927,Оборот 150000 (+0.175); связей 1 (+0.029); seed 3 (+0.112); внешних групп 0 (+0.000); 1–2д 0% (+0.000); цикл +0.00
100000002459832100,3,False,2,0,880606.0,0.0,2,0,2,1,0.0,0.0,0,0.0003908552213375193,0.0,True,False,35,False,2,0.5,terminal,0.55,1.0,in=2/880606 KZT; out=0/0 KZT; tx=2/0; d=3; нет выхода в наблюдаемой выборке,0.2013826538851406,0.04597547187268181,0.08842282173954807,0.039397430255579034,0.0,0.0,0.375178,Оборот 880606 (+0.201); связей 2 (+0.046); seed 2 (+0.088); внешних групп 1 (+0.039); 1–2д 0% (+0.000); цикл +0.00
100000002462183100,1,False,1,0,107500.0,0.0,3,0,1,0,0.0,0.0,0,0.0003781123779327591,0.0,True,False,55,False,3,0.3333333333333333,terminal,0.55,1.0,in=1/107500 KZT; out=0/0 KZT; tx=3/0; d=1; нет выхода в наблюдаемой выборке,0.17044177232250632,0.029007293138962602,0.05578858913022596,0.0,0.0,0.0,0.255238,Оборот 107500 (+0.170); связей 1 (+0.029); seed 1 (+0.056); внешних групп 0 (+0.000); 1–2д 0% (+0.000); цикл +0.00
100000002469065100,2,False,1,0,200000.0,0.0,1,0,4,0,0.0,0.0,0,0.00031693772785390024,0.0,True,False,16,False,1,1.0,terminal,0.55,1.0,in=1/200000 KZT; out=0/0 KZT; tx=1/0; d=2; нет выхода в наблюдаемой выборке,0.17957528168352788,0.029007293138962602,0.12953709247559939,0.0,0.0,0.0,0.33812,Оборот 200000 (+0.180); связей 1 (+0.029); seed 4 (+0.130); внешних групп 0 (+0.000); 1–2д 0% (+0.000); цикл +0.00
100000002472632100,3,False,2,1,502400.0,20000.0,3,1,1,0,0.0,0.0,0,0.000978855505826558,0.03980891719745223,True,False,13,False,3,0.5,peripheral,0.4,1.0,in=2/502400 KZT; out=1/20000 KZT; tx=3/1; d=3; недостаточно признаков других ролей,0.19370042409182509,0.058014586277925204,0.05578858913022596,0.0,0.0,0.0,0.307504,Оборот 522400 (+0.194); связей 3 (+0.058); seed 1 (+0.056); внешних групп 0 (+0.000); 1–2д 0% (+0.000); цикл +0.00
100000002474570100,4,False,1,0,6750.0,0.0,1,0,1,0,0.0,0.0,0,0.00028762572564817665,0.0,True,True,47,False,1,1.0,peripheral,0.2,1.0,in=1/6750 KZT; out=0/0 KZT; tx=1/0; d=4; граница выгрузки; роль неизвестна,0.12972187962296172,0.029007293138962602,0.05578858913022596,0.0,0.0,0.0,0.214518,Оборот 6750 (+0.130); связей 1 (+0.029); seed 1 (+0.056); внешних групп 0 (+0.000); 1–2д 0% (+0.000); цикл +0.00
100000002475601100,3,False,1,0,232301.0,0.0,1,0,1,0,0.0,0.0,0,0.00030046663147134927,0.0,True,False,35,False,1,1.0,terminal,0.55,1.0,in=1/232301 KZT; out=0/0 KZT; tx=1/0; d=3; нет выхода в наблюдаемой выборке,0.18177789521753768,0.029007293138962602,0.05578858913022596,0.0,0.0,0.0,0.266574,Оборот 232301 (+0.182); связей 1 (+0.029); seed 1 (+0.056); внешних групп 0 (+0.000); 1–2д 0% (+0.000); цикл +0.00
100000002478829100,4,False,1,0,34000.0,0.0,1,0,2,0,0.0,0.0,0,0.00038507250327418174,0.0,True,True,32,False,1,1.0,peripheral,0.2,1.0,in=1/34000 KZT; out=0/0 KZT; tx=1/0; d=4; граница выгрузки; роль неизвестна,0.15350668908664886,0.029007293138962602,0.08842282173954807,0.0,0.0,0.0,0.270937,Оборот 34000 (+0.154); связей 1 (+0.029); seed 2 (+0.088); внешних групп 0 (+0.000); 1–2д 0% (+0.000); цикл +0.00
100000002479804100,1,False,1,2,46000.0,35300.0,1,2,1,1,23000.0,0.5,1,0.0002953599725780101,0.7673913043478261,True,False,2,False,3,0.3333333333333333,transit,0.65,0.6666666666666666,in=1/46000 KZT; out=2/35300 KZT; tx=1/2; d=1; вход≈выход; сценарий 1–2д 50% входа,0.16633210746140434,0.058014586277925204,0.05578858913022596,0.039397430255579034,0.05,0.0,0.369533,Оборот 81300 (+0.166); связей 3 (+0.058); seed 1 (+0.056); внешних групп 1 (+0.039); 1–2д 50% (+0.050); цикл +0.00
100000002480800100,1,False,2,0,569251.0,0.0,2,0,4,0,0.0,0.0,0,0.000636975461303058,0.0,True,False,2,False,1,1.0,terminal,0.55,1.0,in=2/569251 KZT; out=0/0 KZT; tx=2/0; d=1; нет выхода в наблюдаемой выборке,0.19496400057076402,0.04597547187268181,0.12953709247559939,0.0,0.0,0.0,0.370477,Оборот 569251 (+0.195); связей 2 (+0.046); seed 4 (+0.130); внешних групп 0 (+0.000); 1–2д 0% (+0.000); цикл +0.00
100000002481735100,2,False,1,0,22436.0,0.0,2,0,1,0,0.0,0.0,0,0.00036065608764891704,0.0,True,False,16,False,2,0.5,terminal,0.55,1.0,in=1/22436 KZT; out=0/0 KZT; tx=2/0; d=2; нет выхода в наблюдаемой выборке,0.14739124433815012,0.029007293138962602,0.05578858913022596,0.0,0.0,0.0,0.232187,Оборот 22436 (+0.147); связей 1 (+0.029); seed 1 (+0.056); внешних групп 0 (+0.000); 1–2д 0% (+0.000); цикл +0.00
100000002481974100,3,False,2,2,89447.0,318000.0,2,4,2,1,59000.0,0.6596084832358827,1,0.00032981202007399256,3.5551779265934016,True,False,8,False,5,0.3333333333333333,peripheral,0.4,1.0,in=2/89447 KZT; out=2/318000 KZT; tx=2/4; d=3; недостаточно признаков других ролей,0.19004417669762072,0.06735284889599069,0.08842282173954807,0.039397430255579034,0.06596084832358827,0.0,0.451178,Оборот 407447 (+0.190); связей 4 (+0.067); seed 2 (+0.088); внешних групп 1 (+0.039); 1–2д 66% (+0.066); цикл +0.00
100000002487222100,4,False,1,0,90000.0,0.0,2,0,3,0,0.0,0.0,0,0.00030872898195819767,0.0,True,True,10,False,2,0.5,peripheral,0.2,1.0,in=1/90000 KZT; out=0/0 KZT; tx=2/0; d=4; граница выгрузки; роль неизвестна,0.16782776120697507,0.029007293138962602,0.11157717826045192,0.0,0.0,0.0,0.308412,Оборот 90000 (+0.168); связей 1 (+0.029); seed 3 (+0.112); внешних групп 0 (+0.000); 1–2д 0% (+0.000); цикл +0.00
100000002488629100,2,False,1,0,73050.0,0.0,1,0,1,0,0.0,0.0,0,0.00029778933199689554,0.0,True,False,41,False,1,1.0,terminal,0.55,1.0,in=1/73050 KZT; out=0/0 KZT; tx=1/0; d=2; нет выхода в наблюдаемой выборке,0.1647579209328307,0.029007293138962602,0.05578858913022596,0.0,0.0,0.0,0.249554,Оборот 73050 (+0.165); связей 1 (+0.029); seed 1 (+0.056); внешних групп 0 (+0.000); 1–2д 0% (+0.000); цикл +0.00
100000002489253100,2,False,1,0,51000.0,0.0,1,0,1,0,0.0,0.0,0,0.0003001846977514889,0.0,True,False,16,False,1,1.0,terminal,0.55,1.0,in=1/51000 KZT; out=0/0 KZT; tx=1/0; d=2; нет выхода в наблюдаемой выборке,0.1594717298325002,0.029007293138962602,0.05578858913022596,0.0,0.0,0.0,0.244268,Оборот 51000 (+0.159); связей 1 (+0.029); seed 1 (+0.056); внешних групп 0 (+0.000); 1–2д 0% (+0.000); цикл +0.00
100000002492277100,2,False,1,0,138500.0,0.0,1,0,2,0,0.0,0.0,0,0.0003057244658601102,0.0,True,False,2,False,1,1.0,terminal,0.55,1.0,in=1/138500 KZT; out=0/0 KZT; tx=1/0; d=2; нет выхода в наблюдаемой выборке,0.17416944951534175,0.029007293138962602,0.08842282173954807,0.0,0.0,0.0,0.2916,Оборот 138500 (+0.174); связей 1 (+0.029); seed 2 (+0.088); внешних групп 0 (+0.000); 1–2д 0% (+0.000); цикл +0.00
100000002505277100,4,False,1,0,60000.0,0.0,1,0,2,0,0.0,0.0,0,0.0004053235851470021,0.0,True,True,0,False,1,1.0,peripheral,0.2,1.0,in=1/60000 KZT; out=0/0 KZT; tx=1/0; d=4; граница выгрузки; роль неизвестна,0.16186265796174829,0.029007293138962602,0.08842282173954807,0.0,0.0,0.0,0.279293,Оборот 60000 (+0.162); связей 1 (+0.029); seed 2 (+0.088); внешних групп 0 (+0.000); 1–2д 0% (+0.000); цикл +0.00
100000002506987100,4,False,1,0,28200.0,0.0,1,0,2,0,0.0,0.0,0,0.0002945131919378919,0.0,True,True,18,False,1,1.0,peripheral,0.2,1.0,in=1/28200 KZT; out=0/0 KZT; tx=1/0; d=4; граница выгрузки; роль неизвестна,0.1507550751429158,0.029007293138962602,0.08842282173954807,0.0,0.0,0.0,0.268185,Оборот 28200 (+0.151); связей 1 (+0.029); seed 2 (+0.088); внешних групп 0 (+0.000); 1–2д 0% (+0.000); цикл +0.00
100000002508637100,3,False,1,1,306410.0,8000.0,1,1,1,0,0.0,0.0,0,0.00030570794519035486,0.02610880845925394,True,False,35,False,2,0.5,peripheral,0.4,1.0,in=1/306410 KZT; out=1/8000 KZT; tx=1/1; d=3; недостаточно признаков других ролей,0.18623065709328798,0.04597547187268181,0.05578858913022596,0.0,0.0,0.0,0.287995,Оборот 314410 (+0.186); связей 2 (+0.046); seed 1 (+0.056); внешних групп 0 (+0.000); 1–2д 0% (+0.000); цикл +0.00
100000002509598100,3,False,1,0,305550.0,0.0,1,0,2,0,0.0,0.0,0,0.0002984870021015675,0.0,True,False,24,False,1,1.0,terminal,0.55,1.0,in=1/305550 KZT; out=0/0 KZT; tx=1/0; d=3; нет выхода в наблюдаемой выборке,0.1858101254849666,0.029007293138962602,0.08842282173954807,0.0,0.0,0.0,0.30324,Оборот 305550 (+0.186); связей 1 (+0.029); seed 2 (+0.088); внешних групп 0 (+0.000); 1–2д 0% (+0.000); цикл +0.00
100000002511581100,3,False,1,0,17600.0,0.0,1,0,1,0,0.0,0.0,0,0.0002867641258335001,0.0,True,False,22,False,1,1.0,terminal,0.55,1.0,in=1/17600 KZT; out=0/0 KZT; tx=1/0; d=3; нет выхода в наблюдаемой выборке,0.1438198336133267,0.029007293138962602,0.05578858913022596,0.0,0.0,0.0,0.228616,Оборот 17600 (+0.144); связей 1 (+0.029); seed 1 (+0.056); внешних групп 0 (+0.000); 1–2д 0% (+0.000); цикл +0.00
100000002511825100,1,False,1,0,65000.0,0.0,1,0,1,0,0.0,0.0,0,0.0002961395134145052,0.0,True,False,0,False,1,1.0,terminal,0.55,1.0,in=1/65000 KZT; out=0/0 KZT; tx=1/0; d=1; нет выхода в наблюдаемой выборке,0.16304022392303275,0.029007293138962602,0.05578858913022596,0.0,0.0,0.0,0.247836,Оборот 65000 (+0.163); связей 1 (+0.029); seed 1 (+0.056); внешних групп 0 (+0.000); 1–2д 0% (+0.000); цикл +0.00
100000002512742100,4,False,1,0,6000.0,0.0,1,0,1,0,0.0,0.0,0,0.00028722701004969754,0.0,True,True,47,False,1,1.0,peripheral,0.2,1.0,in=1/6000 KZT; out=0/0 KZT; tx=1/0; d=4; граница выгрузки; роль неизвестна,0.12798933314284874,0.029007293138962602,0.05578858913022596,0.0,0.0,0.0,0.212785,Оборот 6000 (+0.128); связей 1 (+0.029); seed 1 (+0.056); внешних групп 0 (+0.000); 1–2д 0% (+0.000); цикл +0.00
100000002513028100,3,False,1,3,9500.0,332709.0,1,24,1,1,0.0,0.0,0,0.00030391711574902046,35.022,True,False,56,False,16,0.12,peripheral,0.4,1.0,in=1/9500 KZT; out=3/332709 KZT; tx=1/24; d=3; недостаточно признаков других ролей,0.1874771060650069,0.06735284889599069,0.05578858913022596,0.039397430255579034,0.0,0.0,0.350016,Оборот 342209 (+0.187); связей 4 (+0.067); seed 1 (+0.056); внешних групп 1 (+0.039); 1–2д 0% (+0.000); цикл +0.00
100000002514975100,4,False,1,0,17920.0,0.0,1,0,1,0,0.0,0.0,0,0.0005278984509395556,0.0,True,True,14,False,1,1.0,peripheral,0.2,1.0,in=1/17920 KZT; out=0/0 KZT; tx=1/0; d=4; граница выгрузки; роль неизвестна,0.14408490615394423,0.029007293138962602,0.05578858913022596,0.0,0.0,0.0,0.228881,Оборот 17920 (+0.144); связей 1 (+0.029); seed 1 (+0.056); внешних групп 0 (+0.000); 1–2д 0% (+0.000); цикл +0.00
100000002516862100,4,False,1,0,81710.0,0.0,5,0,1,0,0.0,0.0,0,0.0003474804364818864,0.0,True,True,56,False,3,0.4,peripheral,0.2,1.0,in=1/81710 KZT; out=0/0 KZT; tx=5/0; d=4; граница выгрузки; роль неизвестна,0.16640611323801105,0.029007293138962602,0.05578858913022596,0.0,0.0,0.0,0.251202,Оборот 81710 (+0.166); связей 1 (+0.029); seed 1 (+0.056); внешних групп 0 (+0.000); 1–2д 0% (+0.000); цикл +0.00
100000002521039100,3,False,1,0,349370.0,0.0,1,0,2,0,0.0,0.0,0,0.00030357644115808696,0.0,True,False,0,False,1,1.0,terminal,0.55,1.0,in=1/349370 KZT; out=0/0 KZT; tx=1/0; d=3; нет выхода в наблюдаемой выборке,0.18778178790248623,0.029007293138962602,0.08842282173954807,0.0,0.0,0.0,0.305212,Оборот 349370 (+0.188); связей 1 (+0.029); seed 2 (+0.088); внешних групп 0 (+0.000); 1–2д 0% (+0.000); цикл +0.00
100000002527114100,0,True,3,111,129000.0,3289249.0,4,113,0,0,129000.0,1.0,4,0.0008060903429097847,25.49805426356589,True,False,22,True,25,0.09401709401709402,distributor,0.8,1.0,in=3/129000 KZT; out=111/3289249 KZT; tx=4/113; d=0; рассылка многим получателям,0.22133607661549534,0.19856913658759556,0.0,0.0,0.0,0.1,0.519905,Оборот 3418249 (+0.221); связей 114 (+0.199); seed 0 (+0.000); внешних групп 0 (+0.000); 1–2д 100% (+0.000); цикл +0.10
100000002528544100,3,False,1,0,192912.0,0.0,1,0,1,0,0.0,0.0,0,0.000297680868526526,0.0,True,False,35,False,1,1.0,terminal,0.55,1.0,in=1/192912 KZT; out=0/0 KZT; tx=1/0; d=3; нет выхода в наблюдаемой выборке,0.1790444293313981,0.029007293138962602,0.05578858913022596,0.0,0.0,0.0,0.26384,Оборот 192912 (+0.179); связей 1 (+0.029); seed 1 (+0.056); внешних групп 0 (+0.000); 1–2д 0% (+0.000); цикл +0.00
100000002528978100,4,False,1,0,15900.0,0.0,1,0,2,0,0.0,0.0,0,0.00028994391349409273,0.0,True,True,18,False,1,1.0,peripheral,0.2,1.0,in=1/15900 KZT; out=0/0 KZT; tx=1/0; d=4; граница выгрузки; роль неизвестна,0.14232548550234653,0.029007293138962602,0.08842282173954807,0.0,0.0,0.0,0.259756,Оборот 15900 (+0.142); связей 1 (+0.029); seed 2 (+0.088); внешних групп 0 (+0.000); 1–2д 0% (+0.000); цикл +0.00
100000002529877100,4,False,1,0,232000.0,0.0,1,0,1,0,0.0,0.0,0,0.0003041700900496275,0.0,True,True,24,False,1,1.0,peripheral,0.2,1.0,in=1/232000 KZT; out=0/0 KZT; tx=1/0; d=4; граница выгрузки; роль неизвестна,0.18175882017608586,0.029007293138962602,0.05578858913022596,0.0,0.0,0.0,0.266555,Оборот 232000 (+0.182); связей 1 (+0.029); seed 1 (+0.056); внешних групп 0 (+0.000); 1–2д 0% (+0.000); цикл +0.00
100000002529880100,3,False,2,0,147000.0,0.0,2,0,2,0,0.0,0.0,0,0.00030461053766666783,0.0,True,False,4,False,1,1.0,terminal,0.55,1.0,in=2/147000 KZT; out=0/0 KZT; tx=2/0; d=3; нет выхода в наблюдаемой выборке,0.17504572076014563,0.04597547187268181,0.08842282173954807,0.0,0.0,0.0,0.309444,Оборот 147000 (+0.175); связей 2 (+0.046); seed 2 (+0.088); внешних групп 0 (+0.000); 1–2д 0% (+0.000); цикл +0.00
100000002530224100,3,False,1,0,113000.0,0.0,1,0,1,0,0.0,0.0,0,0.00028981978328973827,0.0,True,False,4,False,1,1.0,terminal,0.55,1.0,in=1/113000 KZT; out=0/0 KZT; tx=1/0; d=3; нет выхода в наблюдаемой выборке,0.17117584772358546,0.029007293138962602,0.05578858913022596,0.0,0.0,0.0,0.255972,Оборот 113000 (+0.171); связей 1 (+0.029); seed 1 (+0.056); внешних групп 0 (+0.000); 1–2д 0% (+0.000); цикл +0.00
100000002531406100,3,False,1,1,520000.0,500000.0,1,1,1,0,0.0,0.0,0,0.0003208139673636725,0.9615384615384616,True,False,35,False,2,0.5,peripheral,0.4,1.0,in=1/520000 KZT; out=1/500000 KZT; tx=1/1; d=3; недостаточно признаков других ролей,0.20354453827265614,0.04597547187268181,0.05578858913022596,0.0,0.0,0.0,0.305309,Оборот 1020000 (+0.204); связей 2 (+0.046); seed 1 (+0.056); внешних групп 0 (+0.000); 1–2д 0% (+0.000); цикл +0.00
100000002534091100,3,False,1,0,22200.0,0.0,1,0,2,0,0.0,0.0,0,0.00029476111832301555,0.0,True,False,8,False,1,1.0,terminal,0.55,1.0,in=1/22200 KZT; out=0/0 KZT; tx=1/0; d=3; нет выхода в наблюдаемой выборке,0.14723567939114066,0.029007293138962602,0.08842282173954807,0.0,0.0,0.0,0.264666,Оборот 22200 (+0.147); связей 1 (+0.029); seed 2 (+0.088); внешних групп 0 (+0.000); 1–2д 0% (+0.000); цикл +0.00
100000002537811100,3,False,1,1,52000.0,15000.0,1,1,4,0,0.0,0.0,0,0.0012191914692586555,0.28846153846153844,True,False,11,False,2,0.5,peripheral,0.4,1.0,in=1/52000 KZT; out=1/15000 KZT; tx=1/1; d=3; недостаточно признаков других ролей,0.16348606814612215,0.04597547187268181,0.12953709247559939,0.0,0.0,0.0,0.338999,Оборот 67000 (+0.163); связей 2 (+0.046); seed 4 (+0.130); внешних групп 0 (+0.000); 1–2д 0% (+0.000); цикл +0.00
100000002539625100,2,False,1,0,94700.0,0.0,1,0,1,0,0.0,0.0,0,0.0003430943791937177,0.0,True,False,4,False,1,1.0,terminal,0.55,1.0,in=1/94700 KZT; out=0/0 KZT; tx=1/0; d=2; нет выхода в наблюдаемой выборке,0.16857665537378014,0.029007293138962602,0.05578858913022596,0.0,0.0,0.0,0.253373,Оборот 94700 (+0.169); связей 1 (+0.029); seed 1 (+0.056); внешних групп 0 (+0.000); 1–2д 0% (+0.000); цикл +0.00
100000002540033100,4,False,1,0,10000.0,0.0,1,0,1,0,0.0,0.0,0,0.0005924161595185359,0.0,True,True,46,False,1,1.0,peripheral,0.2,1.0,in=1/10000 KZT; out=0/0 KZT; tx=1/0; d=4; граница выгрузки; роль неизвестна,0.13550359676243048,0.029007293138962602,0.05578858913022596,0.0,0.0,0.0,0.220299,Оборот 10000 (+0.136); связей 1 (+0.029); seed 1 (+0.056); внешних групп 0 (+0.000); 1–2д 0% (+0.000); цикл +0.00
100000002540623100,2,False,1,0,100000.0,0.0,1,0,1,0,0.0,0.0,0,0.0003313386390916303,0.0,True,False,11,False,1,1.0,terminal,0.55,1.0,in=1/100000 KZT; out=0/0 KZT; tx=1/0; d=2; нет выхода в наблюдаемой выборке,0.16937780416926437,0.029007293138962602,0.05578858913022596,0.0,0.0,0.0,0.254174,Оборот 100000 (+0.169); связей 1 (+0.029); seed 1 (+0.056); внешних групп 0 (+0.000); 1–2д 0% (+0.000); цикл +0.00
100000002546921100,3,False,1,0,20000.0,0.0,1,0,1,0,0.0,0.0,0,0.00028967097170599926,0.0,True,False,40,False,1,1.0,terminal,0.55,1.0,in=1/20000 KZT; out=0/0 KZT; tx=1/0; d=3; нет выхода в наблюдаемой выборке,0.14570041229327152,0.029007293138962602,0.05578858913022596,0.0,0.0,0.0,0.230496,Оборот 20000 (+0.146); связей 1 (+0.029); seed 1 (+0.056); внешних групп 0 (+0.000); 1–2д 0% (+0.000); цикл +0.00
100000002547110100,3,False,6,0,1500000.0,0.0,10,0,3,0,0.0,0.0,0,0.0005487451833899909,0.0,True,False,4,False,2,0.8,consolidator,0.75,1.0,in=6/1500000 KZT; out=0/0 KZT; tx=10/0; d=3; сбор; выход 0% наблюдаемого входа,0.20921838324567377,0.08143376716923444,0.11157717826045192,0.0,0.0,0.0,0.402229,Оборот 1500000 (+0.209); связей 6 (+0.081); seed 3 (+0.112); внешних групп 0 (+0.000); 1–2д 0% (+0.000); цикл +0.00
100000002548759100,3,False,2,0,375000.0,0.0,2,0,3,0,0.0,0.0,0,0.0003069181108470045,0.0,True,False,4,False,1,1.0,terminal,0.55,1.0,in=2/375000 KZT; out=0/0 KZT; tx=2/0; d=3; нет выхода в наблюдаемой выборке,0.18882331052255022,0.04597547187268181,0.11157717826045192,0.0,0.0,0.0,0.346376,Оборот 375000 (+0.189); связей 2 (+0.046); seed 3 (+0.112); внешних групп 0 (+0.000); 1–2д 0% (+0.000); цикл +0.00
100000002550141100,3,False,1,0,100586.0,0.0,1,0,1,0,0.0,0.0,0,0.0003060840371200298,0.0,True,False,8,False,1,1.0,terminal,0.55,1.0,in=1/100586 KZT; out=0/0 KZT; tx=1/0; d=3; нет выхода в наблюдаемой выборке,0.16946376375762573,0.029007293138962602,0.05578858913022596,0.0,0.0,0.0,0.25426,Оборот 100586 (+0.169); связей 1 (+0.029); seed 1 (+0.056); внешних групп 0 (+0.000); 1–2д 0% (+0.000); цикл +0.00
100000002554175100,3,False,1,0,24621.0,0.0,1,0,1,0,0.0,0.0,0,0.00029314688304365354,0.0,True,False,18,False,1,1.0,terminal,0.55,1.0,in=1/24621 KZT; out=0/0 KZT; tx=1/0; d=3; нет выхода в наблюдаемой выборке,0.14875841129475975,0.029007293138962602,0.05578858913022596,0.0,0.0,0.0,0.233554,Оборот 24621 (+0.149); связей 1 (+0.029); seed 1 (+0.056); внешних групп 0 (+0.000); 1–2д 0% (+0.000); цикл +0.00
100000002556775100,3,False,1,0,300000.0,0.0,1,0,3,0,0.0,0.0,0,0.00029367949772348274,0.0,True,False,10,False,1,1.0,terminal,0.55,1.0,in=1/300000 KZT; out=0/0 KZT; tx=1/0; d=3; нет выхода в наблюдаемой выборке,0.1855404421408853,0.029007293138962602,0.11157717826045192,0.0,0.0,0.0,0.326125,Оборот 300000 (+0.186); связей 1 (+0.029); seed 3 (+0.112); внешних групп 0 (+0.000); 1–2д 0% (+0.000); цикл +0.00
100000002558173100,2,False,1,0,9300.0,0.0,1,0,1,0,0.0,0.0,0,0.0002942249940318752,0.0,True,False,42,False,1,1.0,terminal,0.55,1.0,in=1/9300 KZT; out=0/0 KZT; tx=1/0; d=2; нет выхода в наблюдаемой выборке,0.13443605061988234,0.029007293138962602,0.05578858913022596,0.0,0.0,0.0,0.219232,Оборот 9300 (+0.134); связей 1 (+0.029); seed 1 (+0.056); внешних групп 0 (+0.000); 1–2д 0% (+0.000); цикл +0.00
100000002559089100,3,False,2,0,715000.0,0.0,2,0,1,1,0.0,0.0,0,0.00039017231458992463,0.0,True,False,24,False,1,1.0,terminal,0.55,1.0,in=2/715000 KZT; out=0/0 KZT; tx=2/0; d=3; нет выхода в наблюдаемой выборке,0.1983177487794445,0.04597547187268181,0.05578858913022596,0.039397430255579034,0.0,0.0,0.339479,Оборот 715000 (+0.198); связей 2 (+0.046); seed 1 (+0.056); внешних групп 1 (+0.039); 1–2д 0% (+0.000); цикл +0.00
100000002565277100,1,False,1,0,483319.0,0.0,1,0,4,0,0.0,0.0,0,0.00038003214932006996,0.0,True,False,2,False,1,1.0,terminal,0.55,1.0,in=1/483319 KZT; out=0/0 KZT; tx=1/0; d=1; нет выхода в наблюдаемой выборке,0.19255647338547127,0.029007293138962602,0.12953709247559939,0.0,0.0,0.0,0.351101,Оборот 483319 (+0.193); связей 1 (+0.029); seed 4 (+0.130); внешних групп 0 (+0.000); 1–2д 0% (+0.000); цикл +0.00
100000002566204100,2,False,1,0,80805.0,0.0,1,0,1,0,0.0,0.0,0,0.00032225914422400674,0.0,True,False,11,False,1,1.0,terminal,0.55,1.0,in=1/80805 KZT; out=0/0 KZT; tx=1/0; d=2; нет выхода в наблюдаемой выборке,0.16624226012558566,0.029007293138962602,0.05578858913022596,0.0,0.0,0.0,0.251038,Оборот 80805 (+0.166); связей 1 (+0.029); seed 1 (+0.056); внешних групп 0 (+0.000); 1–2д 0% (+0.000); цикл +0.00
100000002567887100,3,False,1,0,50915.0,0.0,1,0,3,0,0.0,0.0,0,0.00028567372942014214,0.0,True,False,10,False,1,1.0,terminal,0.55,1.0,in=1/50915 KZT; out=0/0 KZT; tx=1/0; d=3; нет выхода в наблюдаемой выборке,0.15944718993079993,0.029007293138962602,0.11157717826045192,0.0,0.0,0.0,0.300032,Оборот 50915 (+0.159); связей 1 (+0.029); seed 3 (+0.112); внешних групп 0 (+0.000); 1–2д 0% (+0.000); цикл +0.00
100000002570206100,2,False,2,0,166959.6,0.0,2,0,2,1,0.0,0.0,0,0.00031674296052829016,0.0,True,False,28,False,2,0.5,terminal,0.55,1.0,in=2/166960 KZT; out=0/0 KZT; tx=2/0; d=2; нет выхода в наблюдаемой выборке,0.17691882449027146,0.04597547187268181,0.08842282173954807,0.039397430255579034,0.0,0.0,0.350715,Оборот 166960 (+0.177); связей 2 (+0.046); seed 2 (+0.088); внешних групп 1 (+0.039); 1–2д 0% (+0.000); цикл +0.00
100000002575080100,3,False,1,1,13000.0,12500.0,1,1,3,0,0.0,0.0,0,0.0005476438013874524,0.9615384615384616,True,False,3,False,1,1.0,peripheral,0.4,1.0,in=1/13000 KZT; out=1/12500 KZT; tx=1/1; d=3; недостаточно признаков других ролей,0.14927446722025503,0.04597547187268181,0.11157717826045192,0.0,0.0,0.0,0.306827,Оборот 25500 (+0.149); связей 2 (+0.046); seed 3 (+0.112); внешних групп 0 (+0.000); 1–2д 0% (+0.000); цикл +0.00
100000002578405100,2,False,2,116,1200351.0,3108352.0,7,120,1,0,1098020.0,0.9147491025541695,8,0.0005665762262211589,2.589535894084314,True,False,22,True,22,0.07874015748031496,distributor,0.8,1.0,in=2/1200351 KZT; out=116/3108352 KZT; tx=7/120; d=2; рассылка многим получателям,0.22474201866234308,0.2,0.05578858913022596,0.0,0.09147491025541696,0.1,0.672006,Оборот 4308703 (+0.225); связей 118 (+0.200); seed 1 (+0.056); внешних групп 0 (+0.000); 1–2д 91% (+0.091); цикл +0.10
100000002578653100,3,False,1,0,20000.0,0.0,1,0,1,0,0.0,0.0,0,0.0003095996213082429,0.0,True,False,57,False,1,1.0,terminal,0.55,1.0,in=1/20000 KZT; out=0/0 KZT; tx=1/0; d=3; нет выхода в наблюдаемой выборке,0.14570041229327152,0.029007293138962602,0.05578858913022596,0.0,0.0,0.0,0.230496,Оборот 20000 (+0.146); связей 1 (+0.029); seed 1 (+0.056); внешних групп 0 (+0.000); 1–2д 0% (+0.000); цикл +0.00
100000002580377100,1,False,1,1,37750.0,5000.0,2,1,2,0,0.0,0.0,0,0.00028806939383498113,0.13245033112582782,True,False,16,False,3,0.3333333333333333,peripheral,0.4,1.0,in=1/37750 KZT; out=1/5000 KZT; tx=2/1; d=1; недостаточно признаков других ролей,0.1568757660947718,0.04597547187268181,0.08842282173954807,0.0,0.0,0.0,0.291274,Оборот 42750 (+0.157); связей 2 (+0.046); seed 2 (+0.088); внешних групп 0 (+0.000); 1–2д 0% (+0.000); цикл +0.00
100000002581346100,3,False,1,0,166400.0,0.0,1,0,3,0,0.0,0.0,0,0.0002893854991072421,0.0,True,False,10,False,1,1.0,terminal,0.55,1.0,in=1/166400 KZT; out=0/0 KZT; tx=1/0; d=3; нет выхода в наблюдаемой выборке,0.1768694317676917,0.029007293138962602,0.11157717826045192,0.0,0.0,0.0,0.317454,Оборот 166400 (+0.177); связей 1 (+0.029); seed 3 (+0.112); внешних групп 0 (+0.000); 1–2д 0% (+0.000); цикл +0.00
100000002589019100,1,False,1,0,34710.0,0.0,1,0,1,0,0.0,0.0,0,0.0002897600094432794,0.0,True,False,7,False,1,1.0,terminal,0.55,1.0,in=1/34710 KZT; out=0/0 KZT; tx=1/0; d=1; нет выхода в наблюдаемой выборке,0.15381073672893572,0.029007293138962602,0.05578858913022596,0.0,0.0,0.0,0.238607,Оборот 34710 (+0.154); связей 1 (+0.029); seed 1 (+0.056); внешних групп 0 (+0.000); 1–2д 0% (+0.000); цикл +0.00
100000002591469100,1,False,1,0,235670.0,0.0,1,0,1,0,0.0,0.0,0,0.00029746297680623997,0.0,True,False,1,False,1,1.0,terminal,0.55,1.0,in=1/235670 KZT; out=0/0 KZT; tx=1/0; d=1; нет выхода в наблюдаемой выборке,0.18198972554656587,0.029007293138962602,0.05578858913022596,0.0,0.0,0.0,0.266786,Оборот 235670 (+0.182); связей 1 (+0.029); seed 1 (+0.056); внешних групп 0 (+0.000); 1–2д 0% (+0.000); цикл +0.00
100000002592567100,1,False,1,2,5297.0,48600.0,1,2,2,1,0.0,0.0,0,0.00028460306219197837,9.175004719652634,True,False,16,False,3,0.3333333333333333,peripheral,0.4,1.0,in=1/5297 KZT; out=2/48600 KZT; tx=1/2; d=1; недостаточно признаков других ролей,0.16028453792637587,0.058014586277925204,0.08842282173954807,0.039397430255579034,0.0,0.0,0.346119,Оборот 53897 (+0.160); связей 3 (+0.058); seed 2 (+0.088); внешних групп 1 (+0.039); 1–2д 0% (+0.000); цикл +0.00
100000002593038100,2,False,1,0,28500.0,0.0,1,0,4,0,0.0,0.0,0,0.0006533671302229491,0.0,True,False,7,False,1,1.0,terminal,0.55,1.0,in=1/28500 KZT; out=0/0 KZT; tx=1/0; d=2; нет выхода в наблюдаемой выборке,0.1509107531822232,0.029007293138962602,0.12953709247559939,0.0,0.0,0.0,0.309455,Оборот 28500 (+0.151); связей 1 (+0.029); seed 4 (+0.130); внешних групп 0 (+0.000); 1–2д 0% (+0.000); цикл +0.00
100000002593344100,3,False,2,0,431000.0,0.0,2,0,3,1,0.0,0.0,0,0.0003569424707228246,0.0,True,False,4,False,1,1.0,terminal,0.55,1.0,in=2/431000 KZT; out=0/0 KZT; tx=2/0; d=3; нет выхода в наблюдаемой выборке,0.19087094587918252,0.04597547187268181,0.11157717826045192,0.039397430255579034,0.0,0.0,0.387821,Оборот 431000 (+0.191); связей 2 (+0.046); seed 3 (+0.112); внешних групп 1 (+0.039); 1–2д 0% (+0.000); цикл +0.00
100000002594214100,4,False,1,0,1000000.0,0.0,1,0,3,0,0.0,0.0,0,0.00036498664536337654,0.0,True,True,30,False,1,1.0,peripheral,0.2,1.0,in=1/1000000 KZT; out=0/0 KZT; tx=1/0; d=4; граница выгрузки; роль неизвестна,0.20325320317247259,0.029007293138962602,0.11157717826045192,0.0,0.0,0.0,0.343838,Оборот 1000000 (+0.203); связей 1 (+0.029); seed 3 (+0.112); внешних групп 0 (+0.000); 1–2д 0% (+0.000); цикл +0.00
100000002596035100,1,False,1,0,231570.0,0.0,1,0,5,0,0.0,0.0,0,0.0003189633741280225,0.0,True,False,11,False,1,1.0,terminal,0.55,1.0,in=1/231570 KZT; out=0/0 KZT; tx=1/0; d=1; нет выхода в наблюдаемой выборке,0.1817315271426394,0.029007293138962602,0.14421141086977404,0.0,0.0,0.0,0.35495,Оборот 231570 (+0.182); связей 1 (+0.029); seed 5 (+0.144); внешних групп 0 (+0.000); 1–2д 0% (+0.000); цикл +0.00
100000002596039100,4,False,1,0,280000.0,0.0,1,0,1,0,0.0,0.0,0,0.00030268495424849246,0.0,True,True,8,False,1,1.0,peripheral,0.2,1.0,in=1/280000 KZT; out=0/0 KZT; tx=1/0; d=4; граница выгрузки; роль неизвестна,0.18452542552904994,0.029007293138962602,0.05578858913022596,0.0,0.0,0.0,0.269321,Оборот 280000 (+0.185); связей 1 (+0.029); seed 1 (+0.056); внешних групп 0 (+0.000); 1–2д 0% (+0.000); цикл +0.00
100000002597003100,1,False,1,1,17700.0,11000.0,1,1,1,0,0.0,0.0,0,0.00028733281508189126,0.6214689265536724,True,False,0,False,2,0.5,peripheral,0.4,1.0,in=1/17700 KZT; out=1/11000 KZT; tx=1/1; d=1; недостаточно признаков других ролей,0.1510136308180614,0.04597547187268181,0.05578858913022596,0.0,0.0,0.0,0.252778,Оборот 28700 (+0.151); связей 2 (+0.046); seed 1 (+0.056); внешних групп 0 (+0.000); 1–2д 0% (+0.000); цикл +0.00
100000002597074100,4,False,1,0,8000.0,0.0,1,0,2,0,0.0,0.0,0,0.0003087303194724875,0.0,True,True,0,False,1,1.0,peripheral,0.2,1.0,in=1/8000 KZT; out=0/0 KZT; tx=1/0; d=4; граница выгрузки; роль неизвестна,0.13222108633036048,0.029007293138962602,0.08842282173954807,0.0,0.0,0.0,0.249651,Оборот 8000 (+0.132); связей 1 (+0.029); seed 2 (+0.088); внешних групп 0 (+0.000); 1–2д 0% (+0.000); цикл +0.00
100000002597623100,3,False,1,0,16418.0,0.0,1,0,2,0,0.0,0.0,0,0.00028495549192386805,0.0,True,False,0,False,1,1.0,terminal,0.55,1.0,in=1/16418 KZT; out=0/0 KZT; tx=1/0; d=3; нет выхода в наблюдаемой выборке,0.14279710963721515,0.029007293138962602,0.08842282173954807,0.0,0.0,0.0,0.260227,Оборот 16418 (+0.143); связей 1 (+0.029); seed 2 (+0.088); внешних групп 0 (+0.000); 1–2д 0% (+0.000); цикл +0.00
100000002599729100,4,False,1,0,65000.0,0.0,2,0,2,0,0.0,0.0,0,0.0004829428724576897,0.0,True,True,0,False,2,0.5,peripheral,0.2,1.0,in=1/65000 KZT; out=0/0 KZT; tx=2/0; d=4; граница выгрузки; роль неизвестна,0.16304022392303275,0.029007293138962602,0.08842282173954807,0.0,0.0,0.0,0.28047,Оборот 65000 (+0.163); связей 1 (+0.029); seed 2 (+0.088); внешних групп 0 (+0.000); 1–2д 0% (+0.000); цикл +0.00
100000002600345100,1,False,2,0,52400.0,0.0,2,0,2,0,0.0,0.0,0,0.0002941183233742869,0.0,True,False,16,False,2,0.5,terminal,0.55,1.0,in=2/52400 KZT; out=0/0 KZT; tx=2/0; d=1; нет выхода в наблюдаемой выборке,0.1598701360066718,0.04597547187268181,0.08842282173954807,0.0,0.0,0.0,0.294268,Оборот 52400 (+0.160); связей 2 (+0.046); seed 2 (+0.088); внешних групп 0 (+0.000); 1–2д 0% (+0.000); цикл +0.00
100000002603371100,3,False,1,0,9300.0,0.0,1,0,1,0,0.0,0.0,0,0.00028781664585102965,0.0,True,False,0,False,1,1.0,terminal,0.55,1.0,in=1/9300 KZT; out=0/0 KZT; tx=1/0; d=3; нет выхода в наблюдаемой выборке,0.13443605061988234,0.029007293138962602,0.05578858913022596,0.0,0.0,0.0,0.219232,Оборот 9300 (+0.134); связей 1 (+0.029); seed 1 (+0.056); внешних групп 0 (+0.000); 1–2д 0% (+0.000); цикл +0.00
100000002603478100,1,False,1,0,23500.0,0.0,1,0,1,0,0.0,0.0,0,0.00028791178881309613,0.0,True,False,7,False,1,1.0,terminal,0.55,1.0,in=1/23500 KZT; out=0/0 KZT; tx=1/0; d=1; нет выхода в наблюдаемой выборке,0.14807287269138583,0.029007293138962602,0.05578858913022596,0.0,0.0,0.0,0.232869,Оборот 23500 (+0.148); связей 1 (+0.029); seed 1 (+0.056); внешних групп 0 (+0.000); 1–2д 0% (+0.000); цикл +0.00
100000002603769100,1,False,3,0,1185368.0,0.0,3,0,3,0,0.0,0.0,0,0.0005381790458941643,0.0,True,False,0,False,3,0.3333333333333333,consolidator,0.75,0.6666666666666666,in=3/1185368 KZT; out=0/0 KZT; tx=3/0; d=1; сбор; выход 0% наблюдаемого входа,0.20575501723152245,0.058014586277925204,0.11157717826045192,0.0,0.0,0.0,0.375347,Оборот 1185368 (+0.206); связей 3 (+0.058); seed 3 (+0.112); внешних групп 0 (+0.000); 1–2д 0% (+0.000); цикл +0.00
100000002605184100,2,False,1,0,140000.0,0.0,1,0,1,0,0.0,0.0,0,0.00038884731962994203,0.0,True,False,3,False,1,1.0,terminal,0.55,1.0,in=1/140000 KZT; out=0/0 KZT; tx=1/0; d=2; нет выхода в наблюдаемой выборке,0.1743279269979761,0.029007293138962602,0.05578858913022596,0.0,0.0,0.0,0.259124,Оборот 140000 (+0.174); связей 1 (+0.029); seed 1 (+0.056); внешних групп 0 (+0.000); 1–2д 0% (+0.000); цикл +0.00
100000002605308100,2,False,3,0,2569521.84,0.0,7,0,4,0,0.0,0.0,0,0.000878127186995598,0.0,True,False,40,False,3,0.42857142857142855,consolidator,0.75,0.6666666666666666,in=3/2569522 KZT; out=0/0 KZT; tx=7/0; d=2; сбор; выход 0% наблюдаемого входа,0.21713715910154768,0.058014586277925204,0.12953709247559939,0.0,0.0,0.0,0.404689,Оборот 2569522 (+0.217); связей 3 (+0.058); seed 4 (+0.130); внешних групп 0 (+0.000); 1–2д 0% (+0.000); цикл +0.00
100000002605548100,1,False,2,0,116695.0,0.0,2,0,6,1,0.0,0.0,0,0.00031261362895239504,0.0,True,False,11,False,2,0.5,terminal,0.55,1.0,in=2/116695 KZT; out=0/0 KZT; tx=2/0; d=1; нет выхода в наблюдаемой выборке,0.17164921366660393,0.04597547187268181,0.1566183702893892,0.039397430255579034,0.0,0.0,0.41364,Оборот 116695 (+0.172); связей 2 (+0.046); seed 6 (+0.157); внешних групп 1 (+0.039); 1–2д 0% (+0.000); цикл +0.00
100000002606567100,1,False,1,1,14095.0,53000.0,1,1,1,0,0.0,0.0,0,0.00028666160688973325,3.7601986520042567,True,False,0,False,2,0.5,peripheral,0.4,1.0,in=1/14095 KZT; out=1/53000 KZT; tx=1/1; d=1; недостаточно признаков других ролей,0.16350691329684588,0.04597547187268181,0.05578858913022596,0.0,0.0,0.0,0.265271,Оборот 67095 (+0.164); связей 2 (+0.046); seed 1 (+0.056); внешних групп 0 (+0.000); 1–2д 0% (+0.000); цикл +0.00
100000002609774100,1,False,1,1,7700.0,27500.0,1,1,2,1,0.0,0.0,0,0.00028485972859995716,3.5714285714285716,True,False,18,True,2,0.5,peripheral,0.4,1.0,in=1/7700 KZT; out=1/27500 KZT; tx=1/1; d=1; недостаточно признаков других ролей,0.15401696675132429,0.04597547187268181,0.08842282173954807,0.039397430255579034,0.0,0.1,0.427813,Оборот 35200 (+0.154); связей 2 (+0.046); seed 2 (+0.088); внешних групп 1 (+0.039); 1–2д 0% (+0.000); цикл +0.10
100000002611334100,3,False,1,1,48288.0,15500.0,1,1,1,0,0.0,0.0,0,0.0003036607007596716,0.3209907223326706,True,False,0,False,2,0.5,peripheral,0.4,1.0,in=1/48288 KZT; out=1/15500 KZT; tx=1/1; d=3; недостаточно признаков других ролей,0.1627633170589623,0.04597547187268181,0.05578858913022596,0.0,0.0,0.0,0.264527,Оборот 63788 (+0.163); связей 2 (+0.046); seed 1 (+0.056); внешних групп 0 (+0.000); 1–2д 0% (+0.000); цикл +0.00
100000002612809100,3,False,1,3,30000.0,114000.0,2,4,1,0,15000.0,0.5,1,0.00042569821711005483,3.8,True,False,26,True,5,0.3333333333333333,peripheral,0.4,1.0,in=1/30000 KZT; out=3/114000 KZT; tx=2/4; d=3; недостаточно признаков других ролей,0.17474237279159754,0.06735284889599069,0.05578858913022596,0.0,0.05,0.1,0.447884,Оборот 144000 (+0.175); связей 4 (+0.067); seed 1 (+0.056); внешних групп 0 (+0.000); 1–2д 50% (+0.050); цикл +0.10
100000002613776100,2,False,1,0,30000.0,0.0,2,0,2,0,0.0,0.0,0,0.0002998478184574121,0.0,True,False,2,False,2,0.5,terminal,0.55,1.0,in=1/30000 KZT; out=0/0 KZT; tx=2/0; d=2; нет выхода в наблюдаемой выборке,0.15166535208139753,0.029007293138962602,0.08842282173954807,0.0,0.0,0.0,0.269095,Оборот 30000 (+0.152); связей 1 (+0.029); seed 2 (+0.088); внешних групп 0 (+0.000); 1–2д 0% (+0.000); цикл +0.00
100000002613929100,3,False,1,0,28560.0,0.0,1,0,1,0,0.0,0.0,0,0.0007758113849170418,0.0,True,False,4,False,1,1.0,terminal,0.55,1.0,in=1/28560 KZT; out=0/0 KZT; tx=1/0; d=3; нет выхода в наблюдаемой выборке,0.1509416920805126,0.029007293138962602,0.05578858913022596,0.0,0.0,0.0,0.235738,Оборот 28560 (+0.151); связей 1 (+0.029); seed 1 (+0.056); внешних групп 0 (+0.000); 1–2д 0% (+0.000); цикл +0.00
100000002614095100,3,False,1,0,5300.0,0.0,1,0,1,0,0.0,0.0,0,0.00028485843611582295,0.0,True,False,22,False,1,1.0,terminal,0.55,1.0,in=1/5300 KZT; out=0/0 KZT; tx=1/0; d=3; нет выхода в наблюдаемой выборке,0.12616459977947594,0.029007293138962602,0.05578858913022596,0.0,0.0,0.0,0.21096,Оборот 5300 (+0.126); связей 1 (+0.029); seed 1 (+0.056); внешних групп 0 (+0.000); 1–2д 0% (+0.000); цикл +0.00
100000002615479100,1,False,1,0,220000.0,0.0,1,0,1,0,0.0,0.0,0,0.00030750969829939707,0.0,True,False,4,False,1,1.0,terminal,0.55,1.0,in=1/220000 KZT; out=0/0 KZT; tx=1/0; d=1; нет выхода в наблюдаемой выборке,0.18097747420253218,0.029007293138962602,0.05578858913022596,0.0,0.0,0.0,0.265773,Оборот 220000 (+0.181); связей 1 (+0.029); seed 1 (+0.056); внешних групп 0 (+0.000); 1–2д 0% (+0.000); цикл +0.00
100000002618492100,1,False,2,0,296500.0,0.0,2,0,6,0,0.0,0.0,0,0.00036693588874336637,0.0,True,False,11,False,2,0.5,terminal,0.55,1.0,in=2/296500 KZT; out=0/0 KZT; tx=2/0; d=1; нет выхода в наблюдаемой выборке,0.18536779414237534,0.04597547187268181,0.1566183702893892,0.0,0.0,0.0,0.387962,Оборот 296500 (+0.185); связей 2 (+0.046); seed 6 (+0.157); внешних групп 0 (+0.000); 1–2д 0% (+0.000); цикл +0.00
100000002621434100,3,False,1,0,81000.0,0.0,1,0,1,0,0.0,0.0,0,0.00028818226172432266,0.0,True,False,4,False,1,1.0,terminal,0.55,1.0,in=1/81000 KZT; out=0/0 KZT; tx=1/0; d=3; нет выхода в наблюдаемой выборке,0.16627772006093625,0.029007293138962602,0.05578858913022596,0.0,0.0,0.0,0.251074,Оборот 81000 (+0.166); связей 1 (+0.029); seed 1 (+0.056); внешних групп 0 (+0.000); 1–2д 0% (+0.000); цикл +0.00
100000002621915100,2,False,1,0,5000.0,0.0,1,0,1,0,0.0,0.0,0,0.0005288962700283426,0.0,True,False,16,False,1,1.0,terminal,0.55,1.0,in=1/5000 KZT; out=0/0 KZT; tx=1/0; d=2; нет выхода в наблюдаемой выборке,0.12530751666392811,0.029007293138962602,0.05578858913022596,0.0,0.0,0.0,0.210103,Оборот 5000 (+0.125); связей 1 (+0.029); seed 1 (+0.056); внешних групп 0 (+0.000); 1–2д 0% (+0.000); цикл +0.00
100000002621949100,1,False,1,0,164612.0,0.0,1,0,4,0,0.0,0.0,0,0.00031673185460912647,0.0,True,False,2,False,1,1.0,terminal,0.55,1.0,in=1/164612 KZT; out=0/0 KZT; tx=1/0; d=1; нет выхода в наблюдаемой выборке,0.17671049447914292,0.029007293138962602,0.12953709247559939,0.0,0.0,0.0,0.335255,Оборот 164612 (+0.177); связей 1 (+0.029); seed 4 (+0.130); внешних групп 0 (+0.000); 1–2д 0% (+0.000); цикл +0.00
100000002622822100,4,False,1,0,750000.0,0.0,1,0,1,0,0.0,0.0,0,0.0009015526151585443,0.0,True,True,46,False,1,1.0,peripheral,0.2,1.0,in=1/750000 KZT; out=0/0 KZT; tx=1/0; d=4; граница выгрузки; роль неизвестна,0.19902084198014125,0.029007293138962602,0.05578858913022596,0.0,0.0,0.0,0.283817,Оборот 750000 (+0.199); связей 1 (+0.029); seed 1 (+0.056); внешних групп 0 (+0.000); 1–2д 0% (+0.000); цикл +0.00
100000002628146100,2,False,1,0,30500.0,0.0,2,0,1,0,0.0,0.0,0,0.0003174485882172759,0.0,True,False,42,False,1,1.0,terminal,0.55,1.0,in=1/30500 KZT; out=0/0 KZT; tx=2/0; d=2; нет выхода в наблюдаемой выборке,0.15190852241135896,0.029007293138962602,0.05578858913022596,0.0,0.0,0.0,0.236704,Оборот 30500 (+0.152); связей 1 (+0.029); seed 1 (+0.056); внешних групп 0 (+0.000); 1–2д 0% (+0.000); цикл +0.00
100000002628576100,3,False,2,2,727882.0,539000.0,3,2,3,1,0.0,0.0,0,0.0003096511018497298,0.7405046422359668,True,False,10,False,2,0.8,peripheral,0.4,1.0,in=2/727882 KZT; out=2/539000 KZT; tx=3/2; d=3; недостаточно признаков других ролей,0.2067334422808352,0.06735284889599069,0.11157717826045192,0.039397430255579034,0.0,0.0,0.425061,Оборот 1266882 (+0.207); связей 4 (+0.067); seed 3 (+0.112); внешних групп 1 (+0.039); 1–2д 0% (+0.000); цикл +0.00
100000002632742100,3,False,2,0,235500.0,0.0,2,0,3,1,0.0,0.0,0,0.0003158215766429804,0.0,True,False,4,False,2,0.5,terminal,0.55,1.0,in=2/235500 KZT; out=0/0 KZT; tx=2/0; d=3; нет выхода в наблюдаемой выборке,0.18197910932705272,0.04597547187268181,0.11157717826045192,0.039397430255579034,0.0,0.0,0.378929,Оборот 235500 (+0.182); связей 2 (+0.046); seed 3 (+0.112); внешних групп 1 (+0.039); 1–2д 0% (+0.000); цикл +0.00
100000002633108100,3,False,1,0,320000.0,0.0,3,0,1,0,0.0,0.0,0,0.0003741762683680212,0.0,True,False,40,False,3,0.3333333333333333,terminal,0.55,1.0,in=1/320000 KZT; out=0/0 KZT; tx=3/0; d=3; нет выхода в наблюдаемой выборке,0.186489926982609,0.029007293138962602,0.05578858913022596,0.0,0.0,0.0,0.271286,Оборот 320000 (+0.186); связей 1 (+0.029); seed 1 (+0.056); внешних групп 0 (+0.000); 1–2д 0% (+0.000); цикл +0.00
100000002633701100,2,False,1,0,266850.0,0.0,1,0,1,0,0.0,0.0,0,0.0003089800151045305,0.0,True,False,4,False,1,1.0,terminal,0.55,1.0,in=1/266850 KZT; out=0/0 KZT; tx=1/0; d=2; нет выхода в наблюдаемой выборке,0.1838177403468141,0.029007293138962602,0.05578858913022596,0.0,0.0,0.0,0.268614,Оборот 266850 (+0.184); связей 1 (+0.029); seed 1 (+0.056); внешних групп 0 (+0.000); 1–2д 0% (+0.000); цикл +0.00
100000002635746100,4,False,1,0,5300.0,0.0,1,0,1,0,0.0,0.0,0,0.000286854875491117,0.0,True,True,47,False,1,1.0,peripheral,0.2,1.0,in=1/5300 KZT; out=0/0 KZT; tx=1/0; d=4; граница выгрузки; роль неизвестна,0.12616459977947594,0.029007293138962602,0.05578858913022596,0.0,0.0,0.0,0.21096,Оборот 5300 (+0.126); связей 1 (+0.029); seed 1 (+0.056); внешних групп 0 (+0.000); 1–2д 0% (+0.000); цикл +0.00
100000002635780100,2,False,1,0,163000.02,0.0,1,0,1,0,0.0,0.0,0,0.0005520442703517193,0.0,True,False,1,False,1,1.0,terminal,0.55,1.0,in=1/163000 KZT; out=0/0 KZT; tx=1/0; d=2; нет выхода в наблюдаемой выборке,0.17656571697051474,0.029007293138962602,0.05578858913022596,0.0,0.0,0.0,0.261362,Оборот 163000 (+0.177); связей 1 (+0.029); seed 1 (+0.056); внешних групп 0 (+0.000); 1–2д 0% (+0.000); цикл +0.00
100000002644285100,3,False,1,0,500000.0,0.0,1,0,2,0,0.0,0.0,0,0.0003076827063708533,0.0,True,False,24,False,1,1.0,terminal,0.55,1.0,in=1/500000 KZT; out=0/0 KZT; tx=1/0; d=3; нет выхода в наблюдаемой выборке,0.19305566681091327,0.029007293138962602,0.08842282173954807,0.0,0.0,0.0,0.310486,Оборот 500000 (+0.193); связей 1 (+0.029); seed 2 (+0.088); внешних групп 0 (+0.000); 1–2д 0% (+0.000); цикл +0.00
100000002645046100,4,False,1,0,12000.0,0.0,1,0,1,0,0.0,0.0,0,0.0002904167348375306,0.0,True,True,47,False,1,1.0,peripheral,0.2,1.0,in=1/12000 KZT; out=0/0 KZT; tx=1/0; d=4; граница выгрузки; роль неизвестна,0.13818565837320845,0.029007293138962602,0.05578858913022596,0.0,0.0,0.0,0.222982,Оборот 12000 (+0.138); связей 1 (+0.029); seed 1 (+0.056); внешних групп 0 (+0.000); 1–2д 0% (+0.000); цикл +0.00
100000002645609100,1,False,4,0,546820.6799999999,0.0,5,0,2,1,0.0,0.0,0,0.000353317065911921,0.0,True,False,0,False,5,0.2,consolidator,0.75,1.0,in=4/546821 KZT; out=0/0 KZT; tx=5/0; d=1; сбор; выход 0% наблюдаемого входа,0.19437257307799155,0.06735284889599069,0.08842282173954807,0.039397430255579034,0.0,0.0,0.389546,Оборот 546821 (+0.194); связей 4 (+0.067); seed 2 (+0.088); внешних групп 1 (+0.039); 1–2д 0% (+0.000); цикл +0.00
100000002645993100,3,False,2,5,49650.0,86980.0,4,9,2,2,8850.0,0.1782477341389728,1,0.00029172043670654655,1.7518630412890233,True,False,0,True,2,0.9230769230769231,distributor,0.8,0.6666666666666666,in=2/49650 KZT; out=5/86980 KZT; tx=4/9; d=3; рассылка многим получателям,0.17396945982279133,0.08702187941688781,0.08842282173954807,0.062443449579869886,0.01782477341389728,0.1,0.529682,Оборот 136630 (+0.174); связей 7 (+0.087); seed 2 (+0.088); внешних групп 2 (+0.062); 1–2д 18% (+0.018); цикл +0.10
100000002646745100,3,False,1,0,12300.0,0.0,1,0,1,0,0.0,0.0,0,0.0002859429749795416,0.0,True,False,22,False,1,1.0,terminal,0.55,1.0,in=1/12300 KZT; out=0/0 KZT; tx=1/0; d=3; нет выхода в наблюдаемой выборке,0.13854890511223597,0.029007293138962602,0.05578858913022596,0.0,0.0,0.0,0.223345,Оборот 12300 (+0.139); связей 1 (+0.029); seed 1 (+0.056); внешних групп 0 (+0.000); 1–2д 0% (+0.000); цикл +0.00
100000002646887100,3,False,1,0,24354.0,0.0,1,0,1,0,0.0,0.0,0,0.0002935904807699599,0.0,True,False,4,False,1,1.0,terminal,0.55,1.0,in=1/24354 KZT; out=0/0 KZT; tx=1/0; d=3; нет выхода в наблюдаемой выборке,0.1485980041133094,0.029007293138962602,0.05578858913022596,0.0,0.0,0.0,0.233394,Оборот 24354 (+0.149); связей 1 (+0.029); seed 1 (+0.056); внешних групп 0 (+0.000); 1–2д 0% (+0.000); цикл +0.00
100000002648315100,1,False,1,2,132000.0,76000.0,1,3,1,0,0.0,0.0,0,0.00029155708533763807,0.5757575757575758,True,False,1,False,4,0.25,peripheral,0.4,1.0,in=1/132000 KZT; out=2/76000 KZT; tx=1/3; d=1; недостаточно признаков других ролей,0.18015229227475388,0.058014586277925204,0.05578858913022596,0.0,0.0,0.0,0.293955,Оборот 208000 (+0.180); связей 3 (+0.058); seed 1 (+0.056); внешних групп 0 (+0.000); 1–2д 0% (+0.000); цикл +0.00
100000002653187100,4,False,1,0,15000.0,0.0,1,0,1,0,0.0,0.0,0,0.00046993568558796985,0.0,True,True,7,False,1,1.0,peripheral,0.2,1.0,in=1/15000 KZT; out=0/0 KZT; tx=1/0; d=4; граница выгрузки; роль неизвестна,0.14146829138193068,0.029007293138962602,0.05578858913022596,0.0,0.0,0.0,0.226264,Оборот 15000 (+0.141); связей 1 (+0.029); seed 1 (+0.056); внешних групп 0 (+0.000); 1–2д 0% (+0.000); цикл +0.00
100000002653948100,3,False,1,0,85200.0,0.0,1,0,3,0,0.0,0.0,0,0.0002867756736009641,0.0,True,False,10,False,1,1.0,terminal,0.55,1.0,in=1/85200 KZT; out=0/0 KZT; tx=1/0; d=3; нет выхода в наблюдаемой выборке,0.1670214340325881,0.029007293138962602,0.11157717826045192,0.0,0.0,0.0,0.307606,Оборот 85200 (+0.167); связей 1 (+0.029); seed 3 (+0.112); внешних групп 0 (+0.000); 1–2д 0% (+0.000); цикл +0.00
100000002659103100,4,False,1,0,165000.0,0.0,1,0,1,0,0.0,0.0,0,0.0003475764615853834,0.0,True,True,50,False,1,1.0,peripheral,0.2,1.0,in=1/165000 KZT; out=0/0 KZT; tx=1/0; d=4; граница выгрузки; роль неизвестна,0.1767451303969459,0.029007293138962602,0.05578858913022596,0.0,0.0,0.0,0.261541,Оборот 165000 (+0.177); связей 1 (+0.029); seed 1 (+0.056); внешних групп 0 (+0.000); 1–2д 0% (+0.000); цикл +0.00
100000002659265100,4,False,1,0,141000.0,0.0,1,0,1,0,0.0,0.0,0,0.00031794481771916974,0.0,True,True,4,False,1,1.0,peripheral,0.2,1.0,in=1/141000 KZT; out=0/0 KZT; tx=1/0; d=4; граница выгрузки; роль неизвестна,0.17443263812792503,0.029007293138962602,0.05578858913022596,0.0,0.0,0.0,0.259229,Оборот 141000 (+0.174); связей 1 (+0.029); seed 1 (+0.056); внешних групп 0 (+0.000); 1–2д 0% (+0.000); цикл +0.00
100000002660298100,4,False,1,0,30900.0,0.0,1,0,2,0,0.0,0.0,0,0.00029551620427921367,0.0,True,True,18,False,1,1.0,peripheral,0.2,1.0,in=1/30900 KZT; out=0/0 KZT; tx=1/0; d=4; граница выгрузки; роль неизвестна,0.15210020560713233,0.029007293138962602,0.08842282173954807,0.0,0.0,0.0,0.26953,Оборот 30900 (+0.152); связей 1 (+0.029); seed 2 (+0.088); внешних групп 0 (+0.000); 1–2д 0% (+0.000); цикл +0.00
100000002662768100,1,False,1,0,84300.0,0.0,1,0,1,0,0.0,0.0,0,0.00030478734049558344,0.0,True,False,2,False,1,1.0,terminal,0.55,1.0,in=1/84300 KZT; out=0/0 KZT; tx=1/0; d=1; нет выхода в наблюдаемой выборке,0.16686520124289464,0.029007293138962602,0.05578858913022596,0.0,0.0,0.0,0.251661,Оборот 84300 (+0.167); связей 1 (+0.029); seed 1 (+0.056); внешних групп 0 (+0.000); 1–2д 0% (+0.000); цикл +0.00
100000002663511100,3,False,1,0,268940.0,0.0,1,0,1,0,0.0,0.0,0,0.000307706049849977,0.0,True,False,0,False,1,1.0,terminal,0.55,1.0,in=1/268940 KZT; out=0/0 KZT; tx=1/0; d=3; нет выхода в наблюдаемой выборке,0.18393251677032782,0.029007293138962602,0.05578858913022596,0.0,0.0,0.0,0.268728,Оборот 268940 (+0.184); связей 1 (+0.029); seed 1 (+0.056); внешних групп 0 (+0.000); 1–2д 0% (+0.000); цикл +0.00
100000002666248100,1,False,1,0,70032.0,0.0,1,0,4,0,0.0,0.0,0,0.0002979467577215117,0.0,True,False,2,False,1,1.0,terminal,0.55,1.0,in=1/70032 KZT; out=0/0 KZT; tx=1/0; d=1; нет выхода в наблюдаемой выборке,0.16413720484171132,0.029007293138962602,0.12953709247559939,0.0,0.0,0.0,0.322682,Оборот 70032 (+0.164); связей 1 (+0.029); seed 4 (+0.130); внешних групп 0 (+0.000); 1–2д 0% (+0.000); цикл +0.00
100000002670463100,4,False,1,0,31500.0,0.0,1,0,1,0,0.0,0.0,0,0.000300783340397988,0.0,True,True,47,False,1,1.0,peripheral,0.2,1.0,in=1/31500 KZT; out=0/0 KZT; tx=1/0; d=4; граница выгрузки; роль неизвестна,0.15238312749604713,0.029007293138962602,0.05578858913022596,0.0,0.0,0.0,0.237179,Оборот 31500 (+0.152); связей 1 (+0.029); seed 1 (+0.056); внешних групп 0 (+0.000); 1–2д 0% (+0.000); цикл +0.00
100000002670860100,1,False,2,0,450000.0,0.0,2,0,3,1,0.0,0.0,0,0.0003072536322948037,0.0,True,False,24,False,2,0.5,terminal,0.55,1.0,in=2/450000 KZT; out=0/0 KZT; tx=2/0; d=1; нет выхода в наблюдаемой выборке,0.19150561077149508,0.04597547187268181,0.11157717826045192,0.039397430255579034,0.0,0.0,0.388456,Оборот 450000 (+0.192); связей 2 (+0.046); seed 3 (+0.112); внешних групп 1 (+0.039); 1–2д 0% (+0.000); цикл +0.00
100000002670960100,3,False,1,0,480310.0,0.0,1,0,2,0,0.0,0.0,0,0.0003067515496875813,0.0,True,False,24,False,1,1.0,terminal,0.55,1.0,in=1/480310 KZT; out=0/0 KZT; tx=1/0; d=3; нет выхода в наблюдаемой выборке,0.1924645950200495,0.029007293138962602,0.08842282173954807,0.0,0.0,0.0,0.309895,Оборот 480310 (+0.192); связей 1 (+0.029); seed 2 (+0.088); внешних групп 0 (+0.000); 1–2д 0% (+0.000); цикл +0.00
100000002671326100,4,False,1,0,1050000.0,0.0,2,0,1,0,0.0,0.0,0,0.0006254962773487403,0.0,True,True,4,False,2,0.5,peripheral,0.2,1.0,in=1/1050000 KZT; out=0/0 KZT; tx=2/0; d=4; граница выгрузки; роль неизвестна,0.20397100123810535,0.029007293138962602,0.05578858913022596,0.0,0.0,0.0,0.288767,Оборот 1050000 (+0.204); связей 1 (+0.029); seed 1 (+0.056); внешних групп 0 (+0.000); 1–2д 0% (+0.000); цикл +0.00
100000002671806100,1,False,1,0,12440.0,0.0,1,0,1,0,0.0,0.0,0,0.00028608829905664413,0.0,True,False,7,False,1,1.0,terminal,0.55,1.0,in=1/12440 KZT; out=0/0 KZT; tx=1/0; d=1; нет выхода в наблюдаемой выборке,0.1387153989989917,0.029007293138962602,0.05578858913022596,0.0,0.0,0.0,0.223511,Оборот 12440 (+0.139); связей 1 (+0.029); seed 1 (+0.056); внешних групп 0 (+0.000); 1–2д 0% (+0.000); цикл +0.00
100000002677201100,3,False,1,1,150000.0,87750.0,1,1,1,0,0.0,0.0,0,0.00030738792959446304,0.585,True,False,4,False,2,0.5,peripheral,0.4,1.0,in=1/150000 KZT; out=1/87750 KZT; tx=1/1; d=3; недостаточно признаков других ролей,0.18211900160951033,0.04597547187268181,0.05578858913022596,0.0,0.0,0.0,0.283883,Оборот 237750 (+0.182); связей 2 (+0.046); seed 1 (+0.056); внешних групп 0 (+0.000); 1–2д 0% (+0.000); цикл +0.00
100000002679516100,1,False,3,0,102335.0,0.0,3,0,4,1,0.0,0.0,0,0.00032499797244554476,0.0,True,False,7,False,3,0.3333333333333333,consolidator,0.75,0.6666666666666666,in=3/102335 KZT; out=0/0 KZT; tx=3/0; d=1; сбор; выход 0% наблюдаемого входа,0.1697173757077572,0.058014586277925204,0.12953709247559939,0.039397430255579034,0.0,0.0,0.396666,Оборот 102335 (+0.170); связей 3 (+0.058); seed 4 (+0.130); внешних групп 1 (+0.039); 1–2д 0% (+0.000); цикл +0.00
100000002680477100,2,False,1,0,25000.0,0.0,1,0,1,0,0.0,0.0,0,0.00029296783307535907,0.0,True,False,24,False,1,1.0,terminal,0.55,1.0,in=1/25000 KZT; out=0/0 KZT; tx=1/0; d=2; нет выхода в наблюдаемой выборке,0.14898314336993435,0.029007293138962602,0.05578858913022596,0.0,0.0,0.0,0.233779,Оборот 25000 (+0.149); связей 1 (+0.029); seed 1 (+0.056); внешних групп 0 (+0.000); 1–2д 0% (+0.000); цикл +0.00
100000002681449100,1,False,2,2,94638.0,133000.0,2,2,1,1,0.0,0.0,0,0.00029353449696138277,1.4053551427544961,True,False,51,False,3,0.5,peripheral,0.4,1.0,in=2/94638 KZT; out=2/133000 KZT; tx=2/2; d=1; недостаточно признаков других ролей,0.1814795778113397,0.06735284889599069,0.05578858913022596,0.039397430255579034,0.0,0.0,0.344018,Оборот 227638 (+0.181); связей 4 (+0.067); seed 1 (+0.056); внешних групп 1 (+0.039); 1–2д 0% (+0.000); цикл +0.00
100000002681544100,3,False,2,0,166072.0,0.0,2,0,1,1,0.0,0.0,0,0.0003338144050081634,0.0,True,False,1,False,1,1.0,terminal,0.55,1.0,in=2/166072 KZT; out=0/0 KZT; tx=2/0; d=3; нет выхода в наблюдаемой выборке,0.17684040379406038,0.04597547187268181,0.05578858913022596,0.039397430255579034,0.0,0.0,0.318002,Оборот 166072 (+0.177); связей 2 (+0.046); seed 1 (+0.056); внешних групп 1 (+0.039); 1–2д 0% (+0.000); цикл +0.00
100000002686226100,4,False,1,0,430000.0,0.0,2,0,1,0,0.0,0.0,0,0.0006504186535278163,0.0,True,True,28,False,2,0.5,peripheral,0.2,1.0,in=1/430000 KZT; out=0/0 KZT; tx=2/0; d=4; граница выгрузки; роль неизвестна,0.1908367718285343,0.029007293138962602,0.05578858913022596,0.0,0.0,0.0,0.275633,Оборот 430000 (+0.191); связей 1 (+0.029); seed 1 (+0.056); внешних групп 0 (+0.000); 1–2д 0% (+0.000); цикл +0.00
100000002689717100,4,False,1,0,47500.0,0.0,1,0,2,0,0.0,0.0,0,0.0003016828727480809,0.0,True,True,18,False,1,1.0,peripheral,0.2,1.0,in=1/47500 KZT; out=0/0 KZT; tx=1/0; d=4; граница выгрузки; роль неизвестна,0.15842579099033846,0.029007293138962602,0.08842282173954807,0.0,0.0,0.0,0.275856,Оборот 47500 (+0.158); связей 1 (+0.029); seed 2 (+0.088); внешних групп 0 (+0.000); 1–2д 0% (+0.000); цикл +0.00
100000002691583100,3,False,1,0,285200.0,0.0,1,0,1,0,0.0,0.0,0,0.0003549207385806873,0.0,True,False,14,False,1,1.0,terminal,0.55,1.0,in=1/285200 KZT; out=0/0 KZT; tx=1/0; d=3; нет выхода в наблюдаемой выборке,0.18479614053605908,0.029007293138962602,0.05578858913022596,0.0,0.0,0.0,0.269592,Оборот 285200 (+0.185); связей 1 (+0.029); seed 1 (+0.056); внешних групп 0 (+0.000); 1–2д 0% (+0.000); цикл +0.00
100000002691858100,2,False,1,0,51500.0,0.0,1,0,1,0,0.0,0.0,0,0.0003404530918914936,0.0,True,False,42,False,1,1.0,terminal,0.55,1.0,in=1/51500 KZT; out=0/0 KZT; tx=1/0; d=2; нет выхода в наблюдаемой выборке,0.15961525945194324,0.029007293138962602,0.05578858913022596,0.0,0.0,0.0,0.244411,Оборот 51500 (+0.160); связей 1 (+0.029); seed 1 (+0.056); внешних групп 0 (+0.000); 1–2д 0% (+0.000); цикл +0.00
100000002692044100,1,False,1,0,97000.0,0.0,1,0,1,0,0.0,0.0,0,0.0003000299169414164,0.0,True,False,7,False,1,1.0,terminal,0.55,1.0,in=1/97000 KZT; out=0/0 KZT; tx=1/0; d=1; нет выхода в наблюдаемой выборке,0.16892969418794296,0.029007293138962602,0.05578858913022596,0.0,0.0,0.0,0.253726,Оборот 97000 (+0.169); связей 1 (+0.029); seed 1 (+0.056); внешних групп 0 (+0.000); 1–2д 0% (+0.000); цикл +0.00
100000002692750100,2,False,3,1,112830.0,77000.0,3,8,3,0,7000.0,0.06204023752548081,1,0.0021157743743782462,0.682442612780289,True,False,41,True,10,0.18181818181818182,peripheral,0.4,1.0,in=3/112830 KZT; out=1/77000 KZT; tx=3/8; d=2; недостаточно признаков других ролей,0.17880749169392643,0.06735284889599069,0.11157717826045192,0.0,0.0062040237525480815,0.1,0.463942,Оборот 189830 (+0.179); связей 4 (+0.067); seed 3 (+0.112); внешних групп 0 (+0.000); 1–2д 6% (+0.006); цикл +0.10
100000002695812100,4,False,1,0,95000.0,0.0,1,0,2,0,0.0,0.0,0,0.0003193284602342973,0.0,True,True,18,False,1,1.0,peripheral,0.2,1.0,in=1/95000 KZT; out=0/0 KZT; tx=1/0; d=4; граница выгрузки; роль неизвестна,0.1686231872035787,0.029007293138962602,0.08842282173954807,0.0,0.0,0.0,0.286053,Оборот 95000 (+0.169); связей 1 (+0.029); seed 2 (+0.088); внешних групп 0 (+0.000); 1–2д 0% (+0.000); цикл +0.00
100000002696152100,3,False,1,2,21800.0,69000.0,3,8,2,0,12800.0,0.5871559633027523,2,0.0011972941205944743,3.165137614678899,True,False,53,True,10,0.18181818181818182,peripheral,0.4,1.0,in=1/21800 KZT; out=2/69000 KZT; tx=3/8; d=3; недостаточно признаков других ролей,0.16795795492054413,0.058014586277925204,0.08842282173954807,0.0,0.05871559633027523,0.1,0.473111,Оборот 90800 (+0.168); связей 3 (+0.058); seed 2 (+0.088); внешних групп 0 (+0.000); 1–2д 59% (+0.059); цикл +0.10
100000002697752100,3,False,2,0,190785.0,0.0,2,0,2,1,0.0,0.0,0,0.0003276937617975153,0.0,True,False,8,False,2,0.5,terminal,0.55,1.0,in=2/190785 KZT; out=0/0 KZT; tx=2/0; d=3; нет выхода в наблюдаемой выборке,0.17888131891557174,0.04597547187268181,0.08842282173954807,0.039397430255579034,0.0,0.0,0.352677,Оборот 190785 (+0.179); связей 2 (+0.046); seed 2 (+0.088); внешних групп 1 (+0.039); 1–2д 0% (+0.000); цикл +0.00
100000002700161100,4,False,1,0,39000.0,0.0,1,0,1,0,0.0,0.0,0,0.000896226566720651,0.0,True,True,48,False,1,1.0,peripheral,0.2,1.0,in=1/39000 KZT; out=0/0 KZT; tx=1/0; d=4; граница выгрузки; роль неизвестна,0.15552513052588027,0.029007293138962602,0.05578858913022596,0.0,0.0,0.0,0.240321,Оборот 39000 (+0.156); связей 1 (+0.029); seed 1 (+0.056); внешних групп 0 (+0.000); 1–2д 0% (+0.000); цикл +0.00
100000002702968100,4,False,1,0,31600.0,0.0,1,0,2,0,0.0,0.0,0,0.00029577624451585264,0.0,True,True,18,False,1,1.0,peripheral,0.2,1.0,in=1/31600 KZT; out=0/0 KZT; tx=1/0; d=4; граница выгрузки; роль неизвестна,0.15242975666367659,0.029007293138962602,0.08842282173954807,0.0,0.0,0.0,0.26986,Оборот 31600 (+0.152); связей 1 (+0.029); seed 2 (+0.088); внешних групп 0 (+0.000); 1–2д 0% (+0.000); цикл +0.00
100000002703376100,2,False,1,0,46501.0,0.0,1,0,2,0,0.0,0.0,0,0.0002912219965333622,0.0,True,False,0,False,1,1.0,terminal,0.55,1.0,in=1/46501 KZT; out=0/0 KZT; tx=1/0; d=2; нет выхода в наблюдаемой выборке,0.15811308186943726,0.029007293138962602,0.08842282173954807,0.0,0.0,0.0,0.275543,Оборот 46501 (+0.158); связей 1 (+0.029); seed 2 (+0.088); внешних групп 0 (+0.000); 1–2д 0% (+0.000); цикл +0.00
100000002704875100,1,False,3,0,244891.0,0.0,4,0,5,2,0.0,0.0,0,0.0003133122502076477,0.0,True,False,8,False,4,0.25,consolidator,0.75,0.6666666666666666,in=3/244891 KZT; out=0/0 KZT; tx=4/0; d=1; сбор; выход 0% наблюдаемого входа,0.18255437826468096,0.058014586277925204,0.14421141086977404,0.062443449579869886,0.0,0.0,0.447224,Оборот 244891 (+0.183); связей 3 (+0.058); seed 5 (+0.144); внешних групп 2 (+0.062); 1–2д 0% (+0.000); цикл +0.00
100000002705460100,3,False,1,0,95000.0,0.0,1,0,1,0,0.0,0.0,0,0.0005542386260639224,0.0,True,False,16,False,1,1.0,terminal,0.55,1.0,in=1/95000 KZT; out=0/0 KZT; tx=1/0; d=3; нет выхода в наблюдаемой выборке,0.1686231872035787,0.029007293138962602,0.05578858913022596,0.0,0.0,0.0,0.253419,Оборот 95000 (+0.169); связей 1 (+0.029); seed 1 (+0.056); внешних групп 0 (+0.000); 1–2д 0% (+0.000); цикл +0.00
100000002706810100,4,False,1,0,45000.0,0.0,1,0,1,0,0.0,0.0,0,0.0003079602211706124,0.0,True,True,47,False,1,1.0,peripheral,0.2,1.0,in=1/45000 KZT; out=0/0 KZT; tx=1/0; d=4; граница выгрузки; роль неизвестна,0.15763037359693888,0.029007293138962602,0.05578858913022596,0.0,0.0,0.0,0.242426,Оборот 45000 (+0.158); связей 1 (+0.029); seed 1 (+0.056); внешних групп 0 (+0.000); 1–2д 0% (+0.000); цикл +0.00
100000002707106100,4,False,1,0,15000.0,0.0,2,0,1,0,0.0,0.0,0,0.00028506838282658665,0.0,True,True,40,False,2,0.5,peripheral,0.2,1.0,in=1/15000 KZT; out=0/0 KZT; tx=2/0; d=4; граница выгрузки; роль неизвестна,0.14146829138193068,0.029007293138962602,0.05578858913022596,0.0,0.0,0.0,0.226264,Оборот 15000 (+0.141); связей 1 (+0.029); seed 1 (+0.056); внешних групп 0 (+0.000); 1–2д 0% (+0.000); цикл +0.00
100000002708624100,3,False,1,0,25000.0,0.0,1,0,1,0,0.0,0.0,0,0.00032687058959655565,0.0,True,False,13,False,1,1.0,terminal,0.55,1.0,in=1/25000 KZT; out=0/0 KZT; tx=1/0; d=3; нет выхода в наблюдаемой выборке,0.14898314336993435,0.029007293138962602,0.05578858913022596,0.0,0.0,0.0,0.233779,Оборот 25000 (+0.149); связей 1 (+0.029); seed 1 (+0.056); внешних групп 0 (+0.000); 1–2д 0% (+0.000); цикл +0.00
100000002710570100,2,False,1,0,225015.0,0.0,1,0,2,0,0.0,0.0,0,0.0005357457698734212,0.0,True,False,36,False,1,1.0,terminal,0.55,1.0,in=1/225015 KZT; out=0/0 KZT; tx=1/0; d=2; нет выхода в наблюдаемой выборке,0.18130907315116912,0.029007293138962602,0.08842282173954807,0.0,0.0,0.0,0.298739,Оборот 225015 (+0.181); связей 1 (+0.029); seed 2 (+0.088); внешних групп 0 (+0.000); 1–2д 0% (+0.000); цикл +0.00
100000002712416100,3,False,2,0,116800.0,0.0,2,0,4,1,0.0,0.0,0,0.0003010103347339125,0.0,True,False,24,False,2,0.5,terminal,0.55,1.0,in=2/116800 KZT; out=0/0 KZT; tx=2/0; d=3; нет выхода в наблюдаемой выборке,0.1716624451472845,0.04597547187268181,0.12953709247559939,0.039397430255579034,0.0,0.0,0.386572,Оборот 116800 (+0.172); связей 2 (+0.046); seed 4 (+0.130); внешних групп 1 (+0.039); 1–2д 0% (+0.000); цикл +0.00
100000002713074100,3,False,2,1,700000.0,430000.0,2,2,1,0,0.0,0.0,0,0.00043103690382945126,0.6142857142857143,True,False,28,False,3,0.5,peripheral,0.4,1.0,in=2/700000 KZT; out=1/430000 KZT; tx=2/2; d=3; недостаточно признаков других ролей,0.20505126195936935,0.058014586277925204,0.05578858913022596,0.0,0.0,0.0,0.318854,Оборот 1130000 (+0.205); связей 3 (+0.058); seed 1 (+0.056); внешних групп 0 (+0.000); 1–2д 0% (+0.000); цикл +0.00
100000002713974100,4,False,1,0,50000.0,0.0,1,0,1,0,0.0,0.0,0,0.0003281159357446983,0.0,True,True,8,False,1,1.0,peripheral,0.2,1.0,in=1/50000 KZT; out=0/0 KZT; tx=1/0; d=4; граница выгрузки; роль неизвестна,0.1591804002131276,0.029007293138962602,0.05578858913022596,0.0,0.0,0.0,0.243976,Оборот 50000 (+0.159); связей 1 (+0.029); seed 1 (+0.056); внешних групп 0 (+0.000); 1–2д 0% (+0.000); цикл +0.00
100000002718366100,2,False,6,0,2525000.0,0.0,10,0,5,1,0.0,0.0,0,0.0006774848914768285,0.0,True,False,4,False,5,0.4,consolidator,0.75,1.0,in=6/2525000 KZT; out=0/0 KZT; tx=10/0; d=2; сбор; выход 0% наблюдаемого входа,0.21688001238344845,0.08143376716923444,0.14421141086977404,0.039397430255579034,0.0,0.0,0.481923,Оборот 2525000 (+0.217); связей 6 (+0.081); seed 5 (+0.144); внешних групп 1 (+0.039); 1–2д 0% (+0.000); цикл +0.00
100000002720627100,1,False,1,0,199300.0,0.0,1,0,5,0,0.0,0.0,0,0.0003140963149765309,0.0,True,False,11,False,1,1.0,terminal,0.55,1.0,in=1/199300 KZT; out=0/0 KZT; tx=1/0; d=1; нет выхода в наблюдаемой выборке,0.1795236997730752,0.029007293138962602,0.14421141086977404,0.0,0.0,0.0,0.352742,Оборот 199300 (+0.180); связей 1 (+0.029); seed 5 (+0.144); внешних групп 0 (+0.000); 1–2д 0% (+0.000); цикл +0.00
100000002721825100,2,False,1,0,11000.0,0.0,1,0,1,0,0.0,0.0,0,0.0005282701780881544,0.0,True,False,0,False,1,1.0,terminal,0.55,1.0,in=1/11000 KZT; out=0/0 KZT; tx=1/0; d=2; нет выхода в наблюдаемой выборке,0.13690566223636327,0.029007293138962602,0.05578858913022596,0.0,0.0,0.0,0.221702,Оборот 11000 (+0.137); связей 1 (+0.029); seed 1 (+0.056); внешних групп 0 (+0.000); 1–2д 0% (+0.000); цикл +0.00
100000002722108100,3,False,1,0,800000.0,0.0,2,0,2,0,0.0,0.0,0,0.00032186995903624654,0.0,True,False,24,False,2,0.5,terminal,0.55,1.0,in=1/800000 KZT; out=0/0 KZT; tx=2/0; d=3; нет выхода в наблюдаемой выборке,0.19997032866085118,0.029007293138962602,0.08842282173954807,0.0,0.0,0.0,0.3174,Оборот 800000 (+0.200); связей 1 (+0.029); seed 2 (+0.088); внешних групп 0 (+0.000); 1–2д 0% (+0.000); цикл +0.00
100000002723439100,4,False,1,0,18000.0,0.0,2,0,1,0,0.0,0.0,0,0.0005495242424533402,0.0,True,True,53,False,2,0.5,peripheral,0.2,1.0,in=1/18000 KZT; out=0/0 KZT; tx=2/0; d=4; граница выгрузки; роль неизвестна,0.144150434713314,0.029007293138962602,0.05578858913022596,0.0,0.0,0.0,0.228946,Оборот 18000 (+0.144); связей 1 (+0.029); seed 1 (+0.056); внешних групп 0 (+0.000); 1–2д 0% (+0.000); цикл +0.00
100000002723538100,2,False,3,12,105647.0,560499.0,3,14,2,6,105647.0,1.0,4,0.0003185319399455807,5.305394379395534,True,False,8,True,11,0.23529411764705882,distributor,0.8,1.0,in=3/105647 KZT; out=12/560499 KZT; tx=3/14; d=2; рассылка многим получателям,0.19727653104139076,0.11602917255585041,0.08842282173954807,0.11060256974442097,0.1,0.1,0.712331,Оборот 666146 (+0.197); связей 15 (+0.116); seed 2 (+0.088); внешних групп 6 (+0.111); 1–2д 100% (+0.100); цикл +0.10
100000002723674100,4,False,1,0,30000.0,0.0,1,0,1,0,0.0,0.0,0,0.00032530947361570826,0.0,True,True,32,False,1,1.0,peripheral,0.2,1.0,in=1/30000 KZT; out=0/0 KZT; tx=1/0; d=4; граница выгрузки; роль неизвестна,0.15166535208139753,0.029007293138962602,0.05578858913022596,0.0,0.0,0.0,0.236461,Оборот 30000 (+0.152); связей 1 (+0.029); seed 1 (+0.056); внешних групп 0 (+0.000); 1–2д 0% (+0.000); цикл +0.00
100000002726055100,4,False,1,0,10000.0,0.0,1,0,1,0,0.0,0.0,0,0.0003380961519084155,0.0,True,True,32,False,1,1.0,peripheral,0.2,1.0,in=1/10000 KZT; out=0/0 KZT; tx=1/0; d=4; граница выгрузки; роль неизвестна,0.13550359676243048,0.029007293138962602,0.05578858913022596,0.0,0.0,0.0,0.220299,Оборот 10000 (+0.136); связей 1 (+0.029); seed 1 (+0.056); внешних групп 0 (+0.000); 1–2д 0% (+0.000); цикл +0.00
100000002727288100,3,False,1,0,16000.0,0.0,1,0,3,0,0.0,0.0,0,0.00036410325743339205,0.0,True,False,3,False,1,1.0,terminal,0.55,1.0,in=1/16000 KZT; out=0/0 KZT; tx=1/0; d=3; нет выхода в наблюдаемой выборке,0.14241771799277592,0.029007293138962602,0.11157717826045192,0.0,0.0,0.0,0.283002,Оборот 16000 (+0.142); связей 1 (+0.029); seed 3 (+0.112); внешних групп 0 (+0.000); 1–2д 0% (+0.000); цикл +0.00
100000002728246100,4,False,1,0,10000.0,0.0,1,0,3,0,0.0,0.0,0,0.0005354204159566885,0.0,True,True,10,False,1,1.0,peripheral,0.2,1.0,in=1/10000 KZT; out=0/0 KZT; tx=1/0; d=4; граница выгрузки; роль неизвестна,0.13550359676243048,0.029007293138962602,0.11157717826045192,0.0,0.0,0.0,0.276088,Оборот 10000 (+0.136); связей 1 (+0.029); seed 3 (+0.112); внешних групп 0 (+0.000); 1–2д 0% (+0.000); цикл +0.00
100000002729875100,4,False,1,0,76000.0,0.0,1,0,2,0,0.0,0.0,0,0.00031227022523981076,0.0,True,True,18,False,1,1.0,peripheral,0.2,1.0,in=1/76000 KZT; out=0/0 KZT; tx=1/0; d=4; граница выгрузки; роль неизвестна,0.16534034772918849,0.029007293138962602,0.08842282173954807,0.0,0.0,0.0,0.28277,Оборот 76000 (+0.165); связей 1 (+0.029); seed 2 (+0.088); внешних групп 0 (+0.000); 1–2д 0% (+0.000); цикл +0.00
100000002731501100,1,False,3,7,570370.0,833960.0,7,20,1,0,170000.0,0.29805214159229976,4,0.0004825852562697128,1.4621386117783193,True,False,34,True,17,0.1111111111111111,distributor,0.8,0.6666666666666666,in=3/570370 KZT; out=7/833960 KZT; tx=7/20; d=1; рассылка многим получателям,0.20824879555768444,0.10034874705600798,0.05578858913022596,0.0,0.029805214159229976,0.1,0.494191,Оборот 1404330 (+0.208); связей 10 (+0.100); seed 1 (+0.056); внешних групп 0 (+0.000); 1–2д 30% (+0.030); цикл +0.10
100000002733083100,4,False,1,0,15200.0,0.0,1,0,2,0,0.0,0.0,0,0.00028968387325745376,0.0,True,True,18,False,1,1.0,peripheral,0.2,1.0,in=1/15200 KZT; out=0/0 KZT; tx=1/0; d=4; граница выгрузки; роль неизвестна,0.14166314167552402,0.029007293138962602,0.08842282173954807,0.0,0.0,0.0,0.259093,Оборот 15200 (+0.142); связей 1 (+0.029); seed 2 (+0.088); внешних групп 0 (+0.000); 1–2д 0% (+0.000); цикл +0.00
100000002733905100,2,False,3,2,100000.0,717839.0,5,3,1,0,40000.0,0.4,1,0.0030642023822652744,7.17839,True,False,22,True,5,0.375,peripheral,0.4,1.0,in=3/100000 KZT; out=2/717839 KZT; tx=5/3; d=2; недостаточно признаков других ролей,0.20029478233286988,0.0749827650116444,0.05578858913022596,0.0,0.04000000000000001,0.1,0.471066,Оборот 817839 (+0.200); связей 5 (+0.075); seed 1 (+0.056); внешних групп 0 (+0.000); 1–2д 40% (+0.040); цикл +0.10
100000002734815100,4,False,1,0,110000.0,0.0,1,0,1,0,0.0,0.0,0,0.00031048997015763457,0.0,True,True,4,False,1,1.0,peripheral,0.2,1.0,in=1/110000 KZT; out=0/0 KZT; tx=1/0; d=4; граница выгрузки; роль неизвестна,0.17077999000111155,0.029007293138962602,0.05578858913022596,0.0,0.0,0.0,0.255576,Оборот 110000 (+0.171); связей 1 (+0.029); seed 1 (+0.056); внешних групп 0 (+0.000); 1–2д 0% (+0.000); цикл +0.00
100000002736033100,3,False,1,1,34530.0,11000.0,1,1,1,0,0.0,0.0,0,0.00029357869940947387,0.3185635679119606,True,False,28,False,2,0.5,peripheral,0.4,1.0,in=1/34530 KZT; out=1/11000 KZT; tx=1/1; d=3; недостаточно признаков других ролей,0.1578026314936521,0.04597547187268181,0.05578858913022596,0.0,0.0,0.0,0.259567,Оборот 45530 (+0.158); связей 2 (+0.046); seed 1 (+0.056); внешних групп 0 (+0.000); 1–2д 0% (+0.000); цикл +0.00
100000002736316100,3,False,3,0,266921.0,0.0,3,0,3,2,0.0,0.0,0,0.0003815627762396915,0.0,True,False,0,False,2,0.6666666666666666,consolidator,0.75,0.6666666666666666,in=3/266921 KZT; out=0/0 KZT; tx=3/0; d=3; сбор; выход 0% наблюдаемого входа,0.18382165417875362,0.058014586277925204,0.11157717826045192,0.062443449579869886,0.0,0.0,0.415857,Оборот 266921 (+0.184); связей 3 (+0.058); seed 3 (+0.112); внешних групп 2 (+0.062); 1–2д 0% (+0.000); цикл +0.00
100000002737980100,3,False,1,0,32900.0,0.0,1,0,2,0,0.0,0.0,0,0.0002938265647112541,0.0,True,False,16,False,1,1.0,terminal,0.55,1.0,in=1/32900 KZT; out=0/0 KZT; tx=1/0; d=3; нет выхода в наблюдаемой выборке,0.15302285869165183,0.029007293138962602,0.08842282173954807,0.0,0.0,0.0,0.270453,Оборот 32900 (+0.153); связей 1 (+0.029); seed 2 (+0.088); внешних групп 0 (+0.000); 1–2д 0% (+0.000); цикл +0.00
100000002738256100,2,False,1,1,150200.0,175000.0,1,1,1,0,150200.0,1.0,1,0.0005062533989618606,1.1651131824234353,True,False,58,True,2,0.5,transit,0.65,1.0,in=1/150200 KZT; out=1/175000 KZT; tx=1/1; d=2; вход≈выход; сценарий 1–2д 100% входа,0.1867270738902803,0.04597547187268181,0.05578858913022596,0.0,0.1,0.1,0.488491,Оборот 325200 (+0.187); связей 2 (+0.046); seed 1 (+0.056); внешних групп 0 (+0.000); 1–2д 100% (+0.100); цикл +0.10
100000002741024100,2,False,5,6,817980.85,434989.0,9,7,3,1,28203.0,0.034478802284919015,3,0.0029205108506861898,0.5317838431058625,True,False,0,True,12,0.1875,peripheral,0.4,1.0,in=5/817981 KZT; out=6/434989 KZT; tx=9/7; d=2; недостаточно признаков других ролей,0.2065709907772613,0.10399005815060701,0.11157717826045192,0.039397430255579034,0.0034478802284919016,0.1,0.564984,Оборот 1252970 (+0.207); связей 11 (+0.104); seed 3 (+0.112); внешних групп 1 (+0.039); 1–2д 3% (+0.003); цикл +0.10
100000002742067100,2,False,1,0,12730.0,0.0,1,0,3,0,0.0,0.0,0,0.00028805595805138183,0.0,True,False,3,False,1,1.0,terminal,0.55,1.0,in=1/12730 KZT; out=0/0 KZT; tx=1/0; d=2; нет выхода в наблюдаемой выборке,0.139054399167378,0.029007293138962602,0.11157717826045192,0.0,0.0,0.0,0.279639,Оборот 12730 (+0.139); связей 1 (+0.029); seed 3 (+0.112); внешних групп 0 (+0.000); 1–2д 0% (+0.000); цикл +0.00
100000002744581100,2,False,1,0,12000.0,0.0,1,0,1,0,0.0,0.0,0,0.0003231673151371976,0.0,True,False,1,False,1,1.0,terminal,0.55,1.0,in=1/12000 KZT; out=0/0 KZT; tx=1/0; d=2; нет выхода в наблюдаемой выборке,0.13818565837320845,0.029007293138962602,0.05578858913022596,0.0,0.0,0.0,0.222982,Оборот 12000 (+0.138); связей 1 (+0.029); seed 1 (+0.056); внешних групп 0 (+0.000); 1–2д 0% (+0.000); цикл +0.00
100000002748040100,4,False,1,0,18000.0,0.0,1,0,2,0,0.0,0.0,0,0.00029072403420400965,0.0,True,True,18,False,1,1.0,peripheral,0.2,1.0,in=1/18000 KZT; out=0/0 KZT; tx=1/0; d=4; граница выгрузки; роль неизвестна,0.144150434713314,0.029007293138962602,0.08842282173954807,0.0,0.0,0.0,0.261581,Оборот 18000 (+0.144); связей 1 (+0.029); seed 2 (+0.088); внешних групп 0 (+0.000); 1–2д 0% (+0.000); цикл +0.00
100000002748180100,1,False,1,8,9900.0,679743.0,1,9,1,1,0.0,0.0,0,0.00028566952292812805,68.66090909090909,True,False,24,False,6,0.4,distributor,0.8,1.0,in=1/9900 KZT; out=8/679743 KZT; tx=1/9; d=1; рассылка многим получателям,0.19778652329660606,0.09636014203495331,0.05578858913022596,0.039397430255579034,0.0,0.0,0.389333,Оборот 689643 (+0.198); связей 9 (+0.096); seed 1 (+0.056); внешних групп 1 (+0.039); 1–2д 0% (+0.000); цикл +0.00
100000002748511100,4,False,1,0,20000.0,0.0,1,0,1,0,0.0,0.0,0,0.0005633632562092583,0.0,True,True,16,False,1,1.0,peripheral,0.2,1.0,in=1/20000 KZT; out=0/0 KZT; tx=1/0; d=4; граница выгрузки; роль неизвестна,0.14570041229327152,0.029007293138962602,0.05578858913022596,0.0,0.0,0.0,0.230496,Оборот 20000 (+0.146); связей 1 (+0.029); seed 1 (+0.056); внешних групп 0 (+0.000); 1–2д 0% (+0.000); цикл +0.00
100000002748532100,2,False,3,2,355575.0,646685.0,3,7,4,2,0.0,0.0,0,0.00033726259567510544,1.8187021022287844,True,False,46,False,7,0.3,peripheral,0.4,1.0,in=3/355575 KZT; out=2/646685 KZT; tx=3/7; d=2; недостаточно признаков других ролей,0.20328641464579644,0.0749827650116444,0.12953709247559939,0.062443449579869886,0.0,0.0,0.47025,Оборот 1002260 (+0.203); связей 5 (+0.075); seed 4 (+0.130); внешних групп 2 (+0.062); 1–2д 0% (+0.000); цикл +0.00
100000002748581100,3,False,1,0,41180.0,0.0,1,0,1,0,0.0,0.0,0,0.000295637045650338,0.0,True,False,40,False,1,1.0,terminal,0.55,1.0,in=1/41180 KZT; out=0/0 KZT; tx=1/0; d=3; нет выхода в наблюдаемой выборке,0.15632530939108386,0.029007293138962602,0.05578858913022596,0.0,0.0,0.0,0.241121,Оборот 41180 (+0.156); связей 1 (+0.029); seed 1 (+0.056); внешних групп 0 (+0.000); 1–2д 0% (+0.000); цикл +0.00
100000002748761100,3,False,1,0,796800.0,0.0,3,0,2,0,0.0,0.0,0,0.000321718628341149,0.0,True,False,24,False,2,0.6666666666666666,terminal,0.55,1.0,in=1/796800 KZT; out=0/0 KZT; tx=3/0; d=3; нет выхода в наблюдаемой выборке,0.19991136289880396,0.029007293138962602,0.08842282173954807,0.0,0.0,0.0,0.317341,Оборот 796800 (+0.200); связей 1 (+0.029); seed 2 (+0.088); внешних групп 0 (+0.000); 1–2д 0% (+0.000); цикл +0.00
100000002750332100,1,False,1,0,11360.0,0.0,1,0,1,0,0.0,0.0,0,0.0002852493153168934,0.0,True,False,4,False,1,1.0,terminal,0.55,1.0,in=1/11360 KZT; out=0/0 KZT; tx=1/0; d=1; нет выхода в наблюдаемой выборке,0.1373793910538645,0.029007293138962602,0.05578858913022596,0.0,0.0,0.0,0.222175,Оборот 11360 (+0.137); связей 1 (+0.029); seed 1 (+0.056); внешних групп 0 (+0.000); 1–2д 0% (+0.000); цикл +0.00
100000002750956100,1,False,1,0,47416.0,0.0,1,0,1,0,0.0,0.0,0,0.00029286558141702776,0.0,True,False,0,False,1,1.0,terminal,0.55,1.0,in=1/47416 KZT; out=0/0 KZT; tx=1/0; d=1; нет выхода в наблюдаемой выборке,0.1583997515740611,0.029007293138962602,0.05578858913022596,0.0,0.0,0.0,0.243196,Оборот 47416 (+0.158); связей 1 (+0.029); seed 1 (+0.056); внешних групп 0 (+0.000); 1–2д 0% (+0.000); цикл +0.00
100000002752565100,4,False,1,0,57000.0,0.0,1,0,2,0,0.0,0.0,0,0.00033633590113205526,0.0,True,True,8,False,1,1.0,peripheral,0.2,1.0,in=1/57000 KZT; out=0/0 KZT; tx=1/0; d=4; граница выгрузки; роль неизвестна,0.16110804615801128,0.029007293138962602,0.08842282173954807,0.0,0.0,0.0,0.278538,Оборот 57000 (+0.161); связей 1 (+0.029); seed 2 (+0.088); внешних групп 0 (+0.000); 1–2д 0% (+0.000); цикл +0.00
100000002753146100,3,False,1,0,803540.0,0.0,3,0,2,0,0.0,0.0,0,0.00032203736861769817,0.0,True,False,24,False,2,0.6666666666666666,terminal,0.55,1.0,in=1/803540 KZT; out=0/0 KZT; tx=3/0; d=3; нет выхода в наблюдаемой выборке,0.20003528537558707,0.029007293138962602,0.08842282173954807,0.0,0.0,0.0,0.317465,Оборот 803540 (+0.200); связей 1 (+0.029); seed 2 (+0.088); внешних групп 0 (+0.000); 1–2д 0% (+0.000); цикл +0.00
100000002755292100,3,False,1,0,203400.0,0.0,1,0,3,0,0.0,0.0,0,0.00029057470531084167,0.0,True,False,10,False,1,1.0,terminal,0.55,1.0,in=1/203400 KZT; out=0/0 KZT; tx=1/0; d=3; нет выхода в наблюдаемой выборке,0.1798232816246073,0.029007293138962602,0.11157717826045192,0.0,0.0,0.0,0.320408,Оборот 203400 (+0.180); связей 1 (+0.029); seed 3 (+0.112); внешних групп 0 (+0.000); 1–2д 0% (+0.000); цикл +0.00
100000002757240100,2,False,1,0,51183.0,0.0,1,0,3,0,0.0,0.0,0,0.00031507596807410455,0.0,True,False,2,False,1,1.0,terminal,0.55,1.0,in=1/51183 KZT; out=0/0 KZT; tx=1/0; d=2; нет выхода в наблюдаемой выборке,0.15952442427674682,0.029007293138962602,0.11157717826045192,0.0,0.0,0.0,0.300109,Оборот 51183 (+0.160); связей 1 (+0.029); seed 3 (+0.112); внешних групп 0 (+0.000); 1–2д 0% (+0.000); цикл +0.00
100000002757791100,3,False,1,0,73050.0,0.0,1,0,1,0,0.0,0.0,0,0.000309336414719809,0.0,True,False,41,False,1,1.0,terminal,0.55,1.0,in=1/73050 KZT; out=0/0 KZT; tx=1/0; d=3; нет выхода в наблюдаемой выборке,0.1647579209328307,0.029007293138962602,0.05578858913022596,0.0,0.0,0.0,0.249554,Оборот 73050 (+0.165); связей 1 (+0.029); seed 1 (+0.056); внешних групп 0 (+0.000); 1–2д 0% (+0.000); цикл +0.00
100000002757797100,1,False,1,0,100000.0,0.0,1,0,1,0,0.0,0.0,0,0.00030052453441604173,0.0,True,False,7,False,1,1.0,terminal,0.55,1.0,in=1/100000 KZT; out=0/0 KZT; tx=1/0; d=1; нет выхода в наблюдаемой выборке,0.16937780416926437,0.029007293138962602,0.05578858913022596,0.0,0.0,0.0,0.254174,Оборот 100000 (+0.169); связей 1 (+0.029); seed 1 (+0.056); внешних групп 0 (+0.000); 1–2д 0% (+0.000); цикл +0.00
100000002760175100,1,False,1,0,187410.0,0.0,1,0,5,0,0.0,0.0,0,0.0003123030291596348,0.0,True,False,11,False,1,1.0,terminal,0.55,1.0,in=1/187410 KZT; out=0/0 KZT; tx=1/0; d=1; нет выхода в наблюдаемой выборке,0.17861873528404965,0.029007293138962602,0.14421141086977404,0.0,0.0,0.0,0.351837,Оборот 187410 (+0.179); связей 1 (+0.029); seed 5 (+0.144); внешних групп 0 (+0.000); 1–2д 0% (+0.000); цикл +0.00
100000002762076100,1,False,2,1,140350.0,30000.0,2,1,2,1,0.0,0.0,0,0.0002975250989963251,0.21375133594584966,True,False,1,False,3,0.3333333333333333,peripheral,0.4,1.0,in=2/140350 KZT; out=1/30000 KZT; tx=2/1; d=1; недостаточно признаков других ролей,0.1772145812723364,0.058014586277925204,0.08842282173954807,0.039397430255579034,0.0,0.0,0.363049,Оборот 170350 (+0.177); связей 3 (+0.058); seed 2 (+0.088); внешних групп 1 (+0.039); 1–2д 0% (+0.000); цикл +0.00
100000002769809100,3,False,1,0,113422.0,0.0,1,0,1,0,0.0,0.0,0,0.0003755930701178992,0.0,True,False,43,False,1,1.0,terminal,0.55,1.0,in=1/113422 KZT; out=0/0 KZT; tx=1/0; d=3; нет выхода в наблюдаемой выборке,0.1712306868994125,0.029007293138962602,0.05578858913022596,0.0,0.0,0.0,0.256027,Оборот 113422 (+0.171); связей 1 (+0.029); seed 1 (+0.056); внешних групп 0 (+0.000); 1–2д 0% (+0.000); цикл +0.00
100000002773323100,3,False,2,1,285000.0,1171644.0,2,2,3,0,0.0,0.0,0,0.00032370292386857337,4.111031578947369,True,False,4,False,3,0.5,peripheral,0.4,1.0,in=2/285000 KZT; out=1/1171644 KZT; tx=2/2; d=3; недостаточно признаков других ролей,0.2087868826161631,0.058014586277925204,0.11157717826045192,0.0,0.0,0.0,0.378379,Оборот 1456644 (+0.209); связей 3 (+0.058); seed 3 (+0.112); внешних групп 0 (+0.000); 1–2д 0% (+0.000); цикл +0.00
100000002774456100,1,False,1,0,50363.0,0.0,1,0,5,0,0.0,0.0,0,0.0002916331854802275,0.0,True,False,11,False,1,1.0,terminal,0.55,1.0,in=1/50363 KZT; out=0/0 KZT; tx=1/0; d=1; нет выхода в наблюдаемой выборке,0.15928682104601644,0.029007293138962602,0.14421141086977404,0.0,0.0,0.0,0.332506,Оборот 50363 (+0.159); связей 1 (+0.029); seed 5 (+0.144); внешних групп 0 (+0.000); 1–2д 0% (+0.000); цикл +0.00
100000002778085100,1,False,1,0,66208.0,0.0,1,0,2,0,0.0,0.0,0,0.00029110901623958385,0.0,True,False,16,False,1,1.0,terminal,0.55,1.0,in=1/66208 KZT; out=0/0 KZT; tx=1/0; d=1; нет выхода в наблюдаемой выборке,0.16331112622380092,0.029007293138962602,0.08842282173954807,0.0,0.0,0.0,0.280741,Оборот 66208 (+0.163); связей 1 (+0.029); seed 2 (+0.088); внешних групп 0 (+0.000); 1–2д 0% (+0.000); цикл +0.00
100000002779485100,2,False,1,0,91000.0,0.0,2,0,1,0,0.0,0.0,0,0.0005436310884634904,0.0,True,False,8,False,2,0.5,terminal,0.55,1.0,in=1/91000 KZT; out=0/0 KZT; tx=2/0; d=2; нет выхода в наблюдаемой выборке,0.16799032411845796,0.029007293138962602,0.05578858913022596,0.0,0.0,0.0,0.252786,Оборот 91000 (+0.168); связей 1 (+0.029); seed 1 (+0.056); внешних групп 0 (+0.000); 1–2д 0% (+0.000); цикл +0.00
100000002781227100,1,False,2,3,191167.62,212420.0,8,10,1,1,42167.62,0.2205793010343488,3,0.002373238744413663,1.1111714421092862,True,False,59,True,10,0.2222222222222222,peripheral,0.4,1.0,in=2/191168 KZT; out=3/212420 KZT; tx=8/10; d=1; недостаточно признаков других ролей,0.18990415969389293,0.0749827650116444,0.05578858913022596,0.039397430255579034,0.022057930103434882,0.1,0.482131,Оборот 403588 (+0.190); связей 5 (+0.075); seed 1 (+0.056); внешних групп 1 (+0.039); 1–2д 22% (+0.022); цикл +0.10
100000002784085100,1,False,1,0,200000.0,0.0,1,0,1,0,0.0,0.0,0,0.0003053758425687123,0.0,True,False,4,False,1,1.0,terminal,0.55,1.0,in=1/200000 KZT; out=0/0 KZT; tx=1/0; d=1; нет выхода в наблюдаемой выборке,0.17957528168352788,0.029007293138962602,0.05578858913022596,0.0,0.0,0.0,0.264371,Оборот 200000 (+0.180); связей 1 (+0.029); seed 1 (+0.056); внешних групп 0 (+0.000); 1–2д 0% (+0.000); цикл +0.00
100000002791494100,4,False,1,0,85860.0,0.0,1,0,2,0,0.0,0.0,0,0.00031593307771589694,0.0,True,True,18,False,1,1.0,peripheral,0.2,1.0,in=1/85860 KZT; out=0/0 KZT; tx=1/0; d=4; граница выгрузки; роль неизвестна,0.1671349594138038,0.029007293138962602,0.08842282173954807,0.0,0.0,0.0,0.284565,Оборот 85860 (+0.167); связей 1 (+0.029); seed 2 (+0.088); внешних групп 0 (+0.000); 1–2д 0% (+0.000); цикл +0.00
100000002793851100,1,False,1,0,11052.0,0.0,1,0,2,0,0.0,0.0,0,0.0002852177584790853,0.0,True,False,16,False,1,1.0,terminal,0.55,1.0,in=1/11052 KZT; out=0/0 KZT; tx=1/0; d=1; нет выхода в наблюдаемой выборке,0.13697503950566392,0.029007293138962602,0.08842282173954807,0.0,0.0,0.0,0.254405,Оборот 11052 (+0.137); связей 1 (+0.029); seed 2 (+0.088); внешних групп 0 (+0.000); 1–2д 0% (+0.000); цикл +0.00
100000002793881100,3,False,3,0,785600.0,0.0,3,0,4,0,0.0,0.0,0,0.0003730130245634418,0.0,True,False,4,False,1,1.0,consolidator,0.75,0.6666666666666666,in=3/785600 KZT; out=0/0 KZT; tx=3/0; d=3; сбор; выход 0% наблюдаемого входа,0.19970310145468528,0.058014586277925204,0.12953709247559939,0.0,0.0,0.0,0.387255,Оборот 785600 (+0.200); связей 3 (+0.058); seed 4 (+0.130); внешних групп 0 (+0.000); 1–2д 0% (+0.000); цикл +0.00
100000002794197100,1,False,1,0,30100.0,0.0,1,0,1,0,0.0,0.0,0,0.0002857520275518704,0.0,True,False,1,False,1,1.0,terminal,0.55,1.0,in=1/30100 KZT; out=0/0 KZT; tx=1/0; d=1; нет выхода в наблюдаемой выборке,0.15171430875484915,0.029007293138962602,0.05578858913022596,0.0,0.0,0.0,0.23651,Оборот 30100 (+0.152); связей 1 (+0.029); seed 1 (+0.056); внешних групп 0 (+0.000); 1–2д 0% (+0.000); цикл +0.00
100000002794374100,4,False,1,0,111000.0,0.0,1,0,1,0,0.0,0.0,0,0.00036172008544377673,0.0,True,True,60,False,1,1.0,peripheral,0.2,1.0,in=1/111000 KZT; out=0/0 KZT; tx=1/0; d=4; граница выгрузки; роль неизвестна,0.17091312958147287,0.029007293138962602,0.05578858913022596,0.0,0.0,0.0,0.255709,Оборот 111000 (+0.171); связей 1 (+0.029); seed 1 (+0.056); внешних групп 0 (+0.000); 1–2д 0% (+0.000); цикл +0.00
100000002796853100,2,False,1,1,199000.0,46167.62,8,5,1,0,21167.62,0.10636994974874373,2,0.0021738467839634147,0.23199809045226133,True,False,59,True,7,0.3076923076923077,peripheral,0.4,1.0,in=1/199000 KZT; out=1/46168 KZT; tx=8/5; d=2; недостаточно признаков других ролей,0.18257098691118404,0.04597547187268181,0.05578858913022596,0.0,0.010636994974874373,0.1,0.394972,Оборот 245168 (+0.183); связей 2 (+0.046); seed 1 (+0.056); внешних групп 0 (+0.000); 1–2д 11% (+0.011); цикл +0.10
100000002799941100,3,False,1,0,600000.0,0.0,1,0,1,0,0.0,0.0,0,0.00038591819989947297,0.0,True,False,43,False,1,1.0,terminal,0.55,1.0,in=1/600000 KZT; out=0/0 KZT; tx=1/0; d=3; нет выхода в наблюдаемой выборке,0.195737968694513,0.029007293138962602,0.05578858913022596,0.0,0.0,0.0,0.280534,Оборот 600000 (+0.196); связей 1 (+0.029); seed 1 (+0.056); внешних групп 0 (+0.000); 1–2д 0% (+0.000); цикл +0.00
100000002807334100,3,False,1,0,54715.0,0.0,1,0,3,0,0.0,0.0,0,0.0002857958641113226,0.0,True,False,10,False,1,1.0,terminal,0.55,1.0,in=1/54715 KZT; out=0/0 KZT; tx=1/0; d=3; нет выхода в наблюдаемой выборке,0.1605061411790321,0.029007293138962602,0.11157717826045192,0.0,0.0,0.0,0.301091,Оборот 54715 (+0.161); связей 1 (+0.029); seed 3 (+0.112); внешних групп 0 (+0.000); 1–2д 0% (+0.000); цикл +0.00
100000002809568100,1,False,1,0,10000.0,0.0,1,0,1,0,0.0,0.0,0,0.0002858991665161169,0.0,True,False,0,False,1,1.0,terminal,0.55,1.0,in=1/10000 KZT; out=0/0 KZT; tx=1/0; d=1; нет выхода в наблюдаемой выборке,0.13550359676243048,0.029007293138962602,0.05578858913022596,0.0,0.0,0.0,0.220299,Оборот 10000 (+0.136); связей 1 (+0.029); seed 1 (+0.056); внешних групп 0 (+0.000); 1–2д 0% (+0.000); цикл +0.00
100000002809896100,3,False,1,0,38000.0,0.0,1,0,1,0,0.0,0.0,0,0.0002980970194606372,0.0,True,False,18,False,1,1.0,terminal,0.55,1.0,in=1/38000 KZT; out=0/0 KZT; tx=1/0; d=3; нет выхода в наблюдаемой выборке,0.1551429902302475,0.029007293138962602,0.05578858913022596,0.0,0.0,0.0,0.239939,Оборот 38000 (+0.155); связей 1 (+0.029); seed 1 (+0.056); внешних групп 0 (+0.000); 1–2д 0% (+0.000); цикл +0.00
100000002810870100,1,False,1,0,33677.0,0.0,1,0,1,0,0.0,0.0,0,0.0002910524728646157,0.0,True,False,22,False,1,1.0,terminal,0.55,1.0,in=1/33677 KZT; out=0/0 KZT; tx=1/0; d=1; нет выхода в наблюдаемой выборке,0.15336626153942576,0.029007293138962602,0.05578858913022596,0.0,0.0,0.0,0.238162,Оборот 33677 (+0.153); связей 1 (+0.029); seed 1 (+0.056); внешних групп 0 (+0.000); 1–2д 0% (+0.000); цикл +0.00
100000002812641100,2,False,1,1,10000.0,7023.95,1,1,3,0,7023.95,0.702395,1,0.0021773413340777704,0.702395,True,False,4,True,2,0.5,transit,0.65,0.6666666666666666,in=1/10000 KZT; out=1/7024 KZT; tx=1/1; d=2; вход≈выход; сценарий 1–2д 70% входа,0.1433302814452031,0.04597547187268181,0.11157717826045192,0.0,0.0702395,0.1,0.471122,Оборот 17024 (+0.143); связей 2 (+0.046); seed 3 (+0.112); внешних групп 0 (+0.000); 1–2д 70% (+0.070); цикл +0.10
100000002815005100,3,False,1,0,476500.0,0.0,1,0,2,0,0.0,0.0,0,0.0003174405871619478,0.0,True,False,4,False,1,1.0,terminal,0.55,1.0,in=1/476500 KZT; out=0/0 KZT; tx=1/0; d=3; нет выхода в наблюдаемой выборке,0.19234742916091696,0.029007293138962602,0.08842282173954807,0.0,0.0,0.0,0.309778,Оборот 476500 (+0.192); связей 1 (+0.029); seed 2 (+0.088); внешних групп 0 (+0.000); 1–2д 0% (+0.000); цикл +0.00
100000002818726100,3,False,1,0,10879.0,0.0,1,0,3,0,0.0,0.0,0,0.00028803444340810976,0.0,True,False,12,False,1,1.0,terminal,0.55,1.0,in=1/10879 KZT; out=0/0 KZT; tx=1/0; d=3; нет выхода в наблюдаемой выборке,0.13674294893570677,0.029007293138962602,0.11157717826045192,0.0,0.0,0.0,0.277327,Оборот 10879 (+0.137); связей 1 (+0.029); seed 3 (+0.112); внешних групп 0 (+0.000); 1–2д 0% (+0.000); цикл +0.00
100000002820010100,2,False,1,0,30000.0,0.0,1,0,1,0,0.0,0.0,0,0.0002896849430585918,0.0,True,False,41,False,1,1.0,terminal,0.55,1.0,in=1/30000 KZT; out=0/0 KZT; tx=1/0; d=2; нет выхода в наблюдаемой выборке,0.15166535208139753,0.029007293138962602,0.05578858913022596,0.0,0.0,0.0,0.236461,Оборот 30000 (+0.152); связей 1 (+0.029); seed 1 (+0.056); внешних групп 0 (+0.000); 1–2д 0% (+0.000); цикл +0.00
100000002821425100,3,False,1,0,275000.0,0.0,1,0,2,0,0.0,0.0,0,0.0002970422668718083,0.0,True,False,24,False,1,1.0,terminal,0.55,1.0,in=1/275000 KZT; out=0/0 KZT; tx=1/0; d=3; нет выхода в наблюдаемой выборке,0.1842603390176875,0.029007293138962602,0.08842282173954807,0.0,0.0,0.0,0.30169,Оборот 275000 (+0.184); связей 1 (+0.029); seed 2 (+0.088); внешних групп 0 (+0.000); 1–2д 0% (+0.000); цикл +0.00
100000002822472100,3,False,2,0,266722.0,0.0,2,0,3,1,0.0,0.0,0,0.0003105754067456203,0.0,True,False,24,False,2,0.5,terminal,0.55,1.0,in=2/266722 KZT; out=0/0 KZT; tx=2/0; d=3; нет выхода в наблюдаемой выборке,0.18381068179279691,0.04597547187268181,0.11157717826045192,0.039397430255579034,0.0,0.0,0.380761,Оборот 266722 (+0.184); связей 2 (+0.046); seed 3 (+0.112); внешних групп 1 (+0.039); 1–2д 0% (+0.000); цикл +0.00
100000002824176100,1,False,1,0,144000.0,0.0,1,0,2,0,0.0,0.0,0,0.00033670606865206394,0.0,True,False,41,False,1,1.0,terminal,0.55,1.0,in=1/144000 KZT; out=0/0 KZT; tx=1/0; d=1; нет выхода в наблюдаемой выборке,0.17474237279159754,0.029007293138962602,0.08842282173954807,0.0,0.0,0.0,0.292172,Оборот 144000 (+0.175); связей 1 (+0.029); seed 2 (+0.088); внешних групп 0 (+0.000); 1–2д 0% (+0.000); цикл +0.00
100000002826669100,2,False,1,0,159900.0,0.0,4,0,3,0,0.0,0.0,0,0.00047325405891343174,0.0,True,False,0,False,4,0.25,terminal,0.55,1.0,in=1/159900 KZT; out=0/0 KZT; tx=4/0; d=2; нет выхода в наблюдаемой выборке,0.176283224093914,0.029007293138962602,0.11157717826045192,0.0,0.0,0.0,0.316868,Оборот 159900 (+0.176); связей 1 (+0.029); seed 3 (+0.112); внешних групп 0 (+0.000); 1–2д 0% (+0.000); цикл +0.00
100000002830055100,1,False,1,0,14000.0,0.0,1,0,1,0,0.0,0.0,0,0.0002869535968822142,0.0,True,False,22,False,1,1.0,terminal,0.55,1.0,in=1/14000 KZT; out=0/0 KZT; tx=1/0; d=1; нет выхода в наблюдаемой выборке,0.14045334131935877,0.029007293138962602,0.05578858913022596,0.0,0.0,0.0,0.225249,Оборот 14000 (+0.140); связей 1 (+0.029); seed 1 (+0.056); внешних групп 0 (+0.000); 1–2д 0% (+0.000); цикл +0.00
100000002831727100,2,False,1,1,6000.0,77000.0,1,3,1,0,6000.0,1.0,1,0.00028918020279964756,12.833333333333334,True,False,43,False,4,0.25,peripheral,0.4,1.0,in=1/6000 KZT; out=1/77000 KZT; tx=1/3; d=2; недостаточно признаков других ролей,0.16663656167837637,0.04597547187268181,0.05578858913022596,0.0,0.1,0.0,0.368401,Оборот 83000 (+0.167); связей 2 (+0.046); seed 1 (+0.056); внешних групп 0 (+0.000); 1–2д 100% (+0.100); цикл +0.00
100000002832753100,4,False,1,0,12500.0,0.0,1,0,1,0,0.0,0.0,0,0.0007495345164599444,0.0,True,True,3,False,1,1.0,peripheral,0.2,1.0,in=1/12500 KZT; out=0/0 KZT; tx=1/0; d=4; граница выгрузки; роль неизвестна,0.13878618073938873,0.029007293138962602,0.05578858913022596,0.0,0.0,0.0,0.223582,Оборот 12500 (+0.139); связей 1 (+0.029); seed 1 (+0.056); внешних групп 0 (+0.000); 1–2д 0% (+0.000); цикл +0.00
100000002835874100,4,False,1,0,58700.0,0.0,1,0,2,0,0.0,0.0,0,0.0002917063207769189,0.0,True,True,4,False,1,1.0,peripheral,0.2,1.0,in=1/58700 KZT; out=0/0 KZT; tx=1/0; d=4; граница выгрузки; роль неизвестна,0.16154040040959794,0.029007293138962602,0.08842282173954807,0.0,0.0,0.0,0.278971,Оборот 58700 (+0.162); связей 1 (+0.029); seed 2 (+0.088); внешних групп 0 (+0.000); 1–2д 0% (+0.000); цикл +0.00
100000002836052100,2,False,1,0,15000.0,0.0,1,0,8,0,0.0,0.0,0,0.00030398245238055305,0.0,True,False,2,False,1,1.0,terminal,0.55,1.0,in=1/15000 KZT; out=0/0 KZT; tx=1/0; d=2; нет выхода в наблюдаемой выборке,0.14146829138193068,0.029007293138962602,0.17684564347909615,0.0,0.0,0.0,0.347321,Оборот 15000 (+0.141); связей 1 (+0.029); seed 8 (+0.177); внешних групп 0 (+0.000); 1–2д 0% (+0.000); цикл +0.00
100000002836736100,1,False,2,0,509000.0,0.0,2,0,3,1,0.0,0.0,0,0.000449101231565967,0.0,True,False,41,False,1,1.0,terminal,0.55,1.0,in=2/509000 KZT; out=0/0 KZT; tx=2/0; d=1; нет выхода в наблюдаемой выборке,0.1933181263876711,0.04597547187268181,0.11157717826045192,0.039397430255579034,0.0,0.0,0.390268,Оборот 509000 (+0.193); связей 2 (+0.046); seed 3 (+0.112); внешних групп 1 (+0.039); 1–2д 0% (+0.000); цикл +0.00
100000002838519100,3,False,1,0,46900.0,0.0,1,0,1,0,0.0,0.0,0,0.0002972482799733606,0.0,True,False,40,False,1,1.0,terminal,0.55,1.0,in=1/46900 KZT; out=0/0 KZT; tx=1/0; d=3; нет выхода в наблюдаемой выборке,0.1582387760397662,0.029007293138962602,0.05578858913022596,0.0,0.0,0.0,0.243035,Оборот 46900 (+0.158); связей 1 (+0.029); seed 1 (+0.056); внешних групп 0 (+0.000); 1–2д 0% (+0.000); цикл +0.00
100000002838861100,1,False,5,1,554523.95,10000.0,5,1,4,2,0.0,0.0,0,0.002227416528047988,0.018033486200190272,True,False,4,True,5,0.3333333333333333,consolidator,0.75,1.0,in=5/554524 KZT; out=1/10000 KZT; tx=5/1; d=1; сбор; выход 2% наблюдаемого входа,0.19484132290247655,0.08143376716923444,0.12953709247559939,0.062443449579869886,0.0,0.1,0.568256,Оборот 564524 (+0.195); связей 6 (+0.081); seed 4 (+0.130); внешних групп 2 (+0.062); 1–2д 0% (+0.000); цикл +0.10
100000002842321100,3,False,1,0,160000.0,0.0,1,0,3,0,0.0,0.0,0,0.0002891797985747276,0.0,True,False,10,False,1,1.0,terminal,0.55,1.0,in=1/160000 KZT; out=0/0 KZT; tx=1/0; d=3; нет выхода в наблюдаемой выборке,0.1762924218837635,0.029007293138962602,0.11157717826045192,0.0,0.0,0.0,0.316877,Оборот 160000 (+0.176); связей 1 (+0.029); seed 3 (+0.112); внешних групп 0 (+0.000); 1–2д 0% (+0.000); цикл +0.00
100000002842337100,2,False,1,0,50000.0,0.0,1,0,1,0,0.0,0.0,0,0.0003645010898917498,0.0,True,False,1,False,1,1.0,terminal,0.55,1.0,in=1/50000 KZT; out=0/0 KZT; tx=1/0; d=2; нет выхода в наблюдаемой выборке,0.1591804002131276,0.029007293138962602,0.05578858913022596,0.0,0.0,0.0,0.243976,Оборот 50000 (+0.159); связей 1 (+0.029); seed 1 (+0.056); внешних групп 0 (+0.000); 1–2д 0% (+0.000); цикл +0.00
100000002844652100,1,False,1,0,61360.0,0.0,1,0,1,0,0.0,0.0,0,0.00028753285293345136,0.0,True,False,1,False,1,1.0,terminal,0.55,1.0,in=1/61360 KZT; out=0/0 KZT; tx=1/0; d=1; нет выхода в наблюдаемой выборке,0.1621924003563505,0.029007293138962602,0.05578858913022596,0.0,0.0,0.0,0.246988,Оборот 61360 (+0.162); связей 1 (+0.029); seed 1 (+0.056); внешних групп 0 (+0.000); 1–2д 0% (+0.000); цикл +0.00
100000002844897100,1,False,1,0,10800.0,0.0,1,0,1,0,0.0,0.0,0,0.0002851895673564343,0.0,True,False,4,False,1,1.0,terminal,0.55,1.0,in=1/10800 KZT; out=0/0 KZT; tx=1/0; d=1; нет выхода в наблюдаемой выборке,0.13663573527431028,0.029007293138962602,0.05578858913022596,0.0,0.0,0.0,0.221432,Оборот 10800 (+0.137); связей 1 (+0.029); seed 1 (+0.056); внешних групп 0 (+0.000); 1–2д 0% (+0.000); цикл +0.00
100000002845605100,1,False,1,0,57567.0,0.0,1,0,1,0,0.0,0.0,0,0.00029475557707821936,0.0,True,False,0,False,1,1.0,terminal,0.55,1.0,in=1/57567 KZT; out=0/0 KZT; tx=1/0; d=1; нет выхода в наблюдаемой выборке,0.16125366578219327,0.029007293138962602,0.05578858913022596,0.0,0.0,0.0,0.24605,Оборот 57567 (+0.161); связей 1 (+0.029); seed 1 (+0.056); внешних групп 0 (+0.000); 1–2д 0% (+0.000); цикл +0.00
100000002847207100,1,False,1,0,46243.0,0.0,1,0,4,0,0.0,0.0,0,0.00029322188280229554,0.0,True,False,2,False,1,1.0,terminal,0.55,1.0,in=1/46243 KZT; out=0/0 KZT; tx=1/0; d=1; нет выхода в наблюдаемой выборке,0.15803123047891954,0.029007293138962602,0.12953709247559939,0.0,0.0,0.0,0.316576,Оборот 46243 (+0.158); связей 1 (+0.029); seed 4 (+0.130); внешних групп 0 (+0.000); 1–2д 0% (+0.000); цикл +0.00
100000002849158100,3,False,3,1,723000.0,1313000.0,3,3,3,1,0.0,0.0,0,0.000334467014816338,1.8160442600276625,True,False,4,False,3,0.6666666666666666,peripheral,0.4,1.0,in=3/723000 KZT; out=1/1313000 KZT; tx=3/3; d=3; недостаточно признаков других ролей,0.21371320685694967,0.06735284889599069,0.11157717826045192,0.039397430255579034,0.0,0.0,0.432041,Оборот 2036000 (+0.214); связей 4 (+0.067); seed 3 (+0.112); внешних групп 1 (+0.039); 1–2д 0% (+0.000); цикл +0.00
100000002852402100,2,False,1,0,55000.0,0.0,1,0,1,0,0.0,0.0,0,0.00032521265590646636,0.0,True,False,3,False,1,1.0,terminal,0.55,1.0,in=1/55000 KZT; out=0/0 KZT; tx=1/0; d=2; нет выхода в наблюдаемой выборке,0.16058257267085202,0.029007293138962602,0.05578858913022596,0.0,0.0,0.0,0.245378,Оборот 55000 (+0.161); связей 1 (+0.029); seed 1 (+0.056); внешних групп 0 (+0.000); 1–2д 0% (+0.000); цикл +0.00
100000002858835100,1,False,1,0,24400.0,0.0,1,0,1,0,0.0,0.0,0,0.0002891199998001883,0.0,True,False,22,False,1,1.0,terminal,0.55,1.0,in=1/24400 KZT; out=0/0 KZT; tx=1/0; d=1; нет выхода в наблюдаемой выборке,0.148625764807111,0.029007293138962602,0.05578858913022596,0.0,0.0,0.0,0.233422,Оборот 24400 (+0.149); связей 1 (+0.029); seed 1 (+0.056); внешних групп 0 (+0.000); 1–2д 0% (+0.000); цикл +0.00
100000002860934100,4,False,1,0,279500.0,0.0,4,0,1,0,0.0,0.0,0,0.0005772636237518826,0.0,True,True,15,False,4,0.25,peripheral,0.2,1.0,in=1/279500 KZT; out=0/0 KZT; tx=4/0; d=4; граница выгрузки; роль неизвестна,0.18449913078787056,0.029007293138962602,0.05578858913022596,0.0,0.0,0.0,0.269295,Оборот 279500 (+0.184); связей 1 (+0.029); seed 1 (+0.056); внешних групп 0 (+0.000); 1–2д 0% (+0.000); цикл +0.00
100000002861485100,1,False,1,0,29323.0,0.0,1,0,2,0,0.0,0.0,0,0.00028716929902847374,0.0,True,False,16,False,1,1.0,terminal,0.55,1.0,in=1/29323 KZT; out=0/0 KZT; tx=1/0; d=1; нет выхода в наблюдаемой выборке,0.1513295601944797,0.029007293138962602,0.08842282173954807,0.0,0.0,0.0,0.26876,Оборот 29323 (+0.151); связей 1 (+0.029); seed 2 (+0.088); внешних групп 0 (+0.000); 1–2д 0% (+0.000); цикл +0.00
100000002862113100,3,False,1,0,47405.0,0.0,2,0,1,0,0.0,0.0,0,0.00029739053055607495,0.0,True,False,40,False,2,0.5,terminal,0.55,1.0,in=1/47405 KZT; out=0/0 KZT; tx=2/0; d=3; нет выхода в наблюдаемой выборке,0.1583963382350881,0.029007293138962602,0.05578858913022596,0.0,0.0,0.0,0.243192,Оборот 47405 (+0.158); связей 1 (+0.029); seed 1 (+0.056); внешних групп 0 (+0.000); 1–2д 0% (+0.000); цикл +0.00
100000002863356100,2,False,1,1,45000.0,20000.0,1,1,1,0,0.0,0.0,0,0.0002992055771827555,0.4444444444444444,True,False,22,False,2,0.5,peripheral,0.4,1.0,in=1/45000 KZT; out=1/20000 KZT; tx=1/1; d=2; недостаточно признаков других ролей,0.16304022392303275,0.04597547187268181,0.05578858913022596,0.0,0.0,0.0,0.264804,Оборот 65000 (+0.163); связей 2 (+0.046); seed 1 (+0.056); внешних групп 0 (+0.000); 1–2д 0% (+0.000); цикл +0.00
100000002864256100,1,False,1,0,135780.0,0.0,1,0,4,0,0.0,0.0,0,0.000311005359436112,0.0,True,False,2,False,1,1.0,terminal,0.55,1.0,in=1/135780 KZT; out=0/0 KZT; tx=1/0; d=1; нет выхода в наблюдаемой выборке,0.17387764886371015,0.029007293138962602,0.12953709247559939,0.0,0.0,0.0,0.332422,Оборот 135780 (+0.174); связей 1 (+0.029); seed 4 (+0.130); внешних групп 0 (+0.000); 1–2д 0% (+0.000); цикл +0.00
100000002864680100,1,False,1,0,55932.0,0.0,1,0,1,0,0.0,0.0,0,0.0002932589334587789,0.0,True,False,7,False,1,1.0,terminal,0.55,1.0,in=1/55932 KZT; out=0/0 KZT; tx=1/0; d=1; нет выхода в наблюдаемой выборке,0.16082978030685724,0.029007293138962602,0.05578858913022596,0.0,0.0,0.0,0.245626,Оборот 55932 (+0.161); связей 1 (+0.029); seed 1 (+0.056); внешних групп 0 (+0.000); 1–2д 0% (+0.000); цикл +0.00
100000002870463100,2,False,3,1,207000.0,10000.0,4,1,2,1,0.0,0.0,0,0.0020283560541182613,0.04830917874396135,True,False,41,True,4,0.4,consolidator,0.75,0.6666666666666666,in=3/207000 KZT; out=1/10000 KZT; tx=4/1; d=2; сбор; выход 5% наблюдаемого входа,0.18077547712952952,0.06735284889599069,0.08842282173954807,0.039397430255579034,0.0,0.1,0.475949,Оборот 217000 (+0.181); связей 4 (+0.067); seed 2 (+0.088); внешних групп 1 (+0.039); 1–2д 0% (+0.000); цикл +0.10
100000002870937100,1,False,1,0,83700.0,0.0,1,0,1,0,0.0,0.0,0,0.00028880552212809363,0.0,True,False,1,False,1,1.0,terminal,0.55,1.0,in=1/83700 KZT; out=0/0 KZT; tx=1/0; d=1; нет выхода в наблюдаемой выборке,0.1667601166445249,0.029007293138962602,0.05578858913022596,0.0,0.0,0.0,0.251556,Оборот 83700 (+0.167); связей 1 (+0.029); seed 1 (+0.056); внешних групп 0 (+0.000); 1–2д 0% (+0.000); цикл +0.00
100000002871199100,3,False,1,0,23186.0,0.0,1,0,1,0,0.0,0.0,0,0.00029056841795654996,0.0,True,False,40,False,1,1.0,terminal,0.55,1.0,in=1/23186 KZT; out=0/0 KZT; tx=1/0; d=3; нет выхода в наблюдаемой выборке,0.14787497927333884,0.029007293138962602,0.05578858913022596,0.0,0.0,0.0,0.232671,Оборот 23186 (+0.148); связей 1 (+0.029); seed 1 (+0.056); внешних групп 0 (+0.000); 1–2д 0% (+0.000); цикл +0.00
100000002872399100,3,False,1,0,1090000.0,0.0,9,0,1,0,0.0,0.0,0,0.0007009038308054401,0.0,True,False,1,False,8,0.2222222222222222,terminal,0.55,1.0,in=1/1090000 KZT; out=0/0 KZT; tx=9/0; d=3; нет выхода в наблюдаемой выборке,0.20452104446428224,0.029007293138962602,0.05578858913022596,0.0,0.0,0.0,0.289317,Оборот 1090000 (+0.205); связей 1 (+0.029); seed 1 (+0.056); внешних групп 0 (+0.000); 1–2д 0% (+0.000); цикл +0.00
100000002876914100,4,False,1,0,12000.0,0.0,1,0,1,0,0.0,0.0,0,0.0002904167348375306,0.0,True,True,47,False,1,1.0,peripheral,0.2,1.0,in=1/12000 KZT; out=0/0 KZT; tx=1/0; d=4; граница выгрузки; роль неизвестна,0.13818565837320845,0.029007293138962602,0.05578858913022596,0.0,0.0,0.0,0.222982,Оборот 12000 (+0.138); связей 1 (+0.029); seed 1 (+0.056); внешних групп 0 (+0.000); 1–2д 0% (+0.000); цикл +0.00
100000002877262100,3,False,1,0,100000.0,0.0,1,0,3,0,0.0,0.0,0,0.00029829106998055575,0.0,True,False,4,False,1,1.0,terminal,0.55,1.0,in=1/100000 KZT; out=0/0 KZT; tx=1/0; d=3; нет выхода в наблюдаемой выборке,0.16937780416926437,0.029007293138962602,0.11157717826045192,0.0,0.0,0.0,0.309962,Оборот 100000 (+0.169); связей 1 (+0.029); seed 3 (+0.112); внешних групп 0 (+0.000); 1–2д 0% (+0.000); цикл +0.00
100000002878467100,3,False,2,0,200000.0,0.0,2,0,2,0,0.0,0.0,0,0.0003127941130449979,0.0,True,False,4,False,2,0.5,terminal,0.55,1.0,in=2/200000 KZT; out=0/0 KZT; tx=2/0; d=3; нет выхода в наблюдаемой выборке,0.17957528168352788,0.04597547187268181,0.08842282173954807,0.0,0.0,0.0,0.313974,Оборот 200000 (+0.180); связей 2 (+0.046); seed 2 (+0.088); внешних групп 0 (+0.000); 1–2д 0% (+0.000); цикл +0.00
100000002878483100,4,False,1,0,6000.0,0.0,1,0,1,0,0.0,0.0,0,0.00028722701004969754,0.0,True,True,47,False,1,1.0,peripheral,0.2,1.0,in=1/6000 KZT; out=0/0 KZT; tx=1/0; d=4; граница выгрузки; роль неизвестна,0.12798933314284874,0.029007293138962602,0.05578858913022596,0.0,0.0,0.0,0.212785,Оборот 6000 (+0.128); связей 1 (+0.029); seed 1 (+0.056); внешних групп 0 (+0.000); 1–2д 0% (+0.000); цикл +0.00
100000002881669100,1,False,1,0,18600.0,0.0,1,0,1,0,0.0,0.0,0,0.00028710391360454144,0.0,True,False,7,False,1,1.0,terminal,0.55,1.0,in=1/18600 KZT; out=0/0 KZT; tx=1/0; d=1; нет выхода в наблюдаемой выборке,0.1446328107917623,0.029007293138962602,0.05578858913022596,0.0,0.0,0.0,0.229429,Оборот 18600 (+0.145); связей 1 (+0.029); seed 1 (+0.056); внешних групп 0 (+0.000); 1–2д 0% (+0.000); цикл +0.00
100000002883402100,3,False,3,0,300000.0,0.0,3,0,4,2,0.0,0.0,0,0.0002990212838867484,0.0,True,False,4,False,3,0.3333333333333333,consolidator,0.75,0.6666666666666666,in=3/300000 KZT; out=0/0 KZT; tx=3/0; d=3; сбор; выход 0% наблюдаемого входа,0.1855404421408853,0.058014586277925204,0.12953709247559939,0.062443449579869886,0.0,0.0,0.435536,Оборот 300000 (+0.186); связей 3 (+0.058); seed 4 (+0.130); внешних групп 2 (+0.062); 1–2д 0% (+0.000); цикл +0.00
100000002884708100,4,False,1,0,1171644.0,0.0,2,0,1,0,0.0,0.0,0,0.0005591847705578689,0.0,True,True,4,False,2,0.5,peripheral,0.2,1.0,in=1/1171644 KZT; out=0/0 KZT; tx=2/0; d=4; граница выгрузки; роль неизвестна,0.20558369099339596,0.029007293138962602,0.05578858913022596,0.0,0.0,0.0,0.29038,Оборот 1171644 (+0.206); связей 1 (+0.029); seed 1 (+0.056); внешних групп 0 (+0.000); 1–2д 0% (+0.000); цикл +0.00
100000002886166100,3,False,1,0,185000.0,0.0,3,0,1,0,0.0,0.0,0,0.0003227797951506599,0.0,True,False,34,False,2,0.6666666666666666,terminal,0.55,1.0,in=1/185000 KZT; out=0/0 KZT; tx=3/0; d=3; нет выхода в наблюдаемой выборке,0.17842832085171345,0.029007293138962602,0.05578858913022596,0.0,0.0,0.0,0.263224,Оборот 185000 (+0.178); связей 1 (+0.029); seed 1 (+0.056); внешних групп 0 (+0.000); 1–2д 0% (+0.000); цикл +0.00
100000002890167100,1,False,1,0,118150.0,0.0,1,0,2,0,0.0,0.0,0,0.00029665698401454613,0.0,True,False,16,False,1,1.0,terminal,0.55,1.0,in=1/118150 KZT; out=0/0 KZT; tx=1/0; d=1; нет выхода в наблюдаемой выборке,0.1718315125284102,0.029007293138962602,0.08842282173954807,0.0,0.0,0.0,0.289262,Оборот 118150 (+0.172); связей 1 (+0.029); seed 2 (+0.088); внешних групп 0 (+0.000); 1–2д 0% (+0.000); цикл +0.00
100000002891765100,3,False,1,0,55576.0,0.0,1,0,1,0,0.0,0.0,0,0.00029969217315282623,0.0,True,False,40,False,1,1.0,terminal,0.55,1.0,in=1/55576 KZT; out=0/0 KZT; tx=1/0; d=3; нет выхода в наблюдаемой выборке,0.16073584300510435,0.029007293138962602,0.05578858913022596,0.0,0.0,0.0,0.245532,Оборот 55576 (+0.161); связей 1 (+0.029); seed 1 (+0.056); внешних групп 0 (+0.000); 1–2д 0% (+0.000); цикл +0.00
100000002893020100,3,False,1,0,18340.0,0.0,1,0,1,0,0.0,0.0,0,0.0002908229569777985,0.0,True,False,18,False,1,1.0,terminal,0.55,1.0,in=1/18340 KZT; out=0/0 KZT; tx=1/0; d=3; нет выхода в наблюдаемой выборке,0.1444257201191269,0.029007293138962602,0.05578858913022596,0.0,0.0,0.0,0.229222,Оборот 18340 (+0.144); связей 1 (+0.029); seed 1 (+0.056); внешних групп 0 (+0.000); 1–2д 0% (+0.000); цикл +0.00
100000002894076100,1,False,4,0,1122782.0,0.0,6,0,7,3,0.0,0.0,0,0.00038069690211829654,0.0,True,False,1,False,3,0.6666666666666666,consolidator,0.75,1.0,in=4/1122782 KZT; out=0/0 KZT; tx=6/0; d=1; сбор; выход 0% наблюдаемого входа,0.20495698637466203,0.06735284889599069,0.1673657673906779,0.07879486051115807,0.0,0.0,0.51847,Оборот 1122782 (+0.205); связей 4 (+0.067); seed 7 (+0.167); внешних групп 3 (+0.079); 1–2д 0% (+0.000); цикл +0.00
100000002896506100,4,False,1,0,45000.0,0.0,1,0,3,0,0.0,0.0,0,0.00031190688595572586,0.0,True,True,10,False,1,1.0,peripheral,0.2,1.0,in=1/45000 KZT; out=0/0 KZT; tx=1/0; d=4; граница выгрузки; роль неизвестна,0.15763037359693888,0.029007293138962602,0.11157717826045192,0.0,0.0,0.0,0.298215,Оборот 45000 (+0.158); связей 1 (+0.029); seed 3 (+0.112); внешних групп 0 (+0.000); 1–2д 0% (+0.000); цикл +0.00
100000002901457100,3,False,1,3,340000.0,119000.0,1,3,2,1,0.0,0.0,0,0.00037200657032991104,0.35,True,False,0,False,4,0.25,peripheral,0.4,1.0,in=1/340000 KZT; out=3/119000 KZT; tx=1/3; d=3; недостаточно признаков других ролей,0.19179694551910562,0.06735284889599069,0.08842282173954807,0.039397430255579034,0.0,0.0,0.38697,Оборот 459000 (+0.192); связей 4 (+0.067); seed 2 (+0.088); внешних групп 1 (+0.039); 1–2д 0% (+0.000); цикл +0.00
100000002904919100,3,False,1,1,60325.0,5500.0,1,1,1,0,0.0,0.0,0,0.00028934634387634315,0.09117281392457521,True,False,0,False,2,0.5,peripheral,0.4,1.0,in=1/60325 KZT; out=1/5500 KZT; tx=1/1; d=3; недостаточно признаков других ролей,0.16322577468684335,0.04597547187268181,0.05578858913022596,0.0,0.0,0.0,0.26499,Оборот 65825 (+0.163); связей 2 (+0.046); seed 1 (+0.056); внешних групп 0 (+0.000); 1–2д 0% (+0.000); цикл +0.00
100000002906470100,3,False,1,0,130000.0,0.0,1,0,1,0,0.0,0.0,0,0.00030611148343334633,0.0,True,False,43,False,1,1.0,terminal,0.55,1.0,in=1/130000 KZT; out=0/0 KZT; tx=1/0; d=3; нет выхода в наблюдаемой выборке,0.17323766182893707,0.029007293138962602,0.05578858913022596,0.0,0.0,0.0,0.258034,Оборот 130000 (+0.173); связей 1 (+0.029); seed 1 (+0.056); внешних групп 0 (+0.000); 1–2д 0% (+0.000); цикл +0.00
100000002908521100,3,False,1,0,44500.0,0.0,1,0,1,0,0.0,0.0,0,0.0002909318537526477,0.0,True,False,22,False,1,1.0,terminal,0.55,1.0,in=1/44500 KZT; out=0/0 KZT; tx=1/0; d=3; нет выхода в наблюдаемой выборке,0.15746599615942447,0.029007293138962602,0.05578858913022596,0.0,0.0,0.0,0.242262,Оборот 44500 (+0.157); связей 1 (+0.029); seed 1 (+0.056); внешних групп 0 (+0.000); 1–2д 0% (+0.000); цикл +0.00
100000002911170100,2,False,1,0,300000.0,0.0,2,0,3,0,0.0,0.0,0,0.00032117433451487617,0.0,True,False,33,False,2,0.5,terminal,0.55,1.0,in=1/300000 KZT; out=0/0 KZT; tx=2/0; d=2; нет выхода в наблюдаемой выборке,0.1855404421408853,0.029007293138962602,0.11157717826045192,0.0,0.0,0.0,0.326125,Оборот 300000 (+0.186); связей 1 (+0.029); seed 3 (+0.112); внешних групп 0 (+0.000); 1–2д 0% (+0.000); цикл +0.00
100000002913340100,3,False,1,0,23600.0,0.0,1,0,1,0,0.0,0.0,0,0.00028769373057383043,0.0,True,False,22,False,1,1.0,terminal,0.55,1.0,in=1/23600 KZT; out=0/0 KZT; tx=1/0; d=3; нет выхода в наблюдаемой выборке,0.14813534128493597,0.029007293138962602,0.05578858913022596,0.0,0.0,0.0,0.232931,Оборот 23600 (+0.148); связей 1 (+0.029); seed 1 (+0.056); внешних групп 0 (+0.000); 1–2д 0% (+0.000); цикл +0.00
100000002914245100,3,False,1,0,140611.0,0.0,1,0,1,0,0.0,0.0,0,0.00029398191227535933,0.0,True,False,35,False,1,1.0,terminal,0.55,1.0,in=1/140611 KZT; out=0/0 KZT; tx=1/0; d=3; нет выхода в наблюдаемой выборке,0.17439199401941363,0.029007293138962602,0.05578858913022596,0.0,0.0,0.0,0.259188,Оборот 140611 (+0.174); связей 1 (+0.029); seed 1 (+0.056); внешних групп 0 (+0.000); 1–2д 0% (+0.000); цикл +0.00
100000002916006100,0,True,0,1,0.0,32000.0,0,1,0,0,0.0,0.0,0,0.0002840372852618645,0.0,False,False,49,False,1,1.0,peripheral,0.4,1.0,in=0/0 KZT; out=1/32000 KZT; tx=0/1; d=0; недостаточно признаков других ролей,0.15261480933918287,0.029007293138962602,0.0,0.0,0.0,0.0,0.181622,Оборот 32000 (+0.153); связей 1 (+0.029); seed 0 (+0.000); внешних групп 0 (+0.000); 1–2д 0% (+0.000); цикл +0.00
100000002921047100,1,False,2,1,338000.0,163000.02,2,1,3,1,0.0,0.0,0,0.0003153023353909615,0.48224857988165676,True,False,1,False,2,0.6666666666666666,peripheral,0.4,1.0,in=2/338000 KZT; out=1/163000 KZT; tx=2/1; d=1; недостаточно признаков других ролей,0.19308506186747176,0.058014586277925204,0.11157717826045192,0.039397430255579034,0.0,0.0,0.402074,Оборот 501000 (+0.193); связей 3 (+0.058); seed 3 (+0.112); внешних групп 1 (+0.039); 1–2д 0% (+0.000); цикл +0.00
100000002922000100,4,False,1,0,448000.0,0.0,1,0,1,0,0.0,0.0,0,0.0004565557761281462,0.0,True,True,50,False,1,1.0,peripheral,0.2,1.0,in=1/448000 KZT; out=0/0 KZT; tx=1/0; d=4; граница выгрузки; роль неизвестна,0.19144007870948138,0.029007293138962602,0.05578858913022596,0.0,0.0,0.0,0.276236,Оборот 448000 (+0.191); связей 1 (+0.029); seed 1 (+0.056); внешних групп 0 (+0.000); 1–2д 0% (+0.000); цикл +0.00
100000002926970100,3,False,1,0,85000.0,0.0,1,0,1,0,0.0,0.0,0,0.0003154866907064877,0.0,True,False,18,False,1,1.0,terminal,0.55,1.0,in=1/85000 KZT; out=0/0 KZT; tx=1/0; d=3; нет выхода в наблюдаемой выборке,0.16698685873233457,0.029007293138962602,0.05578858913022596,0.0,0.0,0.0,0.251783,Оборот 85000 (+0.167); связей 1 (+0.029); seed 1 (+0.056); внешних групп 0 (+0.000); 1–2д 0% (+0.000); цикл +0.00
100000002933386100,3,False,1,1,15000.0,58000.0,1,1,1,0,0.0,0.0,0,0.000648634980245916,3.8666666666666667,True,False,2,False,2,0.5,peripheral,0.4,1.0,in=1/15000 KZT; out=1/58000 KZT; tx=1/1; d=3; недостаточно признаков других ролей,0.1647478478376744,0.04597547187268181,0.05578858913022596,0.0,0.0,0.0,0.266512,Оборот 73000 (+0.165); связей 2 (+0.046); seed 1 (+0.056); внешних групп 0 (+0.000); 1–2д 0% (+0.000); цикл +0.00
100000002934441100,1,False,2,0,60845.6,0.0,2,0,1,0,0.0,0.0,0,0.00030082191049809977,0.0,True,False,0,False,1,1.0,terminal,0.55,1.0,in=2/60846 KZT; out=0/0 KZT; tx=2/0; d=1; нет выхода в наблюдаемой выборке,0.1620685475837205,0.04597547187268181,0.05578858913022596,0.0,0.0,0.0,0.263833,Оборот 60846 (+0.162); связей 2 (+0.046); seed 1 (+0.056); внешних групп 0 (+0.000); 1–2д 0% (+0.000); цикл +0.00
100000002936322100,3,False,2,0,787133.0,0.0,2,0,2,1,0.0,0.0,0,0.0003642502667819018,0.0,True,False,35,False,2,0.5,terminal,0.55,1.0,in=2/787133 KZT; out=0/0 KZT; tx=2/0; d=3; нет выхода в наблюдаемой выборке,0.19973178198414146,0.04597547187268181,0.08842282173954807,0.039397430255579034,0.0,0.0,0.373528,Оборот 787133 (+0.200); связей 2 (+0.046); seed 2 (+0.088); внешних групп 1 (+0.039); 1–2д 0% (+0.000); цикл +0.00
100000002938501100,1,False,1,1,8395.0,5000.0,1,1,2,0,0.0,0.0,0,0.00028493396212203175,0.5955926146515783,True,False,16,False,2,0.5,peripheral,0.4,1.0,in=1/8395 KZT; out=1/5000 KZT; tx=1/1; d=1; недостаточно признаков других ролей,0.1398034759453664,0.04597547187268181,0.08842282173954807,0.0,0.0,0.0,0.274202,Оборот 13395 (+0.140); связей 2 (+0.046); seed 2 (+0.088); внешних групп 0 (+0.000); 1–2д 0% (+0.000); цикл +0.00
100000002939838100,1,False,3,0,571233.0,0.0,3,0,6,1,0.0,0.0,0,0.0003976890322569229,0.0,True,False,16,False,3,0.3333333333333333,consolidator,0.75,0.6666666666666666,in=3/571233 KZT; out=0/0 KZT; tx=3/0; d=1; сбор; выход 0% наблюдаемого входа,0.19501513513421553,0.058014586277925204,0.1566183702893892,0.039397430255579034,0.0,0.0,0.449046,Оборот 571233 (+0.195); связей 3 (+0.058); seed 6 (+0.157); внешних групп 1 (+0.039); 1–2д 0% (+0.000); цикл +0.00
100000002941114100,1,False,2,1,128510.0,15000.0,15,1,5,0,15000.0,0.11672243405182477,1,0.0019071695577066912,0.11672243405182477,True,False,11,True,12,0.125,peripheral,0.4,1.0,in=2/128510 KZT; out=1/15000 KZT; tx=15/1; d=1; недостаточно признаков других ролей,0.17469222625442782,0.058014586277925204,0.14421141086977404,0.0,0.011672243405182477,0.1,0.48859,Оборот 143510 (+0.175); связей 3 (+0.058); seed 5 (+0.144); внешних групп 0 (+0.000); 1–2д 12% (+0.012); цикл +0.10
100000002943472100,3,False,1,0,170000.0,0.0,1,0,3,0,0.0,0.0,0,0.00030826871928363965,0.0,True,False,4,False,1,1.0,terminal,0.55,1.0,in=1/170000 KZT; out=0/0 KZT; tx=1/0; d=3; нет выхода в наблюдаемой выборке,0.17718432326567204,0.029007293138962602,0.11157717826045192,0.0,0.0,0.0,0.317769,Оборот 170000 (+0.177); связей 1 (+0.029); seed 3 (+0.112); внешних групп 0 (+0.000); 1–2д 0% (+0.000); цикл +0.00
100000002945031100,3,False,1,0,15000.0,0.0,1,0,3,0,0.0,0.0,0,0.0002895485797001106,0.0,True,False,12,False,1,1.0,terminal,0.55,1.0,in=1/15000 KZT; out=0/0 KZT; tx=1/0; d=3; нет выхода в наблюдаемой выборке,0.14146829138193068,0.029007293138962602,0.11157717826045192,0.0,0.0,0.0,0.282053,Оборот 15000 (+0.141); связей 1 (+0.029); seed 3 (+0.112); внешних групп 0 (+0.000); 1–2д 0% (+0.000); цикл +0.00
100000002945626100,3,False,3,0,584000.0,0.0,3,0,4,1,0.0,0.0,0,0.0003358768674675667,0.0,True,False,4,False,2,0.6666666666666666,consolidator,0.75,0.6666666666666666,in=3/584000 KZT; out=0/0 KZT; tx=3/0; d=3; сбор; выход 0% наблюдаемого входа,0.19534032471757135,0.058014586277925204,0.12953709247559939,0.039397430255579034,0.0,0.0,0.422289,Оборот 584000 (+0.195); связей 3 (+0.058); seed 4 (+0.130); внешних групп 1 (+0.039); 1–2д 0% (+0.000); цикл +0.00
100000002947299100,2,False,1,0,85000.0,0.0,1,0,3,0,0.0,0.0,0,0.00033558346346635435,0.0,True,False,2,False,1,1.0,terminal,0.55,1.0,in=1/85000 KZT; out=0/0 KZT; tx=1/0; d=2; нет выхода в наблюдаемой выборке,0.16698685873233457,0.029007293138962602,0.11157717826045192,0.0,0.0,0.0,0.307571,Оборот 85000 (+0.167); связей 1 (+0.029); seed 3 (+0.112); внешних групп 0 (+0.000); 1–2д 0% (+0.000); цикл +0.00
100000002948492100,3,False,1,0,23660.0,0.0,1,0,1,0,0.0,0.0,0,0.0002907019363252759,0.0,True,False,40,False,1,1.0,terminal,0.55,1.0,in=1/23660 KZT; out=0/0 KZT; tx=1/0; d=3; нет выхода в наблюдаемой выборке,0.14817269551691917,0.029007293138962602,0.05578858913022596,0.0,0.0,0.0,0.232969,Оборот 23660 (+0.148); связей 1 (+0.029); seed 1 (+0.056); внешних групп 0 (+0.000); 1–2д 0% (+0.000); цикл +0.00
100000002951898100,3,False,1,0,39990.0,0.0,1,0,1,0,0.0,0.0,0,0.000295301841306912,0.0,True,False,40,False,1,1.0,terminal,0.55,1.0,in=1/39990 KZT; out=0/0 KZT; tx=1/0; d=3; нет выхода в наблюдаемой выборке,0.1558939172247024,0.029007293138962602,0.05578858913022596,0.0,0.0,0.0,0.24069,Оборот 39990 (+0.156); связей 1 (+0.029); seed 1 (+0.056); внешних групп 0 (+0.000); 1–2д 0% (+0.000); цикл +0.00
100000002952631100,1,False,1,0,48050.0,0.0,1,0,2,0,0.0,0.0,0,0.00028916954531320896,0.0,True,False,16,False,1,1.0,terminal,0.55,1.0,in=1/48050 KZT; out=0/0 KZT; tx=1/0; d=1; нет выхода в наблюдаемой выборке,0.15859515773021582,0.029007293138962602,0.08842282173954807,0.0,0.0,0.0,0.276025,Оборот 48050 (+0.159); связей 1 (+0.029); seed 2 (+0.088); внешних групп 0 (+0.000); 1–2д 0% (+0.000); цикл +0.00
100000002952756100,3,False,1,0,47000.0,0.0,1,0,1,0,0.0,0.0,0,0.00036563420236383347,0.0,True,False,24,False,1,1.0,terminal,0.55,1.0,in=1/47000 KZT; out=0/0 KZT; tx=1/0; d=3; нет выхода в наблюдаемой выборке,0.15827011075452102,0.029007293138962602,0.05578858913022596,0.0,0.0,0.0,0.243066,Оборот 47000 (+0.158); связей 1 (+0.029); seed 1 (+0.056); внешних групп 0 (+0.000); 1–2д 0% (+0.000); цикл +0.00
100000002954780100,3,False,1,0,133400.0,0.0,1,0,1,0,0.0,0.0,0,0.0002908637032876907,0.0,True,False,4,False,1,1.0,terminal,0.55,1.0,in=1/133400 KZT; out=0/0 KZT; tx=1/0; d=3; нет выхода в наблюдаемой выборке,0.17361748757066423,0.029007293138962602,0.05578858913022596,0.0,0.0,0.0,0.258413,Оборот 133400 (+0.174); связей 1 (+0.029); seed 1 (+0.056); внешних групп 0 (+0.000); 1–2д 0% (+0.000); цикл +0.00
100000002956769100,3,False,3,0,840000.0,0.0,3,0,3,1,0.0,0.0,0,0.00038259411625438556,0.0,True,False,24,False,1,1.0,consolidator,0.75,0.6666666666666666,in=3/840000 KZT; out=0/0 KZT; tx=3/0; d=3; сбор; выход 0% наблюдаемого входа,0.200688126551342,0.058014586277925204,0.11157717826045192,0.039397430255579034,0.0,0.0,0.409677,Оборот 840000 (+0.201); связей 3 (+0.058); seed 3 (+0.112); внешних групп 1 (+0.039); 1–2д 0% (+0.000); цикл +0.00
100000002956779100,3,False,1,0,411000.0,0.0,1,0,1,0,0.0,0.0,0,0.0004007516100342818,0.0,True,False,2,False,1,1.0,terminal,0.55,1.0,in=1/411000 KZT; out=0/0 KZT; tx=1/0; d=3; нет выхода в наблюдаемой выборке,0.190171910763695,0.029007293138962602,0.05578858913022596,0.0,0.0,0.0,0.274968,Оборот 411000 (+0.190); связей 1 (+0.029); seed 1 (+0.056); внешних групп 0 (+0.000); 1–2д 0% (+0.000); цикл +0.00
100000002956898100,2,False,2,0,290240.0,0.0,2,0,3,1,0.0,0.0,0,0.00037462350136686635,0.0,True,False,3,False,2,0.5,terminal,0.55,1.0,in=2/290240 KZT; out=0/0 KZT; tx=2/0; d=2; нет выхода в наблюдаемой выборке,0.18505385601790988,0.04597547187268181,0.11157717826045192,0.039397430255579034,0.0,0.0,0.382004,Оборот 290240 (+0.185); связей 2 (+0.046); seed 3 (+0.112); внешних групп 1 (+0.039); 1–2д 0% (+0.000); цикл +0.00
100000002957306100,1,False,2,0,398490.0,0.0,2,0,8,1,0.0,0.0,0,0.0003531711389372449,0.0,True,False,11,False,2,0.5,terminal,0.55,1.0,in=2/398490 KZT; out=0/0 KZT; tx=2/0; d=1; нет выхода в наблюдаемой выборке,0.18971715338951717,0.04597547187268181,0.17684564347909615,0.039397430255579034,0.0,0.0,0.451936,Оборот 398490 (+0.190); связей 2 (+0.046); seed 8 (+0.177); внешних групп 1 (+0.039); 1–2д 0% (+0.000); цикл +0.00
100000002957787100,2,False,4,34,84956.0,1276153.96,7,41,4,8,84956.0,1.0,4,0.0006101259939259702,15.02135175855737,True,False,0,True,8,0.25,distributor,0.8,0.6666666666666666,in=4/84956 KZT; out=34/1276154 KZT; tx=7/41; d=2; рассылка многим получателям,0.20778890297706878,0.15331521151986063,0.12953709247559939,0.12488689915973977,0.1,0.1,0.815528,Оборот 1361110 (+0.208); связей 38 (+0.153); seed 4 (+0.130); внешних групп 8 (+0.125); 1–2д 100% (+0.100); цикл +0.10
100000002958139100,3,False,1,0,209500.0,0.0,2,0,2,0,0.0,0.0,0,0.000298723521879005,0.0,True,False,4,False,2,0.5,terminal,0.55,1.0,in=1/209500 KZT; out=0/0 KZT; tx=2/0; d=3; нет выхода в наблюдаемой выборке,0.18025800687970198,0.029007293138962602,0.08842282173954807,0.0,0.0,0.0,0.297688,Оборот 209500 (+0.180); связей 1 (+0.029); seed 2 (+0.088); внешних групп 0 (+0.000); 1–2д 0% (+0.000); цикл +0.00
100000002958286100,1,False,1,0,257000.0,0.0,1,0,1,0,0.0,0.0,0,0.00031145733140116395,0.0,True,False,4,False,1,1.0,terminal,0.55,1.0,in=1/257000 KZT; out=0/0 KZT; tx=1/0; d=1; нет выхода в наблюдаемой выборке,0.18326441669073582,0.029007293138962602,0.05578858913022596,0.0,0.0,0.0,0.26806,Оборот 257000 (+0.183); связей 1 (+0.029); seed 1 (+0.056); внешних групп 0 (+0.000); 1–2д 0% (+0.000); цикл +0.00
100000002958343100,2,False,1,2,2900000.0,1390000.0,4,17,1,0,150000.0,0.05172413793103448,2,0.0006254123025222512,0.4793103448275862,True,False,1,True,15,0.14285714285714285,peripheral,0.4,1.0,in=1/2900000 KZT; out=2/1390000 KZT; tx=4/17; d=2; недостаточно признаков других ролей,0.22467801875682603,0.058014586277925204,0.05578858913022596,0.0,0.005172413793103448,0.1,0.443654,Оборот 4290000 (+0.225); связей 3 (+0.058); seed 1 (+0.056); внешних групп 0 (+0.000); 1–2д 5% (+0.005); цикл +0.10
100000002958345100,3,False,1,0,307000.0,0.0,1,0,2,0,0.0,0.0,0,0.0002985555738227836,0.0,True,False,24,False,1,1.0,terminal,0.55,1.0,in=1/307000 KZT; out=0/0 KZT; tx=1/0; d=3; нет выхода в наблюдаемой выборке,0.18587977631157657,0.029007293138962602,0.08842282173954807,0.0,0.0,0.0,0.30331,Оборот 307000 (+0.186); связей 1 (+0.029); seed 2 (+0.088); внешних групп 0 (+0.000); 1–2д 0% (+0.000); цикл +0.00
100000002963189100,3,False,1,7,490000.0,5219000.0,3,15,1,1,0.0,0.0,0,0.00042206260314316693,10.651020408163266,True,False,40,True,7,0.3888888888888889,distributor,0.8,1.0,in=1/490000 KZT; out=7/5219000 KZT; tx=3/15; d=3; рассылка многим получателям,0.2288820645379893,0.09195094374536363,0.05578858913022596,0.039397430255579034,0.0,0.1,0.516019,Оборот 5709000 (+0.229); связей 8 (+0.092); seed 1 (+0.056); внешних групп 1 (+0.039); 1–2д 0% (+0.000); цикл +0.10
100000002964966100,2,False,1,0,200000.0,0.0,1,0,2,0,0.0,0.0,0,0.0003931462523151237,0.0,True,False,2,False,1,1.0,terminal,0.55,1.0,in=1/200000 KZT; out=0/0 KZT; tx=1/0; d=2; нет выхода в наблюдаемой выборке,0.17957528168352788,0.029007293138962602,0.08842282173954807,0.0,0.0,0.0,0.297005,Оборот 200000 (+0.180); связей 1 (+0.029); seed 2 (+0.088); внешних групп 0 (+0.000); 1–2д 0% (+0.000); цикл +0.00
100000002968096100,4,False,1,0,70000.0,0.0,1,0,3,0,0.0,0.0,0,0.0003177252188817448,0.0,True,True,8,False,1,1.0,peripheral,0.2,1.0,in=1/70000 KZT; out=0/0 KZT; tx=1/0; d=4; граница выгрузки; роль неизвестна,0.16413048100875918,0.029007293138962602,0.11157717826045192,0.0,0.0,0.0,0.304715,Оборот 70000 (+0.164); связей 1 (+0.029); seed 3 (+0.112); внешних групп 0 (+0.000); 1–2д 0% (+0.000); цикл +0.00
100000002969048100,2,False,1,0,108470.0,0.0,1,0,1,0,0.0,0.0,0,0.0003044573333022316,0.0,True,False,41,False,1,1.0,terminal,0.55,1.0,in=1/108470 KZT; out=0/0 KZT; tx=1/0; d=2; нет выхода в наблюдаемой выборке,0.17057392550559142,0.029007293138962602,0.05578858913022596,0.0,0.0,0.0,0.25537,Оборот 108470 (+0.171); связей 1 (+0.029); seed 1 (+0.056); внешних групп 0 (+0.000); 1–2д 0% (+0.000); цикл +0.00
100000002970466100,3,False,1,2,23317.0,93000.0,1,3,2,0,23317.0,1.0,1,0.00028534133111019784,3.9885062400823434,True,False,0,False,4,0.25,peripheral,0.4,1.0,in=1/23317 KZT; out=2/93000 KZT; tx=1/3; d=3; недостаточно признаков других ролей,0.17160148156137925,0.058014586277925204,0.08842282173954807,0.0,0.1,0.0,0.418039,Оборот 116317 (+0.172); связей 3 (+0.058); seed 2 (+0.088); внешних групп 0 (+0.000); 1–2д 100% (+0.100); цикл +0.00
100000002971593100,4,False,1,0,49050.0,0.0,1,0,3,0,0.0,0.0,0,0.0005272447518694447,0.0,True,True,10,False,1,1.0,peripheral,0.2,1.0,in=1/49050 KZT; out=0/0 KZT; tx=1/0; d=4; граница выгрузки; роль неизвестна,0.15889818910965578,0.029007293138962602,0.11157717826045192,0.0,0.0,0.0,0.299483,Оборот 49050 (+0.159); связей 1 (+0.029); seed 3 (+0.112); внешних групп 0 (+0.000); 1–2д 0% (+0.000); цикл +0.00
100000002973903100,1,False,3,0,92880.0,0.0,3,0,4,2,0.0,0.0,0,0.00031512259137433224,0.0,True,False,7,False,3,0.3333333333333333,consolidator,0.75,0.6666666666666666,in=3/92880 KZT; out=0/0 KZT; tx=3/0; d=1; сбор; выход 0% наблюдаемого входа,0.16829116315357998,0.058014586277925204,0.12953709247559939,0.062443449579869886,0.0,0.0,0.418286,Оборот 92880 (+0.168); связей 3 (+0.058); seed 4 (+0.130); внешних групп 2 (+0.062); 1–2д 0% (+0.000); цикл +0.00
100000002974256100,2,False,1,0,7200.0,0.0,1,0,1,0,0.0,0.0,0,0.0005287623057596793,0.0,True,False,7,False,1,1.0,terminal,0.55,1.0,in=1/7200 KZT; out=0/0 KZT; tx=1/0; d=2; нет выхода в наблюдаемой выборке,0.1306712313273958,0.029007293138962602,0.05578858913022596,0.0,0.0,0.0,0.215467,Оборот 7200 (+0.131); связей 1 (+0.029); seed 1 (+0.056); внешних групп 0 (+0.000); 1–2д 0% (+0.000); цикл +0.00
100000002975287100,3,False,1,0,15000.0,0.0,1,0,1,0,0.0,0.0,0,0.0002876351842219345,0.0,True,False,28,False,1,1.0,terminal,0.55,1.0,in=1/15000 KZT; out=0/0 KZT; tx=1/0; d=3; нет выхода в наблюдаемой выборке,0.14146829138193068,0.029007293138962602,0.05578858913022596,0.0,0.0,0.0,0.226264,Оборот 15000 (+0.141); связей 1 (+0.029); seed 1 (+0.056); внешних групп 0 (+0.000); 1–2д 0% (+0.000); цикл +0.00
100000002975437100,3,False,1,1,530000.0,8500.0,2,1,1,0,0.0,0.0,0,0.0005173396585164892,0.016037735849056604,True,False,36,True,2,0.6666666666666666,peripheral,0.4,1.0,in=1/530000 KZT; out=1/8500 KZT; tx=2/1; d=3; недостаточно признаков других ролей,0.19414698877622666,0.04597547187268181,0.05578858913022596,0.0,0.0,0.1,0.395911,Оборот 538500 (+0.194); связей 2 (+0.046); seed 1 (+0.056); внешних групп 0 (+0.000); 1–2д 0% (+0.000); цикл +0.10
100000002981489100,4,False,1,0,10000.0,0.0,1,0,3,0,0.0,0.0,0,0.0002867808071170126,0.0,True,True,10,False,1,1.0,peripheral,0.2,1.0,in=1/10000 KZT; out=0/0 KZT; tx=1/0; d=4; граница выгрузки; роль неизвестна,0.13550359676243048,0.029007293138962602,0.11157717826045192,0.0,0.0,0.0,0.276088,Оборот 10000 (+0.136); связей 1 (+0.029); seed 3 (+0.112); внешних групп 0 (+0.000); 1–2д 0% (+0.000); цикл +0.00
100000002981527100,1,False,1,0,168000.0,0.0,1,0,1,0,0.0,0.0,0,0.00030196167339961667,0.0,True,False,4,False,1,1.0,terminal,0.55,1.0,in=1/168000 KZT; out=0/0 KZT; tx=1/0; d=1; нет выхода в наблюдаемой выборке,0.17701021627143318,0.029007293138962602,0.05578858913022596,0.0,0.0,0.0,0.261806,Оборот 168000 (+0.177); связей 1 (+0.029); seed 1 (+0.056); внешних групп 0 (+0.000); 1–2д 0% (+0.000); цикл +0.00
100000002982252100,1,False,1,0,20320.0,0.0,1,0,1,0,0.0,0.0,0,0.0002882701032708292,0.0,True,False,22,False,1,1.0,terminal,0.55,1.0,in=1/20320 KZT; out=0/0 KZT; tx=1/0; d=1; нет выхода в наблюдаемой выборке,0.14593392872974958,0.029007293138962602,0.05578858913022596,0.0,0.0,0.0,0.23073,Оборот 20320 (+0.146); связей 1 (+0.029); seed 1 (+0.056); внешних групп 0 (+0.000); 1–2д 0% (+0.000); цикл +0.00
100000002983426100,3,False,1,0,88945.0,0.0,1,0,1,0,0.0,0.0,0,0.00031694631311212344,0.0,True,False,18,False,1,1.0,terminal,0.55,1.0,in=1/88945 KZT; out=0/0 KZT; tx=1/0; d=3; нет выхода в наблюдаемой выборке,0.16765428756623435,0.029007293138962602,0.05578858913022596,0.0,0.0,0.0,0.25245,Оборот 88945 (+0.168); связей 1 (+0.029); seed 1 (+0.056); внешних групп 0 (+0.000); 1–2д 0% (+0.000); цикл +0.00
100000002983879100,2,False,2,0,200050.0,0.0,2,0,4,1,0.0,0.0,0,0.0003559929430513215,0.0,True,False,2,False,2,0.5,terminal,0.55,1.0,in=2/200050 KZT; out=0/0 KZT; tx=2/0; d=2; нет выхода в наблюдаемой выборке,0.17957895919456132,0.04597547187268181,0.12953709247559939,0.039397430255579034,0.0,0.0,0.394489,Оборот 200050 (+0.180); связей 2 (+0.046); seed 4 (+0.130); внешних групп 1 (+0.039); 1–2д 0% (+0.000); цикл +0.00
100000002984403100,3,False,1,1,20000.0,25000.0,1,1,1,0,0.0,0.0,0,0.00031830392872961744,1.25,True,False,13,False,2,0.5,peripheral,0.4,1.0,in=1/20000 KZT; out=1/25000 KZT; tx=1/1; d=3; недостаточно признаков других ролей,0.15763037359693888,0.04597547187268181,0.05578858913022596,0.0,0.0,0.0,0.259394,Оборот 45000 (+0.158); связей 2 (+0.046); seed 1 (+0.056); внешних групп 0 (+0.000); 1–2д 0% (+0.000); цикл +0.00
100000002986245100,4,False,1,0,5750.0,0.0,1,0,1,0,0.0,0.0,0,0.0002870941048502045,0.0,True,True,47,False,1,1.0,peripheral,0.2,1.0,in=1/5750 KZT; out=0/0 KZT; tx=1/0; d=4; граница выгрузки; роль неизвестна,0.12736330454292402,0.029007293138962602,0.05578858913022596,0.0,0.0,0.0,0.212159,Оборот 5750 (+0.127); связей 1 (+0.029); seed 1 (+0.056); внешних групп 0 (+0.000); 1–2д 0% (+0.000); цикл +0.00
100000002988894100,1,False,1,3,306121.0,77500.0,1,3,4,0,0.0,0.0,0,0.0003448377995813138,0.25316786499456095,True,False,2,False,3,0.5,peripheral,0.4,1.0,in=1/306121 KZT; out=3/77500 KZT; tx=1/3; d=1; недостаточно признаков других ролей,0.1891576985807677,0.06735284889599069,0.12953709247559939,0.0,0.0,0.0,0.386048,Оборот 383621 (+0.189); связей 4 (+0.067); seed 4 (+0.130); внешних групп 0 (+0.000); 1–2д 0% (+0.000); цикл +0.00
100000002989353100,3,False,1,2,500000.0,321160.0,2,2,2,0,0.0,0.0,0,0.0003076827063708533,0.64232,True,False,24,False,3,0.5,peripheral,0.4,1.0,in=1/500000 KZT; out=2/321160 KZT; tx=2/2; d=3; недостаточно признаков других ролей,0.20035440215487885,0.058014586277925204,0.08842282173954807,0.0,0.0,0.0,0.346792,Оборот 821160 (+0.200); связей 3 (+0.058); seed 2 (+0.088); внешних групп 0 (+0.000); 1–2д 0% (+0.000); цикл +0.00
100000002990675100,3,False,1,0,51143.0,0.0,1,0,3,0,0.0,0.0,0,0.000285681057501613,0.0,True,False,10,False,1,1.0,terminal,0.55,1.0,in=1/51143 KZT; out=0/0 KZT; tx=1/0; d=3; нет выхода в наблюдаемой выборке,0.15951292247304713,0.029007293138962602,0.11157717826045192,0.0,0.0,0.0,0.300097,Оборот 51143 (+0.160); связей 1 (+0.029); seed 3 (+0.112); внешних групп 0 (+0.000); 1–2д 0% (+0.000); цикл +0.00
100000002991079100,1,False,2,1,148900.0,11000.0,3,1,2,0,0.0,0.0,0,0.00039283157867497356,0.07387508394895903,True,False,16,False,2,0.75,peripheral,0.4,1.0,in=2/148900 KZT; out=1/11000 KZT; tx=3/1; d=1; недостаточно признаков других ролей,0.176283224093914,0.058014586277925204,0.08842282173954807,0.0,0.0,0.0,0.322721,Оборот 159900 (+0.176); связей 3 (+0.058); seed 2 (+0.088); внешних групп 0 (+0.000); 1–2д 0% (+0.000); цикл +0.00
100000002992171100,1,False,1,0,14627.0,0.0,1,0,1,0,0.0,0.0,0,0.00028708420598121126,0.0,True,False,22,False,1,1.0,terminal,0.55,1.0,in=1/14627 KZT; out=0/0 KZT; tx=1/0; d=1; нет выхода в наблюдаемой выборке,0.1410978536589846,0.029007293138962602,0.05578858913022596,0.0,0.0,0.0,0.225894,Оборот 14627 (+0.141); связей 1 (+0.029); seed 1 (+0.056); внешних групп 0 (+0.000); 1–2д 0% (+0.000); цикл +0.00
100000002994441100,4,False,1,0,5000.0,0.0,1,0,1,0,0.0,0.0,0,0.0005499156785820523,0.0,True,True,8,False,1,1.0,peripheral,0.2,1.0,in=1/5000 KZT; out=0/0 KZT; tx=1/0; d=4; граница выгрузки; роль неизвестна,0.12530751666392811,0.029007293138962602,0.05578858913022596,0.0,0.0,0.0,0.210103,Оборот 5000 (+0.125); связей 1 (+0.029); seed 1 (+0.056); внешних групп 0 (+0.000); 1–2д 0% (+0.000); цикл +0.00
100000002999140100,4,False,1,0,10000.0,0.0,2,0,1,0,0.0,0.0,0,0.00028792449518190433,0.0,True,True,7,False,2,0.5,peripheral,0.2,1.0,in=1/10000 KZT; out=0/0 KZT; tx=2/0; d=4; граница выгрузки; роль неизвестна,0.13550359676243048,0.029007293138962602,0.05578858913022596,0.0,0.0,0.0,0.220299,Оборот 10000 (+0.136); связей 1 (+0.029); seed 1 (+0.056); внешних групп 0 (+0.000); 1–2д 0% (+0.000); цикл +0.00
100000003001138100,4,False,1,0,30000.0,0.0,1,0,1,0,0.0,0.0,0,0.0003155105952965713,0.0,True,True,15,False,1,1.0,peripheral,0.2,1.0,in=1/30000 KZT; out=0/0 KZT; tx=1/0; d=4; граница выгрузки; роль неизвестна,0.15166535208139753,0.029007293138962602,0.05578858913022596,0.0,0.0,0.0,0.236461,Оборот 30000 (+0.152); связей 1 (+0.029); seed 1 (+0.056); внешних групп 0 (+0.000); 1–2д 0% (+0.000); цикл +0.00
100000003001564100,1,False,1,1,23520.0,180000.0,1,1,2,0,0.0,0.0,0,0.0002865494758218566,7.653061224489796,True,False,16,False,2,0.5,peripheral,0.4,1.0,in=1/23520 KZT; out=1/180000 KZT; tx=1/1; d=1; недостаточно признаков других ролей,0.17983195864287976,0.04597547187268181,0.08842282173954807,0.0,0.0,0.0,0.31423,Оборот 203520 (+0.180); связей 2 (+0.046); seed 2 (+0.088); внешних групп 0 (+0.000); 1–2д 0% (+0.000); цикл +0.00
100000003001661100,3,False,1,5,110000.0,439500.0,1,8,1,0,0.0,0.0,0,0.0005424517552812544,3.9954545454545456,True,False,15,True,9,0.1111111111111111,distributor,0.8,0.6666666666666666,in=1/110000 KZT; out=5/439500 KZT; tx=1/8; d=3; рассылка многим получателям,0.1944444827777896,0.08143376716923444,0.05578858913022596,0.0,0.0,0.1,0.431667,Оборот 549500 (+0.194); связей 6 (+0.081); seed 1 (+0.056); внешних групп 0 (+0.000); 1–2д 0% (+0.000); цикл +0.10
100000003003821100,2,False,1,0,40000.0,0.0,1,0,4,0,0.0,0.0,0,0.000435320965082627,0.0,True,False,2,False,1,1.0,terminal,0.55,1.0,in=1/40000 KZT; out=0/0 KZT; tx=1/0; d=2; нет выхода в наблюдаемой выборке,0.15589759558164798,0.029007293138962602,0.12953709247559939,0.0,0.0,0.0,0.314442,Оборот 40000 (+0.156); связей 1 (+0.029); seed 4 (+0.130); внешних групп 0 (+0.000); 1–2д 0% (+0.000); цикл +0.00
100000003004487100,1,False,4,2,183702.8,265015.0,9,3,2,1,9268.0,0.050451054638252654,1,0.0003487690313316808,1.4426290726107605,True,False,36,True,9,0.16666666666666666,peripheral,0.4,1.0,in=4/183703 KZT; out=2/265015 KZT; tx=9/3; d=1; недостаточно признаков других ролей,0.19146363176258188,0.08143376716923444,0.08842282173954807,0.039397430255579034,0.005045105463825266,0.1,0.505763,Оборот 448718 (+0.191); связей 6 (+0.081); seed 2 (+0.088); внешних групп 1 (+0.039); 1–2д 5% (+0.005); цикл +0.10
100000003005167100,4,False,1,0,7000.0,0.0,1,0,1,0,0.0,0.0,0,0.0002877586308476697,0.0,True,True,47,False,1,1.0,peripheral,0.2,1.0,in=1/7000 KZT; out=0/0 KZT; tx=1/0; d=4; граница выгрузки; роль неизвестна,0.13025684098731208,0.029007293138962602,0.05578858913022596,0.0,0.0,0.0,0.215053,Оборот 7000 (+0.130); связей 1 (+0.029); seed 1 (+0.056); внешних групп 0 (+0.000); 1–2д 0% (+0.000); цикл +0.00
100000003006633100,3,False,1,0,10000.0,0.0,1,0,1,0,0.0,0.0,0,0.00029158907558569485,0.0,True,False,38,False,1,1.0,terminal,0.55,1.0,in=1/10000 KZT; out=0/0 KZT; tx=1/0; d=3; нет выхода в наблюдаемой выборке,0.13550359676243048,0.029007293138962602,0.05578858913022596,0.0,0.0,0.0,0.220299,Оборот 10000 (+0.136); связей 1 (+0.029); seed 1 (+0.056); внешних групп 0 (+0.000); 1–2д 0% (+0.000); цикл +0.00
100000003009900100,3,False,1,0,15998.0,0.0,1,0,1,0,0.0,0.0,0,0.0002899564333595478,0.0,True,False,18,False,1,1.0,terminal,0.55,1.0,in=1/15998 KZT; out=0/0 KZT; tx=1/0; d=3; нет выхода в наблюдаемой выборке,0.14241587899822813,0.029007293138962602,0.05578858913022596,0.0,0.0,0.0,0.227212,Оборот 15998 (+0.142); связей 1 (+0.029); seed 1 (+0.056); внешних групп 0 (+0.000); 1–2д 0% (+0.000); цикл +0.00
100000003010908100,4,False,1,0,17000.0,0.0,1,0,1,0,0.0,0.0,0,0.0003971225648431487,0.0,True,True,18,False,1,1.0,peripheral,0.2,1.0,in=1/17000 KZT; out=0/0 KZT; tx=1/0; d=4; граница выгрузки; роль неизвестна,0.1433095706986651,0.029007293138962602,0.05578858913022596,0.0,0.0,0.0,0.228105,Оборот 17000 (+0.143); связей 1 (+0.029); seed 1 (+0.056); внешних групп 0 (+0.000); 1–2д 0% (+0.000); цикл +0.00
100000003014659100,1,False,1,0,280000.0,0.0,1,0,5,0,0.0,0.0,0,0.0003262677334309894,0.0,True,False,11,False,1,1.0,terminal,0.55,1.0,in=1/280000 KZT; out=0/0 KZT; tx=1/0; d=1; нет выхода в наблюдаемой выборке,0.18452542552904994,0.029007293138962602,0.14421141086977404,0.0,0.0,0.0,0.357744,Оборот 280000 (+0.185); связей 1 (+0.029); seed 5 (+0.144); внешних групп 0 (+0.000); 1–2д 0% (+0.000); цикл +0.00
100000003016438100,3,False,1,1,200000.0,300000.0,1,3,1,0,0.0,0.0,0,0.0003151714777053292,1.5,True,False,4,False,3,0.5,peripheral,0.4,1.0,in=1/200000 KZT; out=1/300000 KZT; tx=1/3; d=3; недостаточно признаков других ролей,0.19305566681091327,0.04597547187268181,0.05578858913022596,0.0,0.0,0.0,0.29482,Оборот 500000 (+0.193); связей 2 (+0.046); seed 1 (+0.056); внешних групп 0 (+0.000); 1–2д 0% (+0.000); цикл +0.00
100000003016635100,0,True,8,73,586981.0,9414081.0,36,151,3,13,530481.0,0.9037447549409606,14,0.0011829714594951371,16.038135817002594,True,False,16,True,21,0.06951871657754011,coordinator,0.75,1.0,in=8/586981 KZT; out=73/9414081 KZT; tx=36/151; d=0; связь с 3 seed и 13 внеш. группами,0.23713028366845787,0.1844153746441561,0.11157717826045192,0.15,0.0,0.1,0.783123,Оборот 10001062 (+0.237); связей 81 (+0.184); seed 3 (+0.112); внешних групп 13 (+0.150); 1–2д 90% (+0.000); цикл +0.10
100000003016773100,2,False,1,0,46555.0,0.0,1,0,1,0,0.0,0.0,0,0.0003130700519777824,0.0,True,False,4,False,1,1.0,terminal,0.55,1.0,in=1/46555 KZT; out=0/0 KZT; tx=1/0; d=2; нет выхода в наблюдаемой выборке,0.15813015607547587,0.029007293138962602,0.05578858913022596,0.0,0.0,0.0,0.242926,Оборот 46555 (+0.158); связей 1 (+0.029); seed 1 (+0.056); внешних групп 0 (+0.000); 1–2д 0% (+0.000); цикл +0.00
100000003022835100,1,False,1,0,125000.0,0.0,1,0,4,0,0.0,0.0,0,0.00030886427945674545,0.0,True,False,2,False,1,1.0,terminal,0.55,1.0,in=1/125000 KZT; out=0/0 KZT; tx=1/0; d=1; нет выхода в наблюдаемой выборке,0.1726606529352228,0.029007293138962602,0.12953709247559939,0.0,0.0,0.0,0.331205,Оборот 125000 (+0.173); связей 1 (+0.029); seed 4 (+0.130); внешних групп 0 (+0.000); 1–2д 0% (+0.000); цикл +0.00
100000003024542100,2,False,1,0,8500.0,0.0,1,0,4,0,0.0,0.0,0,0.00031618506722377654,0.0,True,False,2,False,1,1.0,terminal,0.55,1.0,in=1/8500 KZT; out=0/0 KZT; tx=1/0; d=2; нет выхода в наблюдаемой выборке,0.13311288495801668,0.029007293138962602,0.12953709247559939,0.0,0.0,0.0,0.291657,Оборот 8500 (+0.133); связей 1 (+0.029); seed 4 (+0.130); внешних групп 0 (+0.000); 1–2д 0% (+0.000); цикл +0.00
100000003025903100,4,False,1,0,386300.0,0.0,6,0,3,0,0.0,0.0,0,0.0005232823241071678,0.0,True,True,10,False,6,0.16666666666666666,peripheral,0.2,1.0,in=1/386300 KZT; out=0/0 KZT; tx=6/0; d=4; граница выгрузки; роль неизвестна,0.18926008152078058,0.029007293138962602,0.11157717826045192,0.0,0.0,0.0,0.329845,Оборот 386300 (+0.189); связей 1 (+0.029); seed 3 (+0.112); внешних групп 0 (+0.000); 1–2д 0% (+0.000); цикл +0.00
100000003031003100,3,False,3,0,280090.0,0.0,3,0,4,2,0.0,0.0,0,0.00030979098993685656,0.0,True,False,24,False,2,0.6666666666666666,consolidator,0.75,0.6666666666666666,in=3/280090 KZT; out=0/0 KZT; tx=3/0; d=3; сбор; выход 0% наблюдаемого входа,0.18453015359545352,0.058014586277925204,0.12953709247559939,0.062443449579869886,0.0,0.0,0.434525,Оборот 280090 (+0.185); связей 3 (+0.058); seed 4 (+0.130); внешних групп 2 (+0.062); 1–2д 0% (+0.000); цикл +0.00
100000003031633100,3,False,1,0,414000.0,0.0,2,0,2,0,0.0,0.0,0,0.00031305925165564096,0.0,True,False,4,False,1,1.0,terminal,0.55,1.0,in=1/414000 KZT; out=0/0 KZT; tx=2/0; d=3; нет выхода в наблюдаемой выборке,0.19027890702219546,0.029007293138962602,0.08842282173954807,0.0,0.0,0.0,0.307709,Оборот 414000 (+0.190); связей 1 (+0.029); seed 2 (+0.088); внешних групп 0 (+0.000); 1–2д 0% (+0.000); цикл +0.00
100000003031761100,3,False,1,0,460408.0,0.0,1,0,1,0,0.0,0.0,0,0.0003165993595948053,0.0,True,False,35,False,1,1.0,terminal,0.55,1.0,in=1/460408 KZT; out=0/0 KZT; tx=1/0; d=3; нет выхода в наблюдаемой выборке,0.19184200583115893,0.029007293138962602,0.05578858913022596,0.0,0.0,0.0,0.276638,Оборот 460408 (+0.192); связей 1 (+0.029); seed 1 (+0.056); внешних групп 0 (+0.000); 1–2д 0% (+0.000); цикл +0.00
100000003031890100,2,False,1,0,215000.0,0.0,10,0,1,0,0.0,0.0,0,0.0003897887068960074,0.0,True,False,34,False,10,0.1,terminal,0.55,1.0,in=1/215000 KZT; out=0/0 KZT; tx=10/0; d=2; нет выхода в наблюдаемой выборке,0.18063925496877334,0.029007293138962602,0.05578858913022596,0.0,0.0,0.0,0.265435,Оборот 215000 (+0.181); связей 1 (+0.029); seed 1 (+0.056); внешних групп 0 (+0.000); 1–2д 0% (+0.000); цикл +0.00
100000003034546100,2,False,1,0,486715.0,0.0,2,0,1,0,0.0,0.0,0,0.00032953101115796045,0.0,True,False,4,False,2,0.5,terminal,0.55,1.0,in=1/486715 KZT; out=0/0 KZT; tx=2/0; d=2; нет выхода в наблюдаемой выборке,0.19265948401172803,0.029007293138962602,0.05578858913022596,0.0,0.0,0.0,0.277455,Оборот 486715 (+0.193); связей 1 (+0.029); seed 1 (+0.056); внешних групп 0 (+0.000); 1–2д 0% (+0.000); цикл +0.00
100000003035737100,3,False,2,1,809170.0,6544.53,3,1,3,1,6544.53,0.008087954323566123,1,0.00037655124735595623,0.008087954323566123,True,False,10,False,4,0.25,peripheral,0.4,1.0,in=2/809170 KZT; out=1/6545 KZT; tx=3/1; d=3; недостаточно признаков других ролей,0.20025651595381938,0.058014586277925204,0.11157717826045192,0.039397430255579034,0.0008087954323566124,0.0,0.410055,Оборот 815715 (+0.200); связей 3 (+0.058); seed 3 (+0.112); внешних групп 1 (+0.039); 1–2д 1% (+0.001); цикл +0.00
100000003036198100,2,False,1,0,15000.0,0.0,1,0,2,0,0.0,0.0,0,0.0002863860773844182,0.0,True,False,2,False,1,1.0,terminal,0.55,1.0,in=1/15000 KZT; out=0/0 KZT; tx=1/0; d=2; нет выхода в наблюдаемой выборке,0.14146829138193068,0.029007293138962602,0.08842282173954807,0.0,0.0,0.0,0.258898,Оборот 15000 (+0.141); связей 1 (+0.029); seed 2 (+0.088); внешних групп 0 (+0.000); 1–2д 0% (+0.000); цикл +0.00
100000003037476100,4,False,3,0,555000.0,0.0,3,0,2,1,0.0,0.0,0,0.0003573245866937531,0.0,True,True,4,False,2,0.6666666666666666,peripheral,0.2,1.0,in=3/555000 KZT; out=0/0 KZT; tx=3/0; d=4; граница выгрузки; роль неизвестна,0.1945910038865217,0.058014586277925204,0.08842282173954807,0.039397430255579034,0.0,0.0,0.380426,Оборот 555000 (+0.195); связей 3 (+0.058); seed 2 (+0.088); внешних групп 1 (+0.039); 1–2д 0% (+0.000); цикл +0.00
100000003037660100,1,False,1,0,53000.0,0.0,1,0,4,0,0.0,0.0,0,0.00029456393080049405,0.0,True,False,2,False,1,1.0,terminal,0.55,1.0,in=1/53000 KZT; out=0/0 KZT; tx=1/0; d=1; нет выхода в наблюдаемой выборке,0.1600376331920425,0.029007293138962602,0.12953709247559939,0.0,0.0,0.0,0.318582,Оборот 53000 (+0.160); связей 1 (+0.029); seed 4 (+0.130); внешних групп 0 (+0.000); 1–2д 0% (+0.000); цикл +0.00
100000003039473100,2,False,1,0,23000.0,0.0,1,0,3,0,0.0,0.0,0,0.00031042620063628155,0.0,True,False,16,False,1,1.0,terminal,0.55,1.0,in=1/23000 KZT; out=0/0 KZT; tx=1/0; d=2; нет выхода в наблюдаемой выборке,0.14775648794763754,0.029007293138962602,0.11157717826045192,0.0,0.0,0.0,0.288341,Оборот 23000 (+0.148); связей 1 (+0.029); seed 3 (+0.112); внешних групп 0 (+0.000); 1–2д 0% (+0.000); цикл +0.00
100000003040087100,4,False,1,0,29000.0,0.0,1,0,2,0,0.0,0.0,0,0.00029481038077976504,0.0,True,True,18,False,1,1.0,peripheral,0.2,1.0,in=1/29000 KZT; out=0/0 KZT; tx=1/0; d=4; граница выгрузки; роль неизвестна,0.1511666108422302,0.029007293138962602,0.08842282173954807,0.0,0.0,0.0,0.268597,Оборот 29000 (+0.151); связей 1 (+0.029); seed 2 (+0.088); внешних групп 0 (+0.000); 1–2д 0% (+0.000); цикл +0.00
100000003042994100,1,False,1,0,286086.0,0.0,3,0,2,0,0.0,0.0,0,0.0003145943664075241,0.0,True,False,16,False,3,0.3333333333333333,terminal,0.55,1.0,in=1/286086 KZT; out=0/0 KZT; tx=3/0; d=1; нет выхода в наблюдаемой выборке,0.1848417735750452,0.029007293138962602,0.08842282173954807,0.0,0.0,0.0,0.302272,Оборот 286086 (+0.185); связей 1 (+0.029); seed 2 (+0.088); внешних групп 0 (+0.000); 1–2д 0% (+0.000); цикл +0.00
100000003044431100,2,False,2,0,60000.0,0.0,2,0,3,1,0.0,0.0,0,0.00030081203970357394,0.0,True,False,2,False,2,0.5,terminal,0.55,1.0,in=2/60000 KZT; out=0/0 KZT; tx=2/0; d=2; нет выхода в наблюдаемой выборке,0.16186265796174829,0.04597547187268181,0.11157717826045192,0.039397430255579034,0.0,0.0,0.358813,Оборот 60000 (+0.162); связей 2 (+0.046); seed 3 (+0.112); внешних групп 1 (+0.039); 1–2д 0% (+0.000); цикл +0.00
100000003044518100,1,False,1,0,34423.0,0.0,1,0,1,0,0.0,0.0,0,0.000285998301004352,0.0,True,False,1,False,1,1.0,terminal,0.55,1.0,in=1/34423 KZT; out=0/0 KZT; tx=1/0; d=1; нет выхода в наблюдаемой выборке,0.1536885885917756,0.029007293138962602,0.05578858913022596,0.0,0.0,0.0,0.238484,Оборот 34423 (+0.154); связей 1 (+0.029); seed 1 (+0.056); внешних групп 0 (+0.000); 1–2д 0% (+0.000); цикл +0.00
100000003047800100,4,False,1,0,12212.0,0.0,1,0,1,0,0.0,0.0,0,0.00037245145464225515,0.0,True,True,24,False,1,1.0,peripheral,0.2,1.0,in=1/12212 KZT; out=0/0 KZT; tx=1/0; d=4; граница выгрузки; роль неизвестна,0.13844327912535614,0.029007293138962602,0.05578858913022596,0.0,0.0,0.0,0.223239,Оборот 12212 (+0.138); связей 1 (+0.029); seed 1 (+0.056); внешних групп 0 (+0.000); 1–2д 0% (+0.000); цикл +0.00
100000003050771100,3,False,1,0,229000.0,0.0,1,0,3,0,0.0,0.0,0,0.00036817638035242155,0.0,True,False,12,False,1,1.0,terminal,0.55,1.0,in=1/229000 KZT; out=0/0 KZT; tx=1/0; d=3; нет выхода в наблюдаемой выборке,0.18156733947911577,0.029007293138962602,0.11157717826045192,0.0,0.0,0.0,0.322152,Оборот 229000 (+0.182); связей 1 (+0.029); seed 3 (+0.112); внешних групп 0 (+0.000); 1–2д 0% (+0.000); цикл +0.00
100000003054328100,2,False,1,2,140000.0,193720.0,1,2,1,0,0.0,0.0,0,0.0003340483530174341,1.3837142857142857,True,False,24,False,2,0.6666666666666666,peripheral,0.4,1.0,in=1/140000 KZT; out=2/193720 KZT; tx=1/2; d=2; недостаточно признаков других ролей,0.18710755247333688,0.058014586277925204,0.05578858913022596,0.0,0.0,0.0,0.300911,Оборот 333720 (+0.187); связей 3 (+0.058); seed 1 (+0.056); внешних групп 0 (+0.000); 1–2д 0% (+0.000); цикл +0.00
100000003057225100,1,False,1,0,236000.0,0.0,1,0,2,0,0.0,0.0,0,0.00030924463952028907,0.0,True,False,16,False,1,1.0,terminal,0.55,1.0,in=1/236000 KZT; out=0/0 KZT; tx=1/0; d=1; нет выхода в наблюдаемой выборке,0.1820103116589148,0.029007293138962602,0.08842282173954807,0.0,0.0,0.0,0.29944,Оборот 236000 (+0.182); связей 1 (+0.029); seed 2 (+0.088); внешних групп 0 (+0.000); 1–2д 0% (+0.000); цикл +0.00
100000003060187100,3,False,1,0,93046.0,0.0,1,0,1,0,0.0,0.0,0,0.00029983663790081604,0.0,True,False,43,False,1,1.0,terminal,0.55,1.0,in=1/93046 KZT; out=0/0 KZT; tx=1/0; d=3; нет выхода в наблюдаемой выборке,0.1683174333808202,0.029007293138962602,0.05578858913022596,0.0,0.0,0.0,0.253113,Оборот 93046 (+0.168); связей 1 (+0.029); seed 1 (+0.056); внешних групп 0 (+0.000); 1–2д 0% (+0.000); цикл +0.00
100000003060517100,3,False,1,0,315955.0,0.0,1,0,1,0,0.0,0.0,0,0.00035982222965712544,0.0,True,False,28,False,1,1.0,terminal,0.55,1.0,in=1/315955 KZT; out=0/0 KZT; tx=1/0; d=3; нет выхода в наблюдаемой выборке,0.18630277387000754,0.029007293138962602,0.05578858913022596,0.0,0.0,0.0,0.271099,Оборот 315955 (+0.186); связей 1 (+0.029); seed 1 (+0.056); внешних групп 0 (+0.000); 1–2д 0% (+0.000); цикл +0.00
100000003061115100,4,False,1,0,45000.0,0.0,1,0,2,0,0.0,0.0,0,0.0005307334996061311,0.0,True,True,0,False,1,1.0,peripheral,0.2,1.0,in=1/45000 KZT; out=0/0 KZT; tx=1/0; d=4; граница выгрузки; роль неизвестна,0.15763037359693888,0.029007293138962602,0.08842282173954807,0.0,0.0,0.0,0.27506,Оборот 45000 (+0.158); связей 1 (+0.029); seed 2 (+0.088); внешних групп 0 (+0.000); 1–2д 0% (+0.000); цикл +0.00
100000003062895100,2,False,2,0,328444.0,0.0,2,0,2,1,0.0,0.0,0,0.0004053088826911987,0.0,True,False,4,False,2,0.5,terminal,0.55,1.0,in=2/328444 KZT; out=0/0 KZT; tx=2/0; d=2; нет выхода в наблюдаемой выборке,0.18687310393799764,0.04597547187268181,0.08842282173954807,0.039397430255579034,0.0,0.0,0.360669,Оборот 328444 (+0.187); связей 2 (+0.046); seed 2 (+0.088); внешних групп 1 (+0.039); 1–2д 0% (+0.000); цикл +0.00
100000003066385100,1,False,2,0,20000.0,0.0,2,0,1,0,0.0,0.0,0,0.00028996299510661706,0.0,True,False,0,False,2,0.5,terminal,0.55,1.0,in=2/20000 KZT; out=0/0 KZT; tx=2/0; d=1; нет выхода в наблюдаемой выборке,0.14570041229327152,0.04597547187268181,0.05578858913022596,0.0,0.0,0.0,0.247464,Оборот 20000 (+0.146); связей 2 (+0.046); seed 1 (+0.056); внешних групп 0 (+0.000); 1–2д 0% (+0.000); цикл +0.00
100000003068941100,2,False,3,1,94000.0,25000.0,3,2,3,2,5000.0,0.05319148936170213,1,0.00031840238676455047,0.26595744680851063,True,False,0,False,4,0.4,consolidator,0.75,0.6666666666666666,in=3/94000 KZT; out=1/25000 KZT; tx=3/2; d=2; сбор; выход 27% наблюдаемого входа,0.1719369741433916,0.06735284889599069,0.11157717826045192,0.062443449579869886,0.0053191489361702135,0.0,0.41863,Оборот 119000 (+0.172); связей 4 (+0.067); seed 3 (+0.112); внешних групп 2 (+0.062); 1–2д 5% (+0.005); цикл +0.00
100000003069463100,3,False,1,1,11500.0,17920.0,1,1,1,0,0.0,0.0,0,0.00028689548902472025,1.5582608695652174,True,False,14,False,2,0.5,peripheral,0.4,1.0,in=1/11500 KZT; out=1/17920 KZT; tx=1/1; d=3; недостаточно признаков других ролей,0.15137814513155196,0.04597547187268181,0.05578858913022596,0.0,0.0,0.0,0.253142,Оборот 29420 (+0.151); связей 2 (+0.046); seed 1 (+0.056); внешних групп 0 (+0.000); 1–2д 0% (+0.000); цикл +0.00
100000003071649100,3,False,1,0,189500.0,0.0,1,0,1,0,0.0,0.0,0,0.0002937344832820599,0.0,True,False,4,False,1,1.0,terminal,0.55,1.0,in=1/189500 KZT; out=0/0 KZT; tx=1/0; d=3; нет выхода в наблюдаемой выборке,0.178781894344773,0.029007293138962602,0.05578858913022596,0.0,0.0,0.0,0.263578,Оборот 189500 (+0.179); связей 1 (+0.029); seed 1 (+0.056); внешних групп 0 (+0.000); 1–2д 0% (+0.000); цикл +0.00
100000003071930100,1,False,3,1,477610.0,5000.0,4,1,5,1,5000.0,0.010468792529469651,1,0.00034649468118985916,0.010468792529469651,True,False,4,False,5,0.2,consolidator,0.75,0.6666666666666666,in=3/477610 KZT; out=1/5000 KZT; tx=4/1; d=1; сбор; выход 1% наблюдаемого входа,0.1925348760272033,0.06735284889599069,0.14421141086977404,0.039397430255579034,0.0010468792529469651,0.0,0.444543,Оборот 482610 (+0.193); связей 4 (+0.067); seed 5 (+0.144); внешних групп 1 (+0.039); 1–2д 1% (+0.001); цикл +0.00
100000003072205100,4,False,2,0,163000.0,0.0,2,0,3,0,0.0,0.0,0,0.0003172268433232044,0.0,True,True,4,False,1,1.0,peripheral,0.2,1.0,in=2/163000 KZT; out=0/0 KZT; tx=2/0; d=4; граница выгрузки; роль неизвестна,0.1765657151653779,0.04597547187268181,0.11157717826045192,0.0,0.0,0.0,0.334118,Оборот 163000 (+0.177); связей 2 (+0.046); seed 3 (+0.112); внешних групп 0 (+0.000); 1–2д 0% (+0.000); цикл +0.00
100000003072676100,3,False,1,0,31545.0,0.0,1,0,1,0,0.0,0.0,0,0.0002916036667748917,0.0,True,False,28,False,1,1.0,terminal,0.55,1.0,in=1/31545 KZT; out=0/0 KZT; tx=1/0; d=3; нет выхода в наблюдаемой выборке,0.15240412891241129,0.029007293138962602,0.05578858913022596,0.0,0.0,0.0,0.2372,Оборот 31545 (+0.152); связей 1 (+0.029); seed 1 (+0.056); внешних групп 0 (+0.000); 1–2д 0% (+0.000); цикл +0.00
100000003073398100,2,False,1,0,92960.0,0.0,1,0,1,0,0.0,0.0,0,0.0003015374942213236,0.0,True,False,41,False,1,1.0,terminal,0.55,1.0,in=1/92960 KZT; out=0/0 KZT; tx=1/0; d=2; нет выхода в наблюдаемой выборке,0.16830382936016122,0.029007293138962602,0.05578858913022596,0.0,0.0,0.0,0.2531,Оборот 92960 (+0.168); связей 1 (+0.029); seed 1 (+0.056); внешних групп 0 (+0.000); 1–2д 0% (+0.000); цикл +0.00
100000003073635100,3,False,1,0,129231.0,0.0,1,0,1,0,0.0,0.0,0,0.00031012331797654834,0.0,True,False,8,False,1,1.0,terminal,0.55,1.0,in=1/129231 KZT; out=0/0 KZT; tx=1/0; d=3; нет выхода в наблюдаемой выборке,0.17315037720368703,0.029007293138962602,0.05578858913022596,0.0,0.0,0.0,0.257946,Оборот 129231 (+0.173); связей 1 (+0.029); seed 1 (+0.056); внешних групп 0 (+0.000); 1–2д 0% (+0.000); цикл +0.00
100000003074515100,4,False,1,0,105000.0,0.0,1,0,2,0,0.0,0.0,0,0.00029775532153240473,0.0,True,True,4,False,1,1.0,peripheral,0.2,1.0,in=1/105000 KZT; out=0/0 KZT; tx=1/0; d=4; граница выгрузки; роль неизвестна,0.17009559592984067,0.029007293138962602,0.08842282173954807,0.0,0.0,0.0,0.287526,Оборот 105000 (+0.170); связей 1 (+0.029); seed 2 (+0.088); внешних групп 0 (+0.000); 1–2д 0% (+0.000); цикл +0.00
100000003078839100,4,False,1,0,14000.0,0.0,2,0,1,0,0.0,0.0,0,0.00031306450811246605,0.0,True,True,8,False,2,0.5,peripheral,0.2,1.0,in=1/14000 KZT; out=0/0 KZT; tx=2/0; d=4; граница выгрузки; роль неизвестна,0.14045334131935877,0.029007293138962602,0.05578858913022596,0.0,0.0,0.0,0.225249,Оборот 14000 (+0.140); связей 1 (+0.029); seed 1 (+0.056); внешних групп 0 (+0.000); 1–2д 0% (+0.000); цикл +0.00
100000003083865100,4,False,1,0,15000.0,0.0,1,0,2,0,0.0,0.0,0,0.0002896095760469855,0.0,True,True,18,False,1,1.0,peripheral,0.2,1.0,in=1/15000 KZT; out=0/0 KZT; tx=1/0; d=4; граница выгрузки; роль неизвестна,0.14146829138193068,0.029007293138962602,0.08842282173954807,0.0,0.0,0.0,0.258898,Оборот 15000 (+0.141); связей 1 (+0.029); seed 2 (+0.088); внешних групп 0 (+0.000); 1–2д 0% (+0.000); цикл +0.00
100000003084870100,4,False,1,0,6500.0,0.0,1,0,1,0,0.0,0.0,0,0.00034324987466291795,0.0,True,True,24,False,1,1.0,peripheral,0.2,1.0,in=1/6500 KZT; out=0/0 KZT; tx=1/0; d=4; граница выгрузки; роль неизвестна,0.1291667293807102,0.029007293138962602,0.05578858913022596,0.0,0.0,0.0,0.213963,Оборот 6500 (+0.129); связей 1 (+0.029); seed 1 (+0.056); внешних групп 0 (+0.000); 1–2д 0% (+0.000); цикл +0.00
100000003086040100,2,False,1,0,10500.0,0.0,1,0,2,0,0.0,0.0,0,0.0005454701561296085,0.0,True,False,0,False,1,1.0,terminal,0.55,1.0,in=1/10500 KZT; out=0/0 KZT; tx=1/0; d=2; нет выхода в наблюдаемой выборке,0.13622132547853508,0.029007293138962602,0.08842282173954807,0.0,0.0,0.0,0.253651,Оборот 10500 (+0.136); связей 1 (+0.029); seed 2 (+0.088); внешних групп 0 (+0.000); 1–2д 0% (+0.000); цикл +0.00
100000003087877100,3,False,1,0,91486.0,0.0,1,0,1,0,0.0,0.0,0,0.00029050757668256836,0.0,True,False,35,False,1,1.0,terminal,0.55,1.0,in=1/91486 KZT; out=0/0 KZT; tx=1/0; d=3; нет выхода в наблюдаемой выборке,0.16806868573890923,0.029007293138962602,0.05578858913022596,0.0,0.0,0.0,0.252865,Оборот 91486 (+0.168); связей 1 (+0.029); seed 1 (+0.056); внешних групп 0 (+0.000); 1–2д 0% (+0.000); цикл +0.00
100000003089018100,2,False,1,0,230000.0,0.0,1,0,1,0,0.0,0.0,0,0.0003055356096531449,0.0,True,False,4,False,1,1.0,terminal,0.55,1.0,in=1/230000 KZT; out=0/0 KZT; tx=1/0; d=2; нет выхода в наблюдаемой выборке,0.18163144368624182,0.029007293138962602,0.05578858913022596,0.0,0.0,0.0,0.266427,Оборот 230000 (+0.182); связей 1 (+0.029); seed 1 (+0.056); внешних групп 0 (+0.000); 1–2д 0% (+0.000); цикл +0.00
100000003089553100,3,False,1,0,150000.0,0.0,1,0,3,0,0.0,0.0,0,0.0003054179623399014,0.0,True,False,4,False,1,1.0,terminal,0.55,1.0,in=1/150000 KZT; out=0/0 KZT; tx=1/0; d=3; нет выхода в наблюдаемой выборке,0.17534294010700102,0.029007293138962602,0.11157717826045192,0.0,0.0,0.0,0.315927,Оборот 150000 (+0.175); связей 1 (+0.029); seed 3 (+0.112); внешних групп 0 (+0.000); 1–2д 0% (+0.000); цикл +0.00
100000003091142100,4,False,1,0,40000.0,0.0,1,0,2,0,0.0,0.0,0,0.00040750245631497947,0.0,True,True,0,False,1,1.0,peripheral,0.2,1.0,in=1/40000 KZT; out=0/0 KZT; tx=1/0; d=4; граница выгрузки; роль неизвестна,0.15589759558164798,0.029007293138962602,0.08842282173954807,0.0,0.0,0.0,0.273328,Оборот 40000 (+0.156); связей 1 (+0.029); seed 2 (+0.088); внешних групп 0 (+0.000); 1–2д 0% (+0.000); цикл +0.00
100000003093299100,3,False,1,0,15000.0,0.0,1,0,2,0,0.0,0.0,0,0.0002848761876817727,0.0,True,False,0,False,1,1.0,terminal,0.55,1.0,in=1/15000 KZT; out=0/0 KZT; tx=1/0; d=3; нет выхода в наблюдаемой выборке,0.14146829138193068,0.029007293138962602,0.08842282173954807,0.0,0.0,0.0,0.258898,Оборот 15000 (+0.141); связей 1 (+0.029); seed 2 (+0.088); внешних групп 0 (+0.000); 1–2д 0% (+0.000); цикл +0.00
100000003095610100,3,False,1,0,23665.0,0.0,1,0,1,0,0.0,0.0,0,0.00029279316973065283,0.0,True,False,18,False,1,1.0,terminal,0.55,1.0,in=1/23665 KZT; out=0/0 KZT; tx=1/0; d=3; нет выхода в наблюдаемой выборке,0.14817580409266193,0.029007293138962602,0.05578858913022596,0.0,0.0,0.0,0.232972,Оборот 23665 (+0.148); связей 1 (+0.029); seed 1 (+0.056); внешних групп 0 (+0.000); 1–2д 0% (+0.000); цикл +0.00
100000003096787100,4,False,1,0,16400.0,0.0,1,0,2,0,0.0,0.0,0,0.0002901296565202634,0.0,True,True,18,False,1,1.0,peripheral,0.2,1.0,in=1/16400 KZT; out=0/0 KZT; tx=1/0; d=4; граница выгрузки; роль неизвестна,0.14278097220631422,0.029007293138962602,0.08842282173954807,0.0,0.0,0.0,0.260211,Оборот 16400 (+0.143); связей 1 (+0.029); seed 2 (+0.088); внешних групп 0 (+0.000); 1–2д 0% (+0.000); цикл +0.00
100000003097324100,3,False,2,0,294000.0,0.0,2,0,3,1,0.0,0.0,0,0.00032422986514081905,0.0,True,False,46,False,1,1.0,terminal,0.55,1.0,in=2/294000 KZT; out=0/0 KZT; tx=2/0; d=3; нет выхода в наблюдаемой выборке,0.1852432217932267,0.04597547187268181,0.11157717826045192,0.039397430255579034,0.0,0.0,0.382193,Оборот 294000 (+0.185); связей 2 (+0.046); seed 3 (+0.112); внешних групп 1 (+0.039); 1–2д 0% (+0.000); цикл +0.00
100000003097947100,4,False,1,0,52980.0,0.0,1,0,1,0,0.0,0.0,0,0.00031831740509073085,0.0,True,True,8,False,1,1.0,peripheral,0.2,1.0,in=1/52980 KZT; out=0/0 KZT; tx=1/0; d=4; граница выгрузки; роль неизвестна,0.16003208056743168,0.029007293138962602,0.05578858913022596,0.0,0.0,0.0,0.244828,Оборот 52980 (+0.160); связей 1 (+0.029); seed 1 (+0.056); внешних групп 0 (+0.000); 1–2д 0% (+0.000); цикл +0.00
100000003102157100,1,False,1,0,96746.0,0.0,2,0,1,0,0.0,0.0,0,0.00030205024164425495,0.0,True,False,0,False,1,1.0,terminal,0.55,1.0,in=1/96746 KZT; out=0/0 KZT; tx=2/0; d=1; нет выхода в наблюдаемой выборке,0.16889111996723372,0.029007293138962602,0.05578858913022596,0.0,0.0,0.0,0.253687,Оборот 96746 (+0.169); связей 1 (+0.029); seed 1 (+0.056); внешних групп 0 (+0.000); 1–2д 0% (+0.000); цикл +0.00
100000003104347100,2,False,1,1,418000.0,32000.0,1,1,1,0,0.0,0.0,0,0.00036225263836592265,0.07655502392344497,True,False,29,False,2,0.5,peripheral,0.4,1.0,in=1/418000 KZT; out=1/32000 KZT; tx=1/1; d=2; недостаточно признаков других ролей,0.19150561077149508,0.04597547187268181,0.05578858913022596,0.0,0.0,0.0,0.29327,Оборот 450000 (+0.192); связей 2 (+0.046); seed 1 (+0.056); внешних групп 0 (+0.000); 1–2д 0% (+0.000); цикл +0.00
100000003105089100,4,False,1,0,10000.0,0.0,1,0,1,0,0.0,0.0,0,0.0002977946813798124,0.0,True,True,32,False,1,1.0,peripheral,0.2,1.0,in=1/10000 KZT; out=0/0 KZT; tx=1/0; d=4; граница выгрузки; роль неизвестна,0.13550359676243048,0.029007293138962602,0.05578858913022596,0.0,0.0,0.0,0.220299,Оборот 10000 (+0.136); связей 1 (+0.029); seed 1 (+0.056); внешних групп 0 (+0.000); 1–2д 0% (+0.000); цикл +0.00
100000003105929100,3,False,1,1,429567.0,156354.0,2,1,3,0,0.0,0.0,0,0.0002978438728635311,0.3639804733603838,True,False,10,False,2,0.6666666666666666,peripheral,0.4,1.0,in=1/429567 KZT; out=1/156354 KZT; tx=2/1; d=3; недостаточно признаков других ролей,0.19538863848449833,0.04597547187268181,0.11157717826045192,0.0,0.0,0.0,0.352941,Оборот 585921 (+0.195); связей 2 (+0.046); seed 3 (+0.112); внешних групп 0 (+0.000); 1–2д 0% (+0.000); цикл +0.00
100000003109805100,3,False,1,0,36929.0,0.0,1,0,1,0,0.0,0.0,0,0.00028980746363462315,0.0,True,False,28,False,1,1.0,terminal,0.55,1.0,in=1/36929 KZT; out=0/0 KZT; tx=1/0; d=3; нет выхода в наблюдаемой выборке,0.15472240119811337,0.029007293138962602,0.05578858913022596,0.0,0.0,0.0,0.239518,Оборот 36929 (+0.155); связей 1 (+0.029); seed 1 (+0.056); внешних групп 0 (+0.000); 1–2д 0% (+0.000); цикл +0.00
100000003111305100,3,False,4,0,509338.0,0.0,4,0,4,2,0.0,0.0,0,0.00040137063349853316,0.0,True,False,41,False,3,0.5,consolidator,0.75,1.0,in=4/509338 KZT; out=0/0 KZT; tx=4/0; d=3; сбор; выход 0% наблюдаемого входа,0.19332789255895627,0.06735284889599069,0.12953709247559939,0.062443449579869886,0.0,0.0,0.452661,Оборот 509338 (+0.193); связей 4 (+0.067); seed 4 (+0.130); внешних групп 2 (+0.062); 1–2д 0% (+0.000); цикл +0.00
100000003112436100,2,False,1,0,100000.0,0.0,1,0,4,0,0.0,0.0,0,0.0003004875065578824,0.0,True,False,16,False,1,1.0,terminal,0.55,1.0,in=1/100000 KZT; out=0/0 KZT; tx=1/0; d=2; нет выхода в наблюдаемой выборке,0.16937780416926437,0.029007293138962602,0.12953709247559939,0.0,0.0,0.0,0.327922,Оборот 100000 (+0.169); связей 1 (+0.029); seed 4 (+0.130); внешних групп 0 (+0.000); 1–2д 0% (+0.000); цикл +0.00
100000003112578100,3,False,1,0,101080.0,0.0,1,0,2,0,0.0,0.0,0,0.00028881744359325764,0.0,True,False,24,False,1,1.0,terminal,0.55,1.0,in=1/101080 KZT; out=0/0 KZT; tx=1/0; d=3; нет выхода в наблюдаемой выборке,0.16953583985278925,0.029007293138962602,0.08842282173954807,0.0,0.0,0.0,0.286966,Оборот 101080 (+0.170); связей 1 (+0.029); seed 2 (+0.088); внешних групп 0 (+0.000); 1–2д 0% (+0.000); цикл +0.00
100000003115284100,1,False,8,2,2160500.0,517000.0,15,4,9,4,245000.0,0.11339967600092571,1,0.001515555410266644,0.23929645915297384,True,False,11,True,6,0.6842105263157895,consolidator,0.75,1.0,in=8/2160500 KZT; out=2/517000 KZT; tx=15/4; d=1; сбор; выход 24% наблюдаемого входа,0.21774275737313856,0.10034874705600798,0.18532568160582538,0.09147800017679435,0.011339967600092572,0.1,0.706235,Оборот 2677500 (+0.218); связей 10 (+0.100); seed 9 (+0.185); внешних групп 4 (+0.091); 1–2д 11% (+0.011); цикл +0.10
100000003116106100,3,False,1,0,494050.0,0.0,2,0,3,0,0.0,0.0,0,0.00029991640215073953,0.0,True,False,10,False,2,0.5,terminal,0.55,1.0,in=1/494050 KZT; out=0/0 KZT; tx=2/0; d=3; нет выхода в наблюдаемой выборке,0.19287954486602418,0.029007293138962602,0.11157717826045192,0.0,0.0,0.0,0.333464,Оборот 494050 (+0.193); связей 1 (+0.029); seed 3 (+0.112); внешних групп 0 (+0.000); 1–2д 0% (+0.000); цикл +0.00
100000003119550100,1,False,1,0,21000.0,0.0,1,0,1,0,0.0,0.0,0,0.000288411752692389,0.0,True,False,22,False,1,1.0,terminal,0.55,1.0,in=1/21000 KZT; out=0/0 KZT; tx=1/0; d=1; нет выхода в наблюдаемой выборке,0.146418176032715,0.029007293138962602,0.05578858913022596,0.0,0.0,0.0,0.231214,Оборот 21000 (+0.146); связей 1 (+0.029); seed 1 (+0.056); внешних групп 0 (+0.000); 1–2д 0% (+0.000); цикл +0.00
100000003122817100,3,False,1,0,444680.0,0.0,1,0,1,0,0.0,0.0,0,0.00039455781128505565,0.0,True,False,14,False,1,1.0,terminal,0.55,1.0,in=1/444680 KZT; out=0/0 KZT; tx=1/0; d=3; нет выхода в наблюдаемой выборке,0.1913306468617963,0.029007293138962602,0.05578858913022596,0.0,0.0,0.0,0.276127,Оборот 444680 (+0.191); связей 1 (+0.029); seed 1 (+0.056); внешних групп 0 (+0.000); 1–2д 0% (+0.000); цикл +0.00
100000003123296100,1,False,1,0,86200.0,0.0,2,0,1,0,0.0,0.0,0,0.00029824929403276525,0.0,True,False,7,False,1,1.0,terminal,0.55,1.0,in=1/86200 KZT; out=0/0 KZT; tx=2/0; d=1; нет выхода в наблюдаемой выборке,0.1671931020795166,0.029007293138962602,0.05578858913022596,0.0,0.0,0.0,0.251989,Оборот 86200 (+0.167); связей 1 (+0.029); seed 1 (+0.056); внешних групп 0 (+0.000); 1–2д 0% (+0.000); цикл +0.00
100000003125997100,4,False,1,0,87750.0,0.0,1,0,1,0,0.0,0.0,0,0.0005453170254255233,0.0,True,True,4,False,1,1.0,peripheral,0.2,1.0,in=1/87750 KZT; out=0/0 KZT; tx=1/0; d=4; граница выгрузки; роль неизвестна,0.16745529091209826,0.029007293138962602,0.05578858913022596,0.0,0.0,0.0,0.252251,Оборот 87750 (+0.167); связей 1 (+0.029); seed 1 (+0.056); внешних групп 0 (+0.000); 1–2д 0% (+0.000); цикл +0.00
100000003128638100,4,False,1,0,300000.0,0.0,1,0,1,0,0.0,0.0,0,0.0003561809713412374,0.0,True,True,4,False,1,1.0,peripheral,0.2,1.0,in=1/300000 KZT; out=0/0 KZT; tx=1/0; d=4; граница выгрузки; роль неизвестна,0.1855404421408853,0.029007293138962602,0.05578858913022596,0.0,0.0,0.0,0.270336,Оборот 300000 (+0.186); связей 1 (+0.029); seed 1 (+0.056); внешних групп 0 (+0.000); 1–2д 0% (+0.000); цикл +0.00
100000003131016100,2,False,1,1,405700.0,126000.0,7,4,2,0,15000.0,0.036973132856790734,1,0.0017197373401510838,0.31057431599704216,True,False,8,True,9,0.18181818181818182,peripheral,0.4,1.0,in=1/405700 KZT; out=1/126000 KZT; tx=7/4; d=2; недостаточно признаков других ролей,0.1939600284647929,0.04597547187268181,0.08842282173954807,0.0,0.0036973132856790735,0.1,0.432056,Оборот 531700 (+0.194); связей 2 (+0.046); seed 2 (+0.088); внешних групп 0 (+0.000); 1–2д 4% (+0.004); цикл +0.10
100000003131693100,1,False,1,0,353277.0,0.0,1,0,4,0,0.0,0.0,0,0.00035420373348734425,0.0,True,False,2,False,1,1.0,terminal,0.55,1.0,in=1/353277 KZT; out=0/0 KZT; tx=1/0; d=1; нет выхода в наблюдаемой выборке,0.18794539791517803,0.029007293138962602,0.12953709247559939,0.0,0.0,0.0,0.34649,Оборот 353277 (+0.188); связей 1 (+0.029); seed 4 (+0.130); внешних групп 0 (+0.000); 1–2д 0% (+0.000); цикл +0.00
100000003132484100,3,False,1,0,90000.0,0.0,1,0,1,0,0.0,0.0,0,0.0005356227298223401,0.0,True,False,4,False,1,1.0,terminal,0.55,1.0,in=1/90000 KZT; out=0/0 KZT; tx=1/0; d=3; нет выхода в наблюдаемой выборке,0.16782776120697507,0.029007293138962602,0.05578858913022596,0.0,0.0,0.0,0.252624,Оборот 90000 (+0.168); связей 1 (+0.029); seed 1 (+0.056); внешних групп 0 (+0.000); 1–2д 0% (+0.000); цикл +0.00
100000003133045100,4,False,1,0,68000.0,0.0,1,0,1,0,0.0,0.0,0,0.00033120726489225876,0.0,True,True,4,False,1,1.0,peripheral,0.2,1.0,in=1/68000 KZT; out=0/0 KZT; tx=1/0; d=4; граница выгрузки; роль неизвестна,0.16370402381261542,0.029007293138962602,0.05578858913022596,0.0,0.0,0.0,0.2485,Оборот 68000 (+0.164); связей 1 (+0.029); seed 1 (+0.056); внешних групп 0 (+0.000); 1–2д 0% (+0.000); цикл +0.00
100000003134474100,3,False,1,0,116000.0,0.0,1,0,3,0,0.0,0.0,0,0.0002877656074136902,0.0,True,False,10,False,1,1.0,terminal,0.55,1.0,in=1/116000 KZT; out=0/0 KZT; tx=1/0; d=3; нет выхода в наблюдаемой выборке,0.17156133251578726,0.029007293138962602,0.11157717826045192,0.0,0.0,0.0,0.312146,Оборот 116000 (+0.172); связей 1 (+0.029); seed 3 (+0.112); внешних групп 0 (+0.000); 1–2д 0% (+0.000); цикл +0.00
100000003134550100,4,False,1,0,100000.0,0.0,1,0,1,0,0.0,0.0,0,0.00029722701682326555,0.0,True,True,4,False,1,1.0,peripheral,0.2,1.0,in=1/100000 KZT; out=0/0 KZT; tx=1/0; d=4; граница выгрузки; роль неизвестна,0.16937780416926437,0.029007293138962602,0.05578858913022596,0.0,0.0,0.0,0.254174,Оборот 100000 (+0.169); связей 1 (+0.029); seed 1 (+0.056); внешних групп 0 (+0.000); 1–2д 0% (+0.000); цикл +0.00
100000003134934100,2,False,4,0,379354.0,0.0,4,0,3,3,0.0,0.0,0,0.0004219186687777075,0.0,True,False,0,False,3,0.5,consolidator,0.75,1.0,in=4/379354 KZT; out=0/0 KZT; tx=4/0; d=2; сбор; выход 0% наблюдаемого входа,0.1889931416615167,0.06735284889599069,0.11157717826045192,0.07879486051115807,0.0,0.0,0.446718,Оборот 379354 (+0.189); связей 4 (+0.067); seed 3 (+0.112); внешних групп 3 (+0.079); 1–2д 0% (+0.000); цикл +0.00
100000003134937100,1,False,1,0,10286.0,0.0,1,0,2,0,0.0,0.0,0,0.00028513594138856855,0.0,True,False,16,False,1,1.0,terminal,0.55,1.0,in=1/10286 KZT; out=0/0 KZT; tx=1/0; d=1; нет выхода в наблюдаемой выборке,0.13591841323260667,0.029007293138962602,0.08842282173954807,0.0,0.0,0.0,0.253349,Оборот 10286 (+0.136); связей 1 (+0.029); seed 2 (+0.088); внешних групп 0 (+0.000); 1–2д 0% (+0.000); цикл +0.00
100000003146511100,4,False,1,0,10000.0,0.0,1,0,2,0,0.0,0.0,0,0.0003101083479815607,0.0,True,True,12,False,1,1.0,peripheral,0.2,1.0,in=1/10000 KZT; out=0/0 KZT; tx=1/0; d=4; граница выгрузки; роль неизвестна,0.13550359676243048,0.029007293138962602,0.08842282173954807,0.0,0.0,0.0,0.252934,Оборот 10000 (+0.136); связей 1 (+0.029); seed 2 (+0.088); внешних групп 0 (+0.000); 1–2д 0% (+0.000); цикл +0.00
100000003147719100,3,False,1,0,100000.0,0.0,1,0,1,0,0.0,0.0,0,0.0002891545401537882,0.0,True,False,4,False,1,1.0,terminal,0.55,1.0,in=1/100000 KZT; out=0/0 KZT; tx=1/0; d=3; нет выхода в наблюдаемой выборке,0.16937780416926437,0.029007293138962602,0.05578858913022596,0.0,0.0,0.0,0.254174,Оборот 100000 (+0.169); связей 1 (+0.029); seed 1 (+0.056); внешних групп 0 (+0.000); 1–2д 0% (+0.000); цикл +0.00
100000003148220100,1,False,1,2,5650.0,43400.0,1,4,1,0,5650.0,1.0,1,0.0009104478765408923,7.68141592920354,True,False,52,True,5,0.2,peripheral,0.4,1.0,in=1/5650 KZT; out=2/43400 KZT; tx=1/4; d=1; недостаточно признаков других ролей,0.15889818910965578,0.058014586277925204,0.05578858913022596,0.0,0.1,0.1,0.472701,Оборот 49050 (+0.159); связей 3 (+0.058); seed 1 (+0.056); внешних групп 0 (+0.000); 1–2д 100% (+0.100); цикл +0.10
100000003149149100,3,False,1,0,245000.0,0.0,1,0,3,0,0.0,0.0,0,0.0002919117587721861,0.0,True,False,10,False,1,1.0,terminal,0.55,1.0,in=1/245000 KZT; out=0/0 KZT; tx=1/0; d=3; нет выхода в наблюдаемой выборке,0.18256092501374666,0.029007293138962602,0.11157717826045192,0.0,0.0,0.0,0.323145,Оборот 245000 (+0.183); связей 1 (+0.029); seed 3 (+0.112); внешних групп 0 (+0.000); 1–2д 0% (+0.000); цикл +0.00
100000003152964100,3,False,1,1,141847.0,5500.0,1,1,1,0,0.0,0.0,0,0.0003126699313179947,0.03877417217142414,True,False,8,False,2,0.5,peripheral,0.4,1.0,in=1/141847 KZT; out=1/5500 KZT; tx=1/1; d=3; недостаточно признаков других ролей,0.17508040782361683,0.04597547187268181,0.05578858913022596,0.0,0.0,0.0,0.276844,Оборот 147347 (+0.175); связей 2 (+0.046); seed 1 (+0.056); внешних групп 0 (+0.000); 1–2д 0% (+0.000); цикл +0.00
100000003154105100,3,False,1,7,60000.0,338000.0,1,9,1,0,40000.0,0.6666666666666666,1,0.0005470588103194233,5.633333333333334,True,False,32,False,6,0.3,distributor,0.8,1.0,in=1/60000 KZT; out=7/338000 KZT; tx=1/9; d=3; рассылка многим получателям,0.18969905186551622,0.09195094374536363,0.05578858913022596,0.0,0.06666666666666667,0.0,0.404105,Оборот 398000 (+0.190); связей 8 (+0.092); seed 1 (+0.056); внешних групп 0 (+0.000); 1–2д 67% (+0.067); цикл +0.00
100000003157333100,2,False,1,0,30000.0,0.0,1,0,1,0,0.0,0.0,0,0.0002896849430585918,0.0,True,False,41,False,1,1.0,terminal,0.55,1.0,in=1/30000 KZT; out=0/0 KZT; tx=1/0; d=2; нет выхода в наблюдаемой выборке,0.15166535208139753,0.029007293138962602,0.05578858913022596,0.0,0.0,0.0,0.236461,Оборот 30000 (+0.152); связей 1 (+0.029); seed 1 (+0.056); внешних групп 0 (+0.000); 1–2д 0% (+0.000); цикл +0.00
100000003157679100,3,False,4,0,541000.0,0.0,4,0,4,0,0.0,0.0,0,0.00037073573007111177,0.0,True,False,4,False,3,0.5,consolidator,0.75,1.0,in=4/541000 KZT; out=0/0 KZT; tx=4/0; d=3; сбор; выход 0% наблюдаемого входа,0.19421513122832323,0.06735284889599069,0.12953709247559939,0.0,0.0,0.0,0.391105,Оборот 541000 (+0.194); связей 4 (+0.067); seed 4 (+0.130); внешних групп 0 (+0.000); 1–2д 0% (+0.000); цикл +0.00
100000003158727100,1,False,3,0,367940.0,0.0,3,0,4,1,0.0,0.0,0,0.0003124477109594774,0.0,True,False,1,False,2,0.6666666666666666,consolidator,0.75,0.6666666666666666,in=3/367940 KZT; out=0/0 KZT; tx=3/0; d=1; сбор; выход 0% наблюдаемого входа,0.18854369370574367,0.058014586277925204,0.12953709247559939,0.039397430255579034,0.0,0.0,0.415493,Оборот 367940 (+0.189); связей 3 (+0.058); seed 4 (+0.130); внешних групп 1 (+0.039); 1–2д 0% (+0.000); цикл +0.00
100000003159641100,2,False,4,1,64000.0,197800.0,7,1,4,4,15000.0,0.234375,1,0.0003035378871121901,3.090625,True,False,45,False,5,0.25,peripheral,0.4,1.0,in=4/64000 KZT; out=1/197800 KZT; tx=7/1; d=2; недостаточно признаков других ролей,0.1835366569890397,0.0749827650116444,0.12953709247559939,0.09147800017679435,0.0234375,0.0,0.502972,Оборот 261800 (+0.184); связей 5 (+0.075); seed 4 (+0.130); внешних групп 4 (+0.091); 1–2д 23% (+0.023); цикл +0.00
100000003163256100,1,False,1,1,13485.0,15000.0,1,1,2,0,0.0,0.0,0,0.00028547762921175796,1.1123470522803114,True,False,16,False,2,0.5,peripheral,0.4,1.0,in=1/13485 KZT; out=1/15000 KZT; tx=1/1; d=1; недостаточно признаков других ролей,0.15090300828073547,0.04597547187268181,0.08842282173954807,0.0,0.0,0.0,0.285301,Оборот 28485 (+0.151); связей 2 (+0.046); seed 2 (+0.088); внешних групп 0 (+0.000); 1–2д 0% (+0.000); цикл +0.00
100000003163886100,3,False,1,0,500000.0,0.0,1,0,2,0,0.0,0.0,0,0.0007290166614578228,0.0,True,False,31,False,1,1.0,terminal,0.55,1.0,in=1/500000 KZT; out=0/0 KZT; tx=1/0; d=3; нет выхода в наблюдаемой выборке,0.19305566681091327,0.029007293138962602,0.08842282173954807,0.0,0.0,0.0,0.310486,Оборот 500000 (+0.193); связей 1 (+0.029); seed 2 (+0.088); внешних групп 0 (+0.000); 1–2д 0% (+0.000); цикл +0.00
100000003164661100,3,False,1,0,596200.0,0.0,3,0,1,0,0.0,0.0,0,0.0005968344237511685,0.0,True,False,27,False,3,0.3333333333333333,terminal,0.55,1.0,in=1/596200 KZT; out=0/0 KZT; tx=3/0; d=3; нет выхода в наблюдаемой выборке,0.19564449681896365,0.029007293138962602,0.05578858913022596,0.0,0.0,0.0,0.28044,Оборот 596200 (+0.196); связей 1 (+0.029); seed 1 (+0.056); внешних групп 0 (+0.000); 1–2д 0% (+0.000); цикл +0.00
100000003166017100,4,False,1,0,15000.0,0.0,1,0,2,0,0.0,0.0,0,0.0002896095760469855,0.0,True,True,18,False,1,1.0,peripheral,0.2,1.0,in=1/15000 KZT; out=0/0 KZT; tx=1/0; d=4; граница выгрузки; роль неизвестна,0.14146829138193068,0.029007293138962602,0.08842282173954807,0.0,0.0,0.0,0.258898,Оборот 15000 (+0.141); связей 1 (+0.029); seed 2 (+0.088); внешних групп 0 (+0.000); 1–2д 0% (+0.000); цикл +0.00
100000003166755100,2,False,1,0,24010.0,0.0,1,0,2,0,0.0,0.0,0,0.00028779691851936543,0.0,True,False,2,False,1,1.0,terminal,0.55,1.0,in=1/24010 KZT; out=0/0 KZT; tx=1/0; d=2; нет выхода в наблюдаемой выборке,0.14838872493662428,0.029007293138962602,0.08842282173954807,0.0,0.0,0.0,0.265819,Оборот 24010 (+0.148); связей 1 (+0.029); seed 2 (+0.088); внешних групп 0 (+0.000); 1–2д 0% (+0.000); цикл +0.00
100000003171006100,3,False,2,0,485000.0,0.0,2,0,3,0,0.0,0.0,0,0.0003330959732341346,0.0,True,False,4,False,1,1.0,terminal,0.55,1.0,in=2/485000 KZT; out=0/0 KZT; tx=2/0; d=3; нет выхода в наблюдаемой выборке,0.19260755318956452,0.04597547187268181,0.11157717826045192,0.0,0.0,0.0,0.35016,Оборот 485000 (+0.193); связей 2 (+0.046); seed 3 (+0.112); внешних групп 0 (+0.000); 1–2д 0% (+0.000); цикл +0.00
100000003171587100,3,False,2,2,700000.0,431300.0,2,7,3,1,0.0,0.0,0,0.0003142525170960262,0.6161428571428571,True,False,10,False,8,0.2222222222222222,peripheral,0.4,1.0,in=2/700000 KZT; out=2/431300 KZT; tx=2/7; d=3; недостаточно признаков других ролей,0.20506817747563283,0.06735284889599069,0.11157717826045192,0.039397430255579034,0.0,0.0,0.423396,Оборот 1131300 (+0.205); связей 4 (+0.067); seed 3 (+0.112); внешних групп 1 (+0.039); 1–2д 0% (+0.000); цикл +0.00
100000003173783100,4,False,1,0,23500.0,0.0,2,0,1,0,0.0,0.0,0,0.0003446658898959303,0.0,True,True,33,False,2,0.5,peripheral,0.2,1.0,in=1/23500 KZT; out=0/0 KZT; tx=2/0; d=4; граница выгрузки; роль неизвестна,0.14807287269138583,0.029007293138962602,0.05578858913022596,0.0,0.0,0.0,0.232869,Оборот 23500 (+0.148); связей 1 (+0.029); seed 1 (+0.056); внешних групп 0 (+0.000); 1–2д 0% (+0.000); цикл +0.00
100000003177533100,4,False,1,0,20000.0,0.0,3,0,1,0,0.0,0.0,0,0.0003363111056547112,0.0,True,True,8,False,1,1.0,peripheral,0.2,1.0,in=1/20000 KZT; out=0/0 KZT; tx=3/0; d=4; граница выгрузки; роль неизвестна,0.14570041229327152,0.029007293138962602,0.05578858913022596,0.0,0.0,0.0,0.230496,Оборот 20000 (+0.146); связей 1 (+0.029); seed 1 (+0.056); внешних групп 0 (+0.000); 1–2д 0% (+0.000); цикл +0.00
100000003178549100,3,False,2,4,250000.0,89080.0,2,4,1,3,0.0,0.0,0,0.00035013923325530175,0.35632,True,False,28,True,5,0.3333333333333333,peripheral,0.4,0.6666666666666666,in=2/250000 KZT; out=4/89080 KZT; tx=2/4; d=3; недостаточно признаков других ролей,0.18734196840684808,0.08143376716923444,0.05578858913022596,0.07879486051115807,0.0,0.1,0.503359,Оборот 339080 (+0.187); связей 6 (+0.081); seed 1 (+0.056); внешних групп 3 (+0.079); 1–2д 0% (+0.000); цикл +0.10
100000003180305100,4,False,1,0,144000.0,0.0,1,0,3,0,0.0,0.0,0,0.0005248357666636481,0.0,True,True,0,False,1,1.0,peripheral,0.2,1.0,in=1/144000 KZT; out=0/0 KZT; tx=1/0; d=4; граница выгрузки; роль неизвестна,0.17474237279159754,0.029007293138962602,0.11157717826045192,0.0,0.0,0.0,0.315327,Оборот 144000 (+0.175); связей 1 (+0.029); seed 3 (+0.112); внешних групп 0 (+0.000); 1–2д 0% (+0.000); цикл +0.00
100000003180820100,4,False,1,0,101000.0,0.0,1,0,2,0,0.0,0.0,0,0.0002972327296744794,0.0,True,True,4,False,1,1.0,peripheral,0.2,1.0,in=1/101000 KZT; out=0/0 KZT; tx=1/0; d=4; граница выгрузки; роль неизвестна,0.16952419154595816,0.029007293138962602,0.08842282173954807,0.0,0.0,0.0,0.286954,Оборот 101000 (+0.170); связей 1 (+0.029); seed 2 (+0.088); внешних групп 0 (+0.000); 1–2д 0% (+0.000); цикл +0.00
100000003186579100,4,False,1,0,110000.0,0.0,2,0,1,0,0.0,0.0,0,0.0005121083219451627,0.0,True,True,8,False,2,0.5,peripheral,0.2,1.0,in=1/110000 KZT; out=0/0 KZT; tx=2/0; d=4; граница выгрузки; роль неизвестна,0.17077999000111155,0.029007293138962602,0.05578858913022596,0.0,0.0,0.0,0.255576,Оборот 110000 (+0.171); связей 1 (+0.029); seed 1 (+0.056); внешних групп 0 (+0.000); 1–2д 0% (+0.000); цикл +0.00
100000003187359100,1,False,1,0,19072.0,0.0,1,0,1,0,0.0,0.0,0,0.0002880101349206723,0.0,True,False,22,False,1,1.0,terminal,0.55,1.0,in=1/19072 KZT; out=0/0 KZT; tx=1/0; d=1; нет выхода в наблюдаемой выборке,0.14500146858013277,0.029007293138962602,0.05578858913022596,0.0,0.0,0.0,0.229797,Оборот 19072 (+0.145); связей 1 (+0.029); seed 1 (+0.056); внешних групп 0 (+0.000); 1–2д 0% (+0.000); цикл +0.00
100000003188607100,2,False,1,1,18000.0,5000.0,1,1,1,0,0.0,0.0,0,0.00031300425492862316,0.2777777777777778,True,False,1,False,2,0.5,peripheral,0.4,1.0,in=1/18000 KZT; out=1/5000 KZT; tx=1/1; d=2; недостаточно признаков других ролей,0.14775648794763754,0.04597547187268181,0.05578858913022596,0.0,0.0,0.0,0.249521,Оборот 23000 (+0.148); связей 2 (+0.046); seed 1 (+0.056); внешних групп 0 (+0.000); 1–2д 0% (+0.000); цикл +0.00
100000003190207100,3,False,1,1,5000.0,377000.0,1,8,2,0,5000.0,1.0,1,0.00029750162393256104,75.4,True,False,49,False,8,0.2222222222222222,peripheral,0.4,1.0,in=1/5000 KZT; out=1/377000 KZT; tx=1/8; d=3; недостаточно признаков других ролей,0.1890954012963373,0.04597547187268181,0.08842282173954807,0.0,0.1,0.0,0.423494,Оборот 382000 (+0.189); связей 2 (+0.046); seed 2 (+0.088); внешних групп 0 (+0.000); 1–2д 100% (+0.100); цикл +0.00
100000003191430100,2,False,1,0,180000.0,0.0,1,0,1,0,0.0,0.0,0,0.0005276043397171233,0.0,True,False,16,False,1,1.0,terminal,0.55,1.0,in=1/180000 KZT; out=0/0 KZT; tx=1/0; d=2; нет выхода в наблюдаемой выборке,0.1780252305480589,0.029007293138962602,0.05578858913022596,0.0,0.0,0.0,0.262821,Оборот 180000 (+0.178); связей 1 (+0.029); seed 1 (+0.056); внешних групп 0 (+0.000); 1–2д 0% (+0.000); цикл +0.00
100000003192220100,2,False,1,0,60000.0,0.0,2,0,1,0,0.0,0.0,0,0.0004998740253669446,0.0,True,False,5,False,2,0.5,terminal,0.55,1.0,in=1/60000 KZT; out=0/0 KZT; tx=2/0; d=2; нет выхода в наблюдаемой выборке,0.16186265796174829,0.029007293138962602,0.05578858913022596,0.0,0.0,0.0,0.246659,Оборот 60000 (+0.162); связей 1 (+0.029); seed 1 (+0.056); внешних групп 0 (+0.000); 1–2д 0% (+0.000); цикл +0.00
100000003192309100,3,False,1,1,17200.0,213000.0,1,1,1,0,0.0,0.0,0,0.00028670215218414474,12.383720930232558,True,False,22,False,2,0.5,peripheral,0.4,1.0,in=1/17200 KZT; out=1/213000 KZT; tx=1/1; d=3; недостаточно признаков других ролей,0.18164423107724764,0.04597547187268181,0.05578858913022596,0.0,0.0,0.0,0.283408,Оборот 230200 (+0.182); связей 2 (+0.046); seed 1 (+0.056); внешних групп 0 (+0.000); 1–2д 0% (+0.000); цикл +0.00
100000003194831100,4,False,1,0,6265.0,0.0,1,0,1,0,0.0,0.0,0,0.00028925851375112376,0.0,True,True,24,False,1,1.0,peripheral,0.2,1.0,in=1/6265 KZT; out=0/0 KZT; tx=1/0; d=4; граница выгрузки; роль неизвестна,0.1286250672387299,0.029007293138962602,0.05578858913022596,0.0,0.0,0.0,0.213421,Оборот 6265 (+0.129); связей 1 (+0.029); seed 1 (+0.056); внешних групп 0 (+0.000); 1–2д 0% (+0.000); цикл +0.00
100000003199390100,4,False,1,0,260000.0,0.0,1,0,3,0,0.0,0.0,0,0.0003744952821750195,0.0,True,True,10,False,1,1.0,peripheral,0.2,1.0,in=1/260000 KZT; out=0/0 KZT; tx=1/0; d=4; граница выгрузки; роль неизвестна,0.18343515631830956,0.029007293138962602,0.11157717826045192,0.0,0.0,0.0,0.32402,Оборот 260000 (+0.183); связей 1 (+0.029); seed 3 (+0.112); внешних групп 0 (+0.000); 1–2д 0% (+0.000); цикл +0.00
100000003200071100,0,True,0,1,0.0,30000.0,0,1,0,0,0.0,0.0,0,0.0002840372852618645,0.0,False,False,61,False,1,1.0,peripheral,0.4,1.0,in=0/0 KZT; out=1/30000 KZT; tx=0/1; d=0; недостаточно признаков других ролей,0.15166535208139753,0.029007293138962602,0.0,0.0,0.0,0.0,0.180673,Оборот 30000 (+0.152); связей 1 (+0.029); seed 0 (+0.000); внешних групп 0 (+0.000); 1–2д 0% (+0.000); цикл +0.00
100000003204491100,3,False,1,1,140000.0,100000.0,1,2,1,0,0.0,0.0,0,0.0002963583495971651,0.7142857142857143,True,False,0,False,1,1.0,peripheral,0.4,1.0,in=1/140000 KZT; out=1/100000 KZT; tx=1/2; d=3; недостаточно признаков других ролей,0.1822575762111966,0.04597547187268181,0.05578858913022596,0.0,0.0,0.0,0.284022,Оборот 240000 (+0.182); связей 2 (+0.046); seed 1 (+0.056); внешних групп 0 (+0.000); 1–2д 0% (+0.000); цикл +0.00
100000003205210100,1,False,1,0,137563.0,0.0,1,0,4,0,0.0,0.0,0,0.0003113594916813078,0.0,True,False,2,False,1,1.0,terminal,0.55,1.0,in=1/137563 KZT; out=0/0 KZT; tx=1/0; d=1; нет выхода в наблюдаемой выборке,0.17406958060006653,0.029007293138962602,0.12953709247559939,0.0,0.0,0.0,0.332614,Оборот 137563 (+0.174); связей 1 (+0.029); seed 4 (+0.130); внешних групп 0 (+0.000); 1–2д 0% (+0.000); цикл +0.00
100000003207060100,4,False,1,0,53000.0,0.0,1,0,2,0,0.0,0.0,0,0.000424868344033866,0.0,True,True,0,False,1,1.0,peripheral,0.2,1.0,in=1/53000 KZT; out=0/0 KZT; tx=1/0; d=4; граница выгрузки; роль неизвестна,0.1600376331920425,0.029007293138962602,0.08842282173954807,0.0,0.0,0.0,0.277468,Оборот 53000 (+0.160); связей 1 (+0.029); seed 2 (+0.088); внешних групп 0 (+0.000); 1–2д 0% (+0.000); цикл +0.00
100000003213473100,3,False,1,11,57500.0,240000.0,2,12,2,3,45000.0,0.782608695652174,2,0.0002872530778715127,4.173913043478261,True,False,0,True,12,0.14285714285714285,distributor,0.8,1.0,in=1/57500 KZT; out=11/240000 KZT; tx=2/12; d=3; рассылка многим получателям,0.18541732922899673,0.10733973964717881,0.08842282173954807,0.07879486051115807,0.0782608695652174,0.1,0.638236,Оборот 297500 (+0.185); связей 12 (+0.107); seed 2 (+0.088); внешних групп 3 (+0.079); 1–2д 78% (+0.078); цикл +0.10
100000003214786100,4,False,1,0,5000.0,0.0,1,0,2,0,0.0,0.0,0,0.0004178251473398623,0.0,True,True,0,False,1,1.0,peripheral,0.2,1.0,in=1/5000 KZT; out=0/0 KZT; tx=1/0; d=4; граница выгрузки; роль неизвестна,0.12530751666392811,0.029007293138962602,0.08842282173954807,0.0,0.0,0.0,0.242738,Оборот 5000 (+0.125); связей 1 (+0.029); seed 2 (+0.088); внешних групп 0 (+0.000); 1–2д 0% (+0.000); цикл +0.00
100000003215448100,3,False,1,2,91309.0,124000.0,1,4,1,0,8000.0,0.08761458344741482,1,0.0003024685406196739,1.3580260434349298,True,False,8,False,4,0.4,peripheral,0.4,1.0,in=1/91309 KZT; out=2/124000 KZT; tx=1/4; d=3; недостаточно признаков других ролей,0.18066038385136068,0.058014586277925204,0.05578858913022596,0.0,0.008761458344741483,0.0,0.303225,Оборот 215309 (+0.181); связей 3 (+0.058); seed 1 (+0.056); внешних групп 0 (+0.000); 1–2д 9% (+0.009); цикл +0.00
100000003216073100,3,False,1,1,37001.0,70000.0,1,1,1,0,0.0,0.0,0,0.0002866541583665741,1.891840761060512,True,False,35,False,2,0.5,peripheral,0.4,1.0,in=1/37001 KZT; out=1/70000 KZT; tx=1/1; d=3; недостаточно признаков других ролей,0.17037332312162728,0.04597547187268181,0.05578858913022596,0.0,0.0,0.0,0.272137,Оборот 107001 (+0.170); связей 2 (+0.046); seed 1 (+0.056); внешних групп 0 (+0.000); 1–2д 0% (+0.000); цикл +0.00
100000003218308100,3,False,1,0,11165.0,0.0,1,0,2,0,0.0,0.0,0,0.00028466170829641617,0.0,True,False,0,False,1,1.0,terminal,0.55,1.0,in=1/11165 KZT; out=0/0 KZT; tx=1/0; d=3; нет выхода в наблюдаемой выборке,0.13712468309018,0.029007293138962602,0.08842282173954807,0.0,0.0,0.0,0.254555,Оборот 11165 (+0.137); связей 1 (+0.029); seed 2 (+0.088); внешних групп 0 (+0.000); 1–2д 0% (+0.000); цикл +0.00
100000003219438100,2,False,1,0,32000.0,0.0,1,0,1,0,0.0,0.0,0,0.00044426897869021117,0.0,True,False,62,False,1,1.0,terminal,0.55,1.0,in=1/32000 KZT; out=0/0 KZT; tx=1/0; d=2; нет выхода в наблюдаемой выборке,0.15261480933918287,0.029007293138962602,0.05578858913022596,0.0,0.0,0.0,0.237411,Оборот 32000 (+0.153); связей 1 (+0.029); seed 1 (+0.056); внешних групп 0 (+0.000); 1–2д 0% (+0.000); цикл +0.00
100000003220685100,4,False,1,0,1306000.0,0.0,2,0,3,0,0.0,0.0,0,0.0005343903303641952,0.0,True,True,10,False,1,1.0,peripheral,0.2,1.0,in=1/1306000 KZT; out=0/0 KZT; tx=2/0; d=4; граница выгрузки; роль неизвестна,0.20718083645760121,0.029007293138962602,0.11157717826045192,0.0,0.0,0.0,0.347765,Оборот 1306000 (+0.207); связей 1 (+0.029); seed 3 (+0.112); внешних групп 0 (+0.000); 1–2д 0% (+0.000); цикл +0.00
100000003221384100,2,False,1,0,511200.0,0.0,1,0,3,0,0.0,0.0,0,0.00044541556727296206,0.0,True,False,3,False,1,1.0,terminal,0.55,1.0,in=1/511200 KZT; out=0/0 KZT; tx=1/0; d=2; нет выхода в наблюдаемой выборке,0.1933815772614563,0.029007293138962602,0.11157717826045192,0.0,0.0,0.0,0.333966,Оборот 511200 (+0.193); связей 1 (+0.029); seed 3 (+0.112); внешних групп 0 (+0.000); 1–2д 0% (+0.000); цикл +0.00
100000003221510100,3,False,1,2,24000.0,120000.0,1,3,2,0,0.0,0.0,0,0.00028537952913371763,5.0,True,False,0,False,3,0.5,peripheral,0.4,1.0,in=1/24000 KZT; out=2/120000 KZT; tx=1/3; d=3; недостаточно признаков других ролей,0.17474237279159754,0.058014586277925204,0.08842282173954807,0.0,0.0,0.0,0.32118,Оборот 144000 (+0.175); связей 3 (+0.058); seed 2 (+0.088); внешних групп 0 (+0.000); 1–2д 0% (+0.000); цикл +0.00
100000003230328100,4,False,3,0,26572.0,0.0,3,0,3,2,0.0,0.0,0,0.00034971434646070175,0.0,True,True,8,False,3,0.3333333333333333,peripheral,0.2,1.0,in=3/26572 KZT; out=0/0 KZT; tx=3/0; d=4; граница выгрузки; роль неизвестна,0.14988027609481813,0.058014586277925204,0.11157717826045192,0.062443449579869886,0.0,0.0,0.381915,Оборот 26572 (+0.150); связей 3 (+0.058); seed 3 (+0.112); внешних групп 2 (+0.062); 1–2д 0% (+0.000); цикл +0.00
100000003230329100,4,False,1,0,110000.0,0.0,1,0,2,0,0.0,0.0,0,0.00029840856135481144,0.0,True,True,4,False,1,1.0,peripheral,0.2,1.0,in=1/110000 KZT; out=0/0 KZT; tx=1/0; d=4; граница выгрузки; роль неизвестна,0.17077999000111155,0.029007293138962602,0.08842282173954807,0.0,0.0,0.0,0.28821,Оборот 110000 (+0.171); связей 1 (+0.029); seed 2 (+0.088); внешних групп 0 (+0.000); 1–2д 0% (+0.000); цикл +0.00
100000003232675100,4,False,1,0,44000.0,0.0,2,0,2,0,0.0,0.0,0,0.00039874996122852787,0.0,True,True,12,False,1,1.0,peripheral,0.2,1.0,in=1/44000 KZT; out=0/0 KZT; tx=2/0; d=4; граница выгрузки; роль неизвестна,0.1572997613524067,0.029007293138962602,0.08842282173954807,0.0,0.0,0.0,0.27473,Оборот 44000 (+0.157); связей 1 (+0.029); seed 2 (+0.088); внешних групп 0 (+0.000); 1–2д 0% (+0.000); цикл +0.00
100000003235780100,1,False,2,0,65000.0,0.0,2,0,2,0,0.0,0.0,0,0.00028962644854293724,0.0,True,False,0,False,2,0.5,terminal,0.55,1.0,in=2/65000 KZT; out=0/0 KZT; tx=2/0; d=1; нет выхода в наблюдаемой выборке,0.16304022392303275,0.04597547187268181,0.08842282173954807,0.0,0.0,0.0,0.297439,Оборот 65000 (+0.163); связей 2 (+0.046); seed 2 (+0.088); внешних групп 0 (+0.000); 1–2д 0% (+0.000); цикл +0.00
100000003237045100,2,False,1,1,340200.0,150000.0,2,1,1,0,0.0,0.0,0,0.00039175002504559446,0.4409171075837742,True,False,16,True,2,0.6666666666666666,peripheral,0.4,1.0,in=1/340200 KZT; out=1/150000 KZT; tx=2/1; d=2; недостаточно признаков других ролей,0.19276444970567738,0.04597547187268181,0.05578858913022596,0.0,0.0,0.1,0.394529,Оборот 490200 (+0.193); связей 2 (+0.046); seed 1 (+0.056); внешних групп 0 (+0.000); 1–2д 0% (+0.000); цикл +0.10
100000003239379100,1,False,1,0,92500.0,0.0,1,0,1,0,0.0,0.0,0,0.00029928799072947846,0.0,True,False,7,False,1,1.0,terminal,0.55,1.0,in=1/92500 KZT; out=0/0 KZT; tx=1/0; d=1; нет выхода в наблюдаемой выборке,0.1682308493016635,0.029007293138962602,0.05578858913022596,0.0,0.0,0.0,0.253027,Оборот 92500 (+0.168); связей 1 (+0.029); seed 1 (+0.056); внешних групп 0 (+0.000); 1–2д 0% (+0.000); цикл +0.00
100000003239859100,1,False,1,0,18600.0,0.0,1,0,1,0,0.0,0.0,0,0.00028710391360454144,0.0,True,False,7,False,1,1.0,terminal,0.55,1.0,in=1/18600 KZT; out=0/0 KZT; tx=1/0; d=1; нет выхода в наблюдаемой выборке,0.1446328107917623,0.029007293138962602,0.05578858913022596,0.0,0.0,0.0,0.229429,Оборот 18600 (+0.145); связей 1 (+0.029); seed 1 (+0.056); внешних групп 0 (+0.000); 1–2д 0% (+0.000); цикл +0.00
100000003241965100,3,False,1,0,15000.0,0.0,1,0,1,0,0.0,0.0,0,0.0002895871803403274,0.0,True,False,18,False,1,1.0,terminal,0.55,1.0,in=1/15000 KZT; out=0/0 KZT; tx=1/0; d=3; нет выхода в наблюдаемой выборке,0.14146829138193068,0.029007293138962602,0.05578858913022596,0.0,0.0,0.0,0.226264,Оборот 15000 (+0.141); связей 1 (+0.029); seed 1 (+0.056); внешних групп 0 (+0.000); 1–2д 0% (+0.000); цикл +0.00
100000003242289100,2,False,3,23,550791.0,2377741.0,8,26,3,4,327197.0,0.5940492854821521,6,0.00043708641841528164,4.316956885642648,True,False,28,True,17,0.14705882352941177,distributor,0.8,1.0,in=3/550791 KZT; out=23/2377741 KZT; tx=8/26; d=2; рассылка многим получателям,0.21906120933307457,0.13792641561804542,0.11157717826045192,0.09147800017679435,0.05940492854821521,0.1,0.719448,Оборот 2928532 (+0.219); связей 26 (+0.138); seed 3 (+0.112); внешних групп 4 (+0.091); 1–2д 59% (+0.059); цикл +0.10
100000003242795100,3,False,1,0,111000.0,0.0,1,0,3,0,0.0,0.0,0,0.00028760490387266325,0.0,True,False,10,False,1,1.0,terminal,0.55,1.0,in=1/111000 KZT; out=0/0 KZT; tx=1/0; d=3; нет выхода в наблюдаемой выборке,0.17091312958147287,0.029007293138962602,0.11157717826045192,0.0,0.0,0.0,0.311498,Оборот 111000 (+0.171); связей 1 (+0.029); seed 3 (+0.112); внешних групп 0 (+0.000); 1–2д 0% (+0.000); цикл +0.00
100000003246024100,2,False,1,1,25000.0,5000.0,1,1,2,1,0.0,0.0,0,0.00037250783338173255,0.2,True,False,8,True,1,1.0,peripheral,0.4,1.0,in=1/25000 KZT; out=1/5000 KZT; tx=1/1; d=2; недостаточно признаков других ролей,0.15166535208139753,0.04597547187268181,0.08842282173954807,0.039397430255579034,0.0,0.1,0.425461,Оборот 30000 (+0.152); связей 2 (+0.046); seed 2 (+0.088); внешних групп 1 (+0.039); 1–2д 0% (+0.000); цикл +0.10
100000003247600100,4,False,1,0,58000.0,0.0,1,0,1,0,0.0,0.0,0,0.000835377018488359,0.0,True,True,2,False,1,1.0,peripheral,0.2,1.0,in=1/58000 KZT; out=0/0 KZT; tx=1/0; d=4; граница выгрузки; роль неизвестна,0.16136390826786365,0.029007293138962602,0.05578858913022596,0.0,0.0,0.0,0.24616,Оборот 58000 (+0.161); связей 1 (+0.029); seed 1 (+0.056); внешних групп 0 (+0.000); 1–2д 0% (+0.000); цикл +0.00
100000003249054100,2,False,7,1,99700.0,15000.0,11,1,3,3,0.0,0.0,0,0.00042893846467448836,0.15045135406218657,True,False,2,False,9,0.25,consolidator,0.75,1.0,in=7/99700 KZT; out=1/15000 KZT; tx=11/1; d=2; сбор; выход 15% наблюдаемого входа,0.17139552774854255,0.09195094374536363,0.11157717826045192,0.07879486051115807,0.0,0.0,0.453719,Оборот 114700 (+0.171); связей 8 (+0.092); seed 3 (+0.112); внешних групп 3 (+0.079); 1–2д 0% (+0.000); цикл +0.00
100000003252446100,4,False,1,0,108600.0,0.0,1,0,1,0,0.0,0.0,0,0.00029836133373754603,0.0,True,True,4,False,1,1.0,peripheral,0.2,1.0,in=1/108600 KZT; out=0/0 KZT; tx=1/0; d=4; граница выгрузки; роль неизвестна,0.1705915468897942,0.029007293138962602,0.05578858913022596,0.0,0.0,0.0,0.255387,Оборот 108600 (+0.171); связей 1 (+0.029); seed 1 (+0.056); внешних групп 0 (+0.000); 1–2д 0% (+0.000); цикл +0.00
100000003254277100,3,False,1,1,49200.0,44997.0,1,1,2,0,0.0,0.0,0,0.0002867888851991635,0.9145731707317073,True,False,0,False,1,1.0,peripheral,0.4,1.0,in=1/49200 KZT; out=1/44997 KZT; tx=1/1; d=3; недостаточно признаков других ролей,0.1684983052338557,0.04597547187268181,0.08842282173954807,0.0,0.0,0.0,0.302897,Оборот 94197 (+0.168); связей 2 (+0.046); seed 2 (+0.088); внешних групп 0 (+0.000); 1–2д 0% (+0.000); цикл +0.00
100000003254723100,2,False,1,0,269850.0,0.0,6,0,4,0,0.0,0.0,0,0.0005268403487059432,0.0,True,False,2,False,6,0.16666666666666666,terminal,0.55,1.0,in=1/269850 KZT; out=0/0 KZT; tx=6/0; d=2; нет выхода в наблюдаемой выборке,0.1839822127309968,0.029007293138962602,0.12953709247559939,0.0,0.0,0.0,0.342527,Оборот 269850 (+0.184); связей 1 (+0.029); seed 4 (+0.130); внешних групп 0 (+0.000); 1–2д 0% (+0.000); цикл +0.00
100000003265158100,1,False,3,2,146100.4,154200.0,3,4,4,2,0.0,0.0,0,0.00038246925629366703,1.055438588806054,True,False,7,False,3,0.5714285714285714,peripheral,0.4,1.0,in=3/146100 KZT; out=2/154200 KZT; tx=3/4; d=1; недостаточно признаков других ролей,0.18555516629344684,0.0749827650116444,0.12953709247559939,0.062443449579869886,0.0,0.0,0.452518,Оборот 300300 (+0.186); связей 5 (+0.075); seed 4 (+0.130); внешних групп 2 (+0.062); 1–2д 0% (+0.000); цикл +0.00
100000003265658100,0,True,0,0,0.0,0.0,0,0,0,0,0.0,0.0,0,0.0002840372852618645,0.0,False,False,63,False,0,0.0,peripheral,0.3,1.0,in=0/0 KZT; out=0/0 KZT; tx=0/0; d=0; нет наблюдаемых связей,0.0,0.0,0.0,0.0,0.0,0.0,0.0,Оборот 0 (+0.000); связей 0 (+0.000); seed 0 (+0.000); внешних групп 0 (+0.000); 1–2д 0% (+0.000); цикл +0.00
100000003270419100,3,False,1,0,150000.0,0.0,1,0,2,0,0.0,0.0,0,0.000826887638170006,0.0,True,False,12,False,1,1.0,terminal,0.55,1.0,in=1/150000 KZT; out=0/0 KZT; tx=1/0; d=3; нет выхода в наблюдаемой выборке,0.17534294010700102,0.029007293138962602,0.08842282173954807,0.0,0.0,0.0,0.292773,Оборот 150000 (+0.175); связей 1 (+0.029); seed 2 (+0.088); внешних групп 0 (+0.000); 1–2д 0% (+0.000); цикл +0.00
100000003271151100,3,False,1,0,127294.0,0.0,1,0,1,0,0.0,0.0,0,0.0003097323232046411,0.0,True,False,8,False,1,1.0,terminal,0.55,1.0,in=1/127294 KZT; out=0/0 KZT; tx=1/0; d=3; нет выхода в наблюдаемой выборке,0.1729281970738365,0.029007293138962602,0.05578858913022596,0.0,0.0,0.0,0.257724,Оборот 127294 (+0.173); связей 1 (+0.029); seed 1 (+0.056); внешних групп 0 (+0.000); 1–2д 0% (+0.000); цикл +0.00
100000003275398100,2,False,1,1,300000.0,20000.0,1,1,1,0,0.0,0.0,0,0.0004315974084722965,0.06666666666666667,True,False,34,False,2,0.5,peripheral,0.4,1.0,in=1/300000 KZT; out=1/20000 KZT; tx=1/1; d=2; недостаточно признаков других ролей,0.186489926982609,0.04597547187268181,0.05578858913022596,0.0,0.0,0.0,0.288254,Оборот 320000 (+0.186); связей 2 (+0.046); seed 1 (+0.056); внешних групп 0 (+0.000); 1–2д 0% (+0.000); цикл +0.00
100000003278020100,2,False,1,0,190000.0,0.0,1,0,1,0,0.0,0.0,0,0.0003227646537611876,0.0,True,False,0,False,1,1.0,terminal,0.55,1.0,in=1/190000 KZT; out=0/0 KZT; tx=1/0; d=2; нет выхода в наблюдаемой выборке,0.17882066084633433,0.029007293138962602,0.05578858913022596,0.0,0.0,0.0,0.263617,Оборот 190000 (+0.179); связей 1 (+0.029); seed 1 (+0.056); внешних групп 0 (+0.000); 1–2д 0% (+0.000); цикл +0.00
100000003284932100,1,False,1,0,69925.0,0.0,1,0,4,0,0.0,0.0,0,0.0002979255058144809,0.0,True,False,2,False,1,1.0,terminal,0.55,1.0,in=1/69925 KZT; out=0/0 KZT; tx=1/0; d=1; нет выхода в наблюдаемой выборке,0.1641147099733924,0.029007293138962602,0.12953709247559939,0.0,0.0,0.0,0.322659,Оборот 69925 (+0.164); связей 1 (+0.029); seed 4 (+0.130); внешних групп 0 (+0.000); 1–2д 0% (+0.000); цикл +0.00
100000003286537100,3,False,2,0,153000.0,0.0,2,0,3,0,0.0,0.0,0,0.0002994854290989769,0.0,True,False,4,False,1,1.0,terminal,0.55,1.0,in=2/153000 KZT; out=0/0 KZT; tx=2/0; d=3; нет выхода в наблюдаемой выборке,0.17563427357253514,0.04597547187268181,0.11157717826045192,0.0,0.0,0.0,0.333187,Оборот 153000 (+0.176); связей 2 (+0.046); seed 3 (+0.112); внешних групп 0 (+0.000); 1–2д 0% (+0.000); цикл +0.00
100000003289281100,4,False,1,0,40000.0,0.0,1,0,1,0,0.0,0.0,0,0.0005940770411321738,0.0,True,True,0,False,1,1.0,peripheral,0.2,1.0,in=1/40000 KZT; out=0/0 KZT; tx=1/0; d=4; граница выгрузки; роль неизвестна,0.15589759558164798,0.029007293138962602,0.05578858913022596,0.0,0.0,0.0,0.240693,Оборот 40000 (+0.156); связей 1 (+0.029); seed 1 (+0.056); внешних групп 0 (+0.000); 1–2д 0% (+0.000); цикл +0.00
100000003289405100,2,False,1,0,355000.0,0.0,1,0,1,0,0.0,0.0,0,0.00033707126307734863,0.0,True,False,2,False,1,1.0,terminal,0.55,1.0,in=1/355000 KZT; out=0/0 KZT; tx=1/0; d=2; нет выхода в наблюдаемой выборке,0.18801697634914696,0.029007293138962602,0.05578858913022596,0.0,0.0,0.0,0.272813,Оборот 355000 (+0.188); связей 1 (+0.029); seed 1 (+0.056); внешних групп 0 (+0.000); 1–2д 0% (+0.000); цикл +0.00
100000003292191100,3,False,1,0,112000.0,0.0,1,0,1,0,0.0,0.0,0,0.00029800414791962847,0.0,True,False,46,False,1,1.0,terminal,0.55,1.0,in=1/112000 KZT; out=0/0 KZT; tx=1/0; d=3; нет выхода в наблюдаемой выборке,0.17104507507950928,0.029007293138962602,0.05578858913022596,0.0,0.0,0.0,0.255841,Оборот 112000 (+0.171); связей 1 (+0.029); seed 1 (+0.056); внешних групп 0 (+0.000); 1–2д 0% (+0.000); цикл +0.00
100000003292979100,2,False,1,0,48950.0,0.0,1,0,4,0,0.0,0.0,0,0.0003284785153613184,0.0,True,False,2,False,1,1.0,terminal,0.55,1.0,in=1/48950 KZT; out=0/0 KZT; tx=1/0; d=2; нет выхода в наблюдаемой выборке,0.1588681653112253,0.029007293138962602,0.12953709247559939,0.0,0.0,0.0,0.317413,Оборот 48950 (+0.159); связей 1 (+0.029); seed 4 (+0.130); внешних групп 0 (+0.000); 1–2д 0% (+0.000); цикл +0.00
100000003293377100,3,False,1,0,50000.0,0.0,1,0,3,0,0.0,0.0,0,0.0002856443206721342,0.0,True,False,10,False,1,1.0,terminal,0.55,1.0,in=1/50000 KZT; out=0/0 KZT; tx=1/0; d=3; нет выхода в наблюдаемой выборке,0.1591804002131276,0.029007293138962602,0.11157717826045192,0.0,0.0,0.0,0.299765,Оборот 50000 (+0.159); связей 1 (+0.029); seed 3 (+0.112); внешних групп 0 (+0.000); 1–2д 0% (+0.000); цикл +0.00
100000003299365100,1,False,1,1,200000.0,200000.0,1,1,4,0,0.0,0.0,0,0.0003237604759736741,1.0,True,False,2,True,1,1.0,peripheral,0.4,1.0,in=1/200000 KZT; out=1/200000 KZT; tx=1/1; d=1; недостаточно признаков других ролей,0.1897727959772685,0.04597547187268181,0.12953709247559939,0.0,0.0,0.1,0.465285,Оборот 400000 (+0.190); связей 2 (+0.046); seed 4 (+0.130); внешних групп 0 (+0.000); 1–2д 0% (+0.000); цикл +0.10
100000003321423100,2,False,1,0,100000.0,0.0,2,0,4,0,0.0,0.0,0,0.0006657320409781927,0.0,True,False,53,False,2,0.5,terminal,0.55,1.0,in=1/100000 KZT; out=0/0 KZT; tx=2/0; d=2; нет выхода в наблюдаемой выборке,0.16937780416926437,0.029007293138962602,0.12953709247559939,0.0,0.0,0.0,0.327922,Оборот 100000 (+0.169); связей 1 (+0.029); seed 4 (+0.130); внешних групп 0 (+0.000); 1–2д 0% (+0.000); цикл +0.00
100000003321895100,3,False,1,2,24000.0,553830.0,1,3,1,1,0.0,0.0,0,0.000309536587448863,23.07625,True,False,54,False,4,0.25,peripheral,0.4,1.0,in=1/24000 KZT; out=2/553830 KZT; tx=1/3; d=3; недостаточно признаков других ролей,0.19518406525130477,0.058014586277925204,0.05578858913022596,0.039397430255579034,0.0,0.0,0.348385,Оборот 577830 (+0.195); связей 3 (+0.058); seed 1 (+0.056); внешних групп 1 (+0.039); 1–2д 0% (+0.000); цикл +0.00
100000003336565100,2,False,1,0,16550.0,0.0,1,0,1,0,0.0,0.0,0,0.0002896158459572144,0.0,True,False,22,False,1,1.0,terminal,0.55,1.0,in=1/16550 KZT; out=0/0 KZT; tx=1/0; d=2; нет выхода в наблюдаемой выборке,0.14291491301095383,0.029007293138962602,0.05578858913022596,0.0,0.0,0.0,0.227711,Оборот 16550 (+0.143); связей 1 (+0.029); seed 1 (+0.056); внешних групп 0 (+0.000); 1–2д 0% (+0.000); цикл +0.00
100000003338583100,3,False,1,0,21765.0,0.0,1,0,1,0,0.0,0.0,0,0.0002885952891955382,0.0,True,False,34,False,1,1.0,terminal,0.55,1.0,in=1/21765 KZT; out=0/0 KZT; tx=1/0; d=3; нет выхода в наблюдаемой выборке,0.14694455605564327,0.029007293138962602,0.05578858913022596,0.0,0.0,0.0,0.23174,Оборот 21765 (+0.147); связей 1 (+0.029); seed 1 (+0.056); внешних групп 0 (+0.000); 1–2д 0% (+0.000); цикл +0.00
100000003345947100,4,False,1,0,79500.0,0.0,6,0,1,0,0.0,0.0,0,0.0004918257213234301,0.0,True,True,8,False,1,1.0,peripheral,0.2,1.0,in=1/79500 KZT; out=0/0 KZT; tx=6/0; d=4; граница выгрузки; роль неизвестна,0.16600272564265242,0.029007293138962602,0.05578858913022596,0.0,0.0,0.0,0.250799,Оборот 79500 (+0.166); связей 1 (+0.029); seed 1 (+0.056); внешних групп 0 (+0.000); 1–2д 0% (+0.000); цикл +0.00
100000003349739100,0,True,0,0,0.0,0.0,0,0,0,0,0.0,0.0,0,0.0002840372852618645,0.0,False,False,64,False,0,0.0,peripheral,0.3,1.0,in=0/0 KZT; out=0/0 KZT; tx=0/0; d=0; нет наблюдаемых связей,0.0,0.0,0.0,0.0,0.0,0.0,0.0,Оборот 0 (+0.000); связей 0 (+0.000); seed 0 (+0.000); внешних групп 0 (+0.000); 1–2д 0% (+0.000); цикл +0.00
100000003360542100,2,False,2,2,317000.0,51800.0,3,5,9,0,15500.0,0.04889589905362776,2,0.0014432904569406941,0.16340694006309148,True,False,11,True,8,0.125,peripheral,0.4,1.0,in=2/317000 KZT; out=2/51800 KZT; tx=3/5; d=2; недостаточно признаков других ролей,0.1885780402971387,0.06735284889599069,0.18532568160582538,0.0,0.004889589905362777,0.1,0.546146,Оборот 368800 (+0.189); связей 4 (+0.067); seed 9 (+0.185); внешних групп 0 (+0.000); 1–2д 5% (+0.005); цикл +0.10
100000003366154100,1,False,1,3,125000.0,289170.0,1,3,4,0,0.0,0.0,0,0.00030886427945674545,2.31336,True,False,2,False,1,1.0,peripheral,0.4,1.0,in=1/125000 KZT; out=3/289170 KZT; tx=1/3; d=1; недостаточно признаков других ролей,0.19028494690911948,0.06735284889599069,0.12953709247559939,0.0,0.0,0.0,0.387175,Оборот 414170 (+0.190); связей 4 (+0.067); seed 4 (+0.130); внешних групп 0 (+0.000); 1–2д 0% (+0.000); цикл +0.00
100000003366471100,3,False,2,1,329789.0,20000.0,5,1,2,1,0.0,0.0,0,0.00035835751414678755,0.0606448365470043,True,False,8,False,4,0.3333333333333333,peripheral,0.4,1.0,in=2/329789 KZT; out=1/20000 KZT; tx=5/1; d=3; недостаточно признаков других ролей,0.1877994213530192,0.058014586277925204,0.08842282173954807,0.039397430255579034,0.0,0.0,0.373634,Оборот 349789 (+0.188); связей 3 (+0.058); seed 2 (+0.088); внешних групп 1 (+0.039); 1–2д 0% (+0.000); цикл +0.00
100000003370425100,4,False,1,0,20000.0,0.0,1,0,4,0,0.0,0.0,0,0.0006435285063063334,0.0,True,True,12,False,1,1.0,peripheral,0.2,1.0,in=1/20000 KZT; out=0/0 KZT; tx=1/0; d=4; граница выгрузки; роль неизвестна,0.14570041229327152,0.029007293138962602,0.12953709247559939,0.0,0.0,0.0,0.304245,Оборот 20000 (+0.146); связей 1 (+0.029); seed 4 (+0.130); внешних групп 0 (+0.000); 1–2д 0% (+0.000); цикл +0.00
100000003377795100,1,False,1,0,7000.0,0.0,1,0,1,0,0.0,0.0,0,0.00028443606253861003,0.0,True,False,1,False,1,1.0,terminal,0.55,1.0,in=1/7000 KZT; out=0/0 KZT; tx=1/0; d=1; нет выхода в наблюдаемой выборке,0.13025684098731208,0.029007293138962602,0.05578858913022596,0.0,0.0,0.0,0.215053,Оборот 7000 (+0.130); связей 1 (+0.029); seed 1 (+0.056); внешних групп 0 (+0.000); 1–2д 0% (+0.000); цикл +0.00
100000003390036100,2,False,2,2,231300.0,62000.0,4,2,9,0,0.0,0.0,0,0.001311754737669484,0.2680501513186338,True,False,11,True,5,0.3333333333333333,peripheral,0.4,1.0,in=2/231300 KZT; out=2/62000 KZT; tx=4/2; d=2; недостаточно признаков других ролей,0.1852081516782579,0.06735284889599069,0.18532568160582538,0.0,0.0,0.1,0.537887,Оборот 293300 (+0.185); связей 4 (+0.067); seed 9 (+0.185); внешних групп 0 (+0.000); 1–2д 0% (+0.000); цикл +0.10
100000003404627100,1,False,4,0,877700.0,0.0,5,0,5,1,0.0,0.0,0,0.0013678442766934995,0.0,True,False,51,False,2,0.8,consolidator,0.75,1.0,in=4/877700 KZT; out=0/0 KZT; tx=5/0; d=1; сбор; выход 0% наблюдаемого входа,0.20133402419783059,0.06735284889599069,0.14421141086977404,0.039397430255579034,0.0,0.0,0.452296,Оборот 877700 (+0.201); связей 4 (+0.067); seed 5 (+0.144); внешних групп 1 (+0.039); 1–2д 0% (+0.000); цикл +0.00
100000003406094100,3,False,1,3,70000.0,47000.0,4,3,2,0,7000.0,0.1,1,0.000772254154943823,0.6714285714285714,True,False,16,True,7,0.14285714285714285,peripheral,0.4,1.0,in=1/70000 KZT; out=3/47000 KZT; tx=4/3; d=3; недостаточно признаков других ролей,0.1716876150944217,0.06735284889599069,0.08842282173954807,0.0,0.010000000000000002,0.1,0.437463,Оборот 117000 (+0.172); связей 4 (+0.067); seed 2 (+0.088); внешних групп 0 (+0.000); 1–2д 10% (+0.010); цикл +0.10
100000003447411100,4,False,1,0,302000.0,0.0,3,0,1,0,0.0,0.0,0,0.00030415012824029896,0.0,True,True,8,False,3,0.3333333333333333,peripheral,0.2,1.0,in=1/302000 KZT; out=0/0 KZT; tx=3/0; d=4; граница выгрузки; роль неизвестна,0.1856381960386479,0.029007293138962602,0.05578858913022596,0.0,0.0,0.0,0.270434,Оборот 302000 (+0.186); связей 1 (+0.029); seed 1 (+0.056); внешних групп 0 (+0.000); 1–2д 0% (+0.000); цикл +0.00
100000003448713100,4,False,1,0,266750.0,0.0,1,0,1,0,0.0,0.0,0,0.0003018025199125181,0.0,True,True,8,False,1,1.0,peripheral,0.2,1.0,in=1/266750 KZT; out=0/0 KZT; tx=1/0; d=4; граница выгрузки; роль неизвестна,0.18381222614089462,0.029007293138962602,0.05578858913022596,0.0,0.0,0.0,0.268608,Оборот 266750 (+0.184); связей 1 (+0.029); seed 1 (+0.056); внешних групп 0 (+0.000); 1–2д 0% (+0.000); цикл +0.00
100000003449074100,1,False,1,0,10000.0,0.0,1,0,1,0,0.0,0.0,0,0.0002858991665161169,0.0,True,False,0,False,1,1.0,terminal,0.55,1.0,in=1/10000 KZT; out=0/0 KZT; tx=1/0; d=1; нет выхода в наблюдаемой выборке,0.13550359676243048,0.029007293138962602,0.05578858913022596,0.0,0.0,0.0,0.220299,Оборот 10000 (+0.136); связей 1 (+0.029); seed 1 (+0.056); внешних групп 0 (+0.000); 1–2д 0% (+0.000); цикл +0.00
100000003457710100,3,False,1,1,326555.0,1306000.0,1,2,3,0,0.0,0.0,0,0.000294532994229877,3.999326300316945,True,False,10,False,1,1.0,peripheral,0.4,1.0,in=1/326555 KZT; out=1/1306000 KZT; tx=1/2; d=3; недостаточно признаков других ролей,0.2104642080410744,0.04597547187268181,0.11157717826045192,0.0,0.0,0.0,0.368017,Оборот 1632555 (+0.210); связей 2 (+0.046); seed 3 (+0.112); внешних групп 0 (+0.000); 1–2д 0% (+0.000); цикл +0.00
100000003470579100,4,False,1,0,357000.0,0.0,2,0,1,0,0.0,0.0,0,0.0005648024912316044,0.0,True,True,14,False,2,0.5,peripheral,0.2,1.0,in=1/357000 KZT; out=0/0 KZT; tx=2/0; d=4; граница выгрузки; роль неизвестна,0.1880996277746059,0.029007293138962602,0.05578858913022596,0.0,0.0,0.0,0.272896,Оборот 357000 (+0.188); связей 1 (+0.029); seed 1 (+0.056); внешних групп 0 (+0.000); 1–2д 0% (+0.000); цикл +0.00
100000003476560100,1,False,1,0,50000.0,0.0,1,0,4,0,0.0,0.0,0,0.0002939680829398169,0.0,True,False,2,False,1,1.0,terminal,0.55,1.0,in=1/50000 KZT; out=0/0 KZT; tx=1/0; d=1; нет выхода в наблюдаемой выборке,0.1591804002131276,0.029007293138962602,0.12953709247559939,0.0,0.0,0.0,0.317725,Оборот 50000 (+0.159); связей 1 (+0.029); seed 4 (+0.130); внешних групп 0 (+0.000); 1–2д 0% (+0.000); цикл +0.00
100000003481025100,4,False,1,0,9000.0,0.0,1,0,1,0,0.0,0.0,0,0.00052788695575246,0.0,True,True,0,False,1,1.0,peripheral,0.2,1.0,in=1/9000 KZT; out=0/0 KZT; tx=1/0; d=4; граница выгрузки; роль неизвестна,0.13395370090262443,0.029007293138962602,0.05578858913022596,0.0,0.0,0.0,0.21875,Оборот 9000 (+0.134); связей 1 (+0.029); seed 1 (+0.056); внешних групп 0 (+0.000); 1–2д 0% (+0.000); цикл +0.00
100000003484058100,3,False,1,1,110000.0,6000.0,1,1,1,0,0.0,0.0,0,0.0003150225607046058,0.05454545454545454,True,False,40,False,2,0.5,peripheral,0.4,1.0,in=1/110000 KZT; out=1/6000 KZT; tx=1/1; d=3; недостаточно признаков других ролей,0.17156133251578726,0.04597547187268181,0.05578858913022596,0.0,0.0,0.0,0.273325,Оборот 116000 (+0.172); связей 2 (+0.046); seed 1 (+0.056); внешних групп 0 (+0.000); 1–2д 0% (+0.000); цикл +0.00
100000003486846100,4,False,1,0,27000.0,0.0,2,0,1,0,0.0,0.0,0,0.0005279981228876077,0.0,True,True,16,False,2,0.5,peripheral,0.2,1.0,in=1/27000 KZT; out=0/0 KZT; tx=2/0; d=4; граница выгрузки; роль неизвестна,0.15011534725947276,0.029007293138962602,0.05578858913022596,0.0,0.0,0.0,0.234911,Оборот 27000 (+0.150); связей 1 (+0.029); seed 1 (+0.056); внешних групп 0 (+0.000); 1–2д 0% (+0.000); цикл +0.00
100000003486970100,3,False,1,0,150000.0,0.0,1,0,3,0,0.0,0.0,0,0.00028885839149267364,0.0,True,False,10,False,1,1.0,terminal,0.55,1.0,in=1/150000 KZT; out=0/0 KZT; tx=1/0; d=3; нет выхода в наблюдаемой выборке,0.17534294010700102,0.029007293138962602,0.11157717826045192,0.0,0.0,0.0,0.315927,Оборот 150000 (+0.175); связей 1 (+0.029); seed 3 (+0.112); внешних групп 0 (+0.000); 1–2д 0% (+0.000); цикл +0.00
100000003497735100,3,False,1,0,125000.0,0.0,1,0,1,0,0.0,0.0,0,0.00030526247581136627,0.0,True,False,43,False,1,1.0,terminal,0.55,1.0,in=1/125000 KZT; out=0/0 KZT; tx=1/0; d=3; нет выхода в наблюдаемой выборке,0.1726606529352228,0.029007293138962602,0.05578858913022596,0.0,0.0,0.0,0.257457,Оборот 125000 (+0.173); связей 1 (+0.029); seed 1 (+0.056); внешних групп 0 (+0.000); 1–2д 0% (+0.000); цикл +0.00
100000003500764100,4,False,1,0,21000.0,0.0,1,0,3,0,0.0,0.0,0,0.0005269369971238493,0.0,True,True,28,False,1,1.0,peripheral,0.2,1.0,in=1/21000 KZT; out=0/0 KZT; tx=1/0; d=4; граница выгрузки; роль неизвестна,0.146418176032715,0.029007293138962602,0.11157717826045192,0.0,0.0,0.0,0.287003,Оборот 21000 (+0.146); связей 1 (+0.029); seed 3 (+0.112); внешних групп 0 (+0.000); 1–2д 0% (+0.000); цикл +0.00
100000003509750100,2,False,3,3,82290.0,78400.0,4,5,1,0,38400.0,0.46664236237695955,3,0.0016747371626434472,0.9527281565196257,True,False,41,True,7,0.2222222222222222,peripheral,0.4,0.6666666666666666,in=3/82290 KZT; out=3/78400 KZT; tx=4/5; d=2; недостаточно признаков других ролей,0.17635573038884067,0.08143376716923444,0.05578858913022596,0.0,0.04666423623769596,0.1,0.460242,Оборот 160690 (+0.176); связей 6 (+0.081); seed 1 (+0.056); внешних групп 0 (+0.000); 1–2д 47% (+0.047); цикл +0.10
100000003528285100,3,False,4,4,118870.0,548000.0,5,6,2,2,21000.0,0.17666358206444013,1,0.00040195555454454555,4.6100782367292,True,False,2,False,9,0.2727272727272727,peripheral,0.4,0.6666666666666666,in=4/118870 KZT; out=4/548000 KZT; tx=5/6; d=3; недостаточно признаков других ролей,0.19729251200707032,0.09195094374536363,0.08842282173954807,0.062443449579869886,0.017666358206444015,0.0,0.457776,Оборот 666870 (+0.197); связей 8 (+0.092); seed 2 (+0.088); внешних групп 2 (+0.062); 1–2д 18% (+0.018); цикл +0.00
100000003557488100,3,False,1,2,664992.0,138000.0,3,4,1,0,0.0,0.0,0,0.0005767622131775992,0.20752129348924497,True,False,36,True,5,0.2857142857142857,peripheral,0.4,1.0,in=1/664992 KZT; out=2/138000 KZT; tx=3/4; d=3; недостаточно признаков других ролей,0.20002524867247393,0.058014586277925204,0.05578858913022596,0.0,0.0,0.1,0.413828,Оборот 802992 (+0.200); связей 3 (+0.058); seed 1 (+0.056); внешних групп 0 (+0.000); 1–2д 0% (+0.000); цикл +0.10
100000003561031100,3,False,1,1,13300.0,5000.0,1,1,1,0,0.0,0.0,0,0.00028672196800134107,0.37593984962406013,True,False,8,False,2,0.5,peripheral,0.4,1.0,in=1/13300 KZT; out=1/5000 KZT; tx=1/1; d=3; недостаточно признаков других ролей,0.14439359968420099,0.04597547187268181,0.05578858913022596,0.0,0.0,0.0,0.246158,Оборот 18300 (+0.144); связей 2 (+0.046); seed 1 (+0.056); внешних групп 0 (+0.000); 1–2д 0% (+0.000); цикл +0.00
100000003567087100,1,False,1,0,62115.0,0.0,1,0,1,0,0.0,0.0,0,0.0002969763349974375,0.0,True,False,22,False,1,1.0,terminal,0.55,1.0,in=1/62115 KZT; out=0/0 KZT; tx=1/0; d=1; нет выхода в наблюдаемой выборке,0.1623723150851372,0.029007293138962602,0.05578858913022596,0.0,0.0,0.0,0.247168,Оборот 62115 (+0.162); связей 1 (+0.029); seed 1 (+0.056); внешних групп 0 (+0.000); 1–2д 0% (+0.000); цикл +0.00
100000003568904100,4,False,1,0,49000.0,0.0,1,0,2,0,0.0,0.0,0,0.0005285851738424126,0.0,True,True,12,False,1,1.0,peripheral,0.2,1.0,in=1/49000 KZT; out=0/0 KZT; tx=1/0; d=4; граница выгрузки; роль неизвестна,0.15888318486941783,0.029007293138962602,0.08842282173954807,0.0,0.0,0.0,0.276313,Оборот 49000 (+0.159); связей 1 (+0.029); seed 2 (+0.088); внешних групп 0 (+0.000); 1–2д 0% (+0.000); цикл +0.00
100000003574895100,3,False,1,1,27968.0,20000.0,1,1,2,0,0.0,0.0,0,0.0002856014467871974,0.7151029748283753,True,False,0,False,1,1.0,peripheral,0.4,1.0,in=1/27968 KZT; out=1/20000 KZT; tx=1/1; d=3; недостаточно признаков других ролей,0.1585700300335895,0.04597547187268181,0.08842282173954807,0.0,0.0,0.0,0.292968,Оборот 47968 (+0.159); связей 2 (+0.046); seed 2 (+0.088); внешних групп 0 (+0.000); 1–2д 0% (+0.000); цикл +0.00
100000003581109100,3,False,1,0,42750.0,0.0,1,0,2,0,0.0,0.0,0,0.00028642815715860295,0.0,True,False,0,False,1,1.0,terminal,0.55,1.0,in=1/42750 KZT; out=0/0 KZT; tx=1/0; d=3; нет выхода в наблюдаемой выборке,0.1568757660947718,0.029007293138962602,0.08842282173954807,0.0,0.0,0.0,0.274306,Оборот 42750 (+0.157); связей 1 (+0.029); seed 2 (+0.088); внешних групп 0 (+0.000); 1–2д 0% (+0.000); цикл +0.00
100000003582677100,3,False,2,4,29756.989999999998,56000.0,2,5,1,3,0.0,0.0,0,0.00029170159702816606,1.881910771217116,True,False,2,True,4,0.5714285714285714,peripheral,0.4,0.6666666666666666,in=2/29757 KZT; out=4/56000 KZT; tx=2/5; d=3; недостаточно признаков других ролей,0.16711729844508533,0.08143376716923444,0.05578858913022596,0.07879486051115807,0.0,0.1,0.483135,Оборот 85757 (+0.167); связей 6 (+0.081); seed 1 (+0.056); внешних групп 3 (+0.079); 1–2д 0% (+0.000); цикл +0.10
100000003589877100,1,False,2,6,176000.0,416129.0,2,6,2,2,46555.0,0.26451704545454546,1,0.0003053030553461639,2.364369318181818,True,False,4,False,4,0.5,distributor,0.8,1.0,in=2/176000 KZT; out=6/416129 KZT; tx=2/6; d=1; рассылка многим получателям,0.19554369559664753,0.09195094374536363,0.08842282173954807,0.062443449579869886,0.02645170454545455,0.0,0.464813,Оборот 592129 (+0.196); связей 8 (+0.092); seed 2 (+0.088); внешних групп 2 (+0.062); 1–2д 26% (+0.026); цикл +0.00
100000003594472100,3,False,1,0,20000.0,0.0,1,0,1,0,0.0,0.0,0,0.0002928411484035484,0.0,True,False,36,False,1,1.0,terminal,0.55,1.0,in=1/20000 KZT; out=0/0 KZT; tx=1/0; d=3; нет выхода в наблюдаемой выборке,0.14570041229327152,0.029007293138962602,0.05578858913022596,0.0,0.0,0.0,0.230496,Оборот 20000 (+0.146); связей 1 (+0.029); seed 1 (+0.056); внешних групп 0 (+0.000); 1–2д 0% (+0.000); цикл +0.00
100000003603979100,2,False,1,0,165000.0,0.0,3,0,1,0,0.0,0.0,0,0.0005818108039320985,0.0,True,False,34,False,3,0.3333333333333333,terminal,0.55,1.0,in=1/165000 KZT; out=0/0 KZT; tx=3/0; d=2; нет выхода в наблюдаемой выборке,0.1767451303969459,0.029007293138962602,0.05578858913022596,0.0,0.0,0.0,0.261541,Оборот 165000 (+0.177); связей 1 (+0.029); seed 1 (+0.056); внешних групп 0 (+0.000); 1–2д 0% (+0.000); цикл +0.00
100000003610172100,3,False,1,0,70000.0,0.0,1,0,3,0,0.0,0.0,0,0.0002862871348362421,0.0,True,False,10,False,1,1.0,terminal,0.55,1.0,in=1/70000 KZT; out=0/0 KZT; tx=1/0; d=3; нет выхода в наблюдаемой выборке,0.16413048100875918,0.029007293138962602,0.11157717826045192,0.0,0.0,0.0,0.304715,Оборот 70000 (+0.164); связей 1 (+0.029); seed 3 (+0.112); внешних групп 0 (+0.000); 1–2д 0% (+0.000); цикл +0.00
100000003616818100,1,False,3,3,78000.0,240100.0,4,8,1,0,0.0,0.0,0,0.0005097712786486959,3.0782051282051284,True,False,34,True,9,0.25,peripheral,0.4,1.0,in=3/78000 KZT; out=3/240100 KZT; tx=4/8; d=1; недостаточно признаков других ролей,0.1864023146582487,0.08143376716923444,0.05578858913022596,0.0,0.0,0.1,0.423625,Оборот 318100 (+0.186); связей 6 (+0.081); seed 1 (+0.056); внешних групп 0 (+0.000); 1–2д 0% (+0.000); цикл +0.10
100000003617552100,2,False,1,0,25000.0,0.0,1,0,1,0,0.0,0.0,0,0.0005476914421734971,0.0,True,False,27,False,1,1.0,terminal,0.55,1.0,in=1/25000 KZT; out=0/0 KZT; tx=1/0; d=2; нет выхода в наблюдаемой выборке,0.14898314336993435,0.029007293138962602,0.05578858913022596,0.0,0.0,0.0,0.233779,Оборот 25000 (+0.149); связей 1 (+0.029); seed 1 (+0.056); внешних групп 0 (+0.000); 1–2д 0% (+0.000); цикл +0.00
100000003622955100,4,False,1,0,15000.0,0.0,1,0,2,0,0.0,0.0,0,0.0013203500341842469,0.0,True,True,11,False,1,1.0,peripheral,0.2,1.0,in=1/15000 KZT; out=0/0 KZT; tx=1/0; d=4; граница выгрузки; роль неизвестна,0.14146829138193068,0.029007293138962602,0.08842282173954807,0.0,0.0,0.0,0.258898,Оборот 15000 (+0.141); связей 1 (+0.029); seed 2 (+0.088); внешних групп 0 (+0.000); 1–2д 0% (+0.000); цикл +0.00
100000003626268100,4,False,1,0,5000.0,0.0,1,0,1,0,0.0,0.0,0,0.0005277509580696678,0.0,True,True,8,False,1,1.0,peripheral,0.2,1.0,in=1/5000 KZT; out=0/0 KZT; tx=1/0; d=4; граница выгрузки; роль неизвестна,0.12530751666392811,0.029007293138962602,0.05578858913022596,0.0,0.0,0.0,0.210103,Оборот 5000 (+0.125); связей 1 (+0.029); seed 1 (+0.056); внешних групп 0 (+0.000); 1–2д 0% (+0.000); цикл +0.00
100000003631015100,4,False,1,0,266000.0,0.0,1,0,2,0,0.0,0.0,0,0.0003204795072379388,0.0,True,True,65,False,1,1.0,peripheral,0.2,1.0,in=1/266000 KZT; out=0/0 KZT; tx=1/0; d=4; граница выгрузки; роль неизвестна,0.18377080358570397,0.029007293138962602,0.08842282173954807,0.0,0.0,0.0,0.301201,Оборот 266000 (+0.184); связей 1 (+0.029); seed 2 (+0.088); внешних групп 0 (+0.000); 1–2д 0% (+0.000); цикл +0.00
100000003632533100,4,False,1,0,10000.0,0.0,1,0,3,0,0.0,0.0,0,0.0004262843285899187,0.0,True,True,10,False,1,1.0,peripheral,0.2,1.0,in=1/10000 KZT; out=0/0 KZT; tx=1/0; d=4; граница выгрузки; роль неизвестна,0.13550359676243048,0.029007293138962602,0.11157717826045192,0.0,0.0,0.0,0.276088,Оборот 10000 (+0.136); связей 1 (+0.029); seed 3 (+0.112); внешних групп 0 (+0.000); 1–2д 0% (+0.000); цикл +0.00
100000003635170100,1,False,3,4,268500.0,253500.0,13,10,5,1,64000.0,0.2383612662942272,5,0.0011383484772943791,0.9441340782122905,True,False,53,True,14,0.17391304347826086,peripheral,0.4,1.0,in=3/268500 KZT; out=4/253500 KZT; tx=13/10; d=1; недостаточно признаков других ролей,0.19368915490078004,0.08702187941688781,0.14421141086977404,0.039397430255579034,0.02383612662942272,0.1,0.588156,Оборот 522000 (+0.194); связей 7 (+0.087); seed 5 (+0.144); внешних групп 1 (+0.039); 1–2д 24% (+0.024); цикл +0.10
100000003635660100,3,False,1,0,18985.0,0.0,1,0,2,0,0.0,0.0,0,0.0002889493349001494,0.0,True,False,0,False,1,1.0,terminal,0.55,1.0,in=1/18985 KZT; out=0/0 KZT; tx=1/0; d=3; нет выхода в наблюдаемой выборке,0.1449342076204121,0.029007293138962602,0.08842282173954807,0.0,0.0,0.0,0.262364,Оборот 18985 (+0.145); связей 1 (+0.029); seed 2 (+0.088); внешних групп 0 (+0.000); 1–2д 0% (+0.000); цикл +0.00
100000003636627100,3,False,1,1,77000.0,10000.0,8,1,1,0,0.0,0.0,0,0.0020824455033364524,0.12987012987012986,True,False,41,True,9,0.1111111111111111,peripheral,0.4,1.0,in=1/77000 KZT; out=1/10000 KZT; tx=8/1; d=3; недостаточно признаков других ролей,0.16732900869478762,0.04597547187268181,0.05578858913022596,0.0,0.0,0.1,0.369093,Оборот 87000 (+0.167); связей 2 (+0.046); seed 1 (+0.056); внешних групп 0 (+0.000); 1–2д 0% (+0.000); цикл +0.10
100000003646145100,4,False,1,0,5000.0,0.0,1,0,1,0,0.0,0.0,0,0.0006485333936308688,0.0,True,True,42,False,1,1.0,peripheral,0.2,1.0,in=1/5000 KZT; out=0/0 KZT; tx=1/0; d=4; граница выгрузки; роль неизвестна,0.12530751666392811,0.029007293138962602,0.05578858913022596,0.0,0.0,0.0,0.210103,Оборот 5000 (+0.125); связей 1 (+0.029); seed 1 (+0.056); внешних групп 0 (+0.000); 1–2д 0% (+0.000); цикл +0.00
100000003647799100,3,False,1,0,100000.0,0.0,1,0,3,0,0.0,0.0,0,0.0002872513560824039,0.0,True,False,10,False,1,1.0,terminal,0.55,1.0,in=1/100000 KZT; out=0/0 KZT; tx=1/0; d=3; нет выхода в наблюдаемой выборке,0.16937780416926437,0.029007293138962602,0.11157717826045192,0.0,0.0,0.0,0.309962,Оборот 100000 (+0.169); связей 1 (+0.029); seed 3 (+0.112); внешних групп 0 (+0.000); 1–2д 0% (+0.000); цикл +0.00
100000003650146100,3,False,1,0,14400.0,0.0,1,0,2,0,0.0,0.0,0,0.0002984897159386661,0.0,True,False,16,False,1,1.0,terminal,0.55,1.0,in=1/14400 KZT; out=0/0 KZT; tx=1/0; d=3; нет выхода в наблюдаемой выборке,0.14086776084366492,0.029007293138962602,0.08842282173954807,0.0,0.0,0.0,0.258298,Оборот 14400 (+0.141); связей 1 (+0.029); seed 2 (+0.088); внешних групп 0 (+0.000); 1–2д 0% (+0.000); цикл +0.00
100000003664994100,4,False,1,0,338271.0,0.0,2,0,1,0,0.0,0.0,0,0.00038881925603138445,0.0,True,True,66,False,2,0.5,peripheral,0.2,1.0,in=1/338271 KZT; out=0/0 KZT; tx=2/0; d=4; граница выгрузки; роль неизвестна,0.18730682579034844,0.029007293138962602,0.05578858913022596,0.0,0.0,0.0,0.272103,Оборот 338271 (+0.187); связей 1 (+0.029); seed 1 (+0.056); внешних групп 0 (+0.000); 1–2д 0% (+0.000); цикл +0.00
100000003671721100,3,False,1,0,5000.0,0.0,1,0,1,0,0.0,0.0,0,0.0005553712304891427,0.0,True,False,18,False,1,1.0,terminal,0.55,1.0,in=1/5000 KZT; out=0/0 KZT; tx=1/0; d=3; нет выхода в наблюдаемой выборке,0.12530751666392811,0.029007293138962602,0.05578858913022596,0.0,0.0,0.0,0.210103,Оборот 5000 (+0.125); связей 1 (+0.029); seed 1 (+0.056); внешних групп 0 (+0.000); 1–2д 0% (+0.000); цикл +0.00
100000003677936100,3,False,1,1,71000.0,13000.0,1,2,1,0,0.0,0.0,0,0.000307181104054097,0.18309859154929578,True,False,1,False,2,0.6666666666666666,peripheral,0.4,1.0,in=1/71000 KZT; out=1/13000 KZT; tx=1/2; d=3; недостаточно признаков других ролей,0.16681275276832652,0.04597547187268181,0.05578858913022596,0.0,0.0,0.0,0.268577,Оборот 84000 (+0.167); связей 2 (+0.046); seed 1 (+0.056); внешних групп 0 (+0.000); 1–2д 0% (+0.000); цикл +0.00
100000003684369100,0,True,24,62,3848436.0,8588655.0,58,67,6,9,3458128.0,0.8985800985127465,13,0.002006875179480337,2.2317260830113845,True,False,2,True,16,0.136,coordinator,0.75,1.0,in=24/3848436 KZT; out=62/8588655 KZT; tx=58/67; d=0; связь с 6 seed и 9 внеш. группами,0.24033737114441364,0.18689235066185655,0.1566183702893892,0.1308754304323734,0.0,0.1,0.814724,Оборот 12437091 (+0.240); связей 86 (+0.187); seed 6 (+0.157); внешних групп 9 (+0.131); 1–2д 90% (+0.000); цикл +0.10
100000003692843100,4,False,1,0,510000.0,0.0,2,0,1,0,0.0,0.0,0,0.0005263212183511511,0.0,True,True,54,False,2,0.5,peripheral,0.2,1.0,in=1/510000 KZT; out=0/0 KZT; tx=2/0; d=4; граница выгрузки; роль неизвестна,0.1933470016226279,0.029007293138962602,0.05578858913022596,0.0,0.0,0.0,0.278143,Оборот 510000 (+0.193); связей 1 (+0.029); seed 1 (+0.056); внешних групп 0 (+0.000); 1–2д 0% (+0.000); цикл +0.00
100000003696422100,4,False,1,0,118000.0,0.0,2,0,1,0,0.0,0.0,0,0.0007032347489122751,0.0,True,True,36,False,2,0.5,peripheral,0.2,1.0,in=1/118000 KZT; out=0/0 KZT; tx=2/0; d=4; граница выгрузки; роль неизвестна,0.1718128229238231,0.029007293138962602,0.05578858913022596,0.0,0.0,0.0,0.256609,Оборот 118000 (+0.172); связей 1 (+0.029); seed 1 (+0.056); внешних групп 0 (+0.000); 1–2д 0% (+0.000); цикл +0.00
100000003701161100,1,False,4,3,1527103.0,349000.0,13,7,3,1,255000.0,0.16698284267662364,5,0.001654068206547557,0.22853730232996727,True,False,29,True,14,0.15,peripheral,0.4,1.0,in=4/1527103 KZT; out=3/349000 KZT; tx=13/7; d=1; недостаточно признаков других ролей,0.21250991147800907,0.08702187941688781,0.11157717826045192,0.039397430255579034,0.016698284267662365,0.1,0.567205,Оборот 1876103 (+0.213); связей 7 (+0.087); seed 3 (+0.112); внешних групп 1 (+0.039); 1–2д 17% (+0.017); цикл +0.10
100000003711830100,3,False,1,0,50000.0,0.0,1,0,1,0,0.0,0.0,0,0.00029413007751553574,0.0,True,False,8,False,1,1.0,terminal,0.55,1.0,in=1/50000 KZT; out=0/0 KZT; tx=1/0; d=3; нет выхода в наблюдаемой выборке,0.1591804002131276,0.029007293138962602,0.05578858913022596,0.0,0.0,0.0,0.243976,Оборот 50000 (+0.159); связей 1 (+0.029); seed 1 (+0.056); внешних групп 0 (+0.000); 1–2д 0% (+0.000); цикл +0.00
100000003713616100,1,False,1,0,15893.0,0.0,1,0,2,0,0.0,0.0,0,0.00028573482967385235,0.0,True,False,16,False,1,1.0,terminal,0.55,1.0,in=1/15893 KZT; out=0/0 KZT; tx=1/0; d=1; нет выхода в наблюдаемой выборке,0.14231900752177068,0.029007293138962602,0.08842282173954807,0.0,0.0,0.0,0.259749,Оборот 15893 (+0.142); связей 1 (+0.029); seed 2 (+0.088); внешних групп 0 (+0.000); 1–2д 0% (+0.000); цикл +0.00
100000003718221100,2,False,2,4,350000.0,423500.0,6,8,2,0,90000.0,0.2571428571428571,3,0.0010463016621024604,1.21,True,False,29,True,11,0.21428571428571427,peripheral,0.4,0.6666666666666666,in=2/350000 KZT; out=4/423500 KZT; tx=6/8; d=2; недостаточно признаков других ролей,0.19947474148063027,0.08143376716923444,0.08842282173954807,0.0,0.025714285714285714,0.1,0.495046,Оборот 773500 (+0.199); связей 6 (+0.081); seed 2 (+0.088); внешних групп 0 (+0.000); 1–2д 26% (+0.026); цикл +0.10
100000003718715100,4,False,1,0,915000.0,0.0,3,0,1,0,0.0,0.0,0,0.0005720413193883672,0.0,True,True,12,False,3,0.3333333333333333,peripheral,0.2,1.0,in=1/915000 KZT; out=0/0 KZT; tx=3/0; d=4; граница выгрузки; роль неизвестна,0.20194632359943682,0.029007293138962602,0.05578858913022596,0.0,0.0,0.0,0.286742,Оборот 915000 (+0.202); связей 1 (+0.029); seed 1 (+0.056); внешних групп 0 (+0.000); 1–2д 0% (+0.000); цикл +0.00
100000003724440100,2,False,2,0,50000.0,0.0,2,0,4,1,0.0,0.0,0,0.00030639822032189765,0.0,True,False,2,False,2,0.5,terminal,0.55,1.0,in=2/50000 KZT; out=0/0 KZT; tx=2/0; d=2; нет выхода в наблюдаемой выборке,0.1591804002131276,0.04597547187268181,0.12953709247559939,0.039397430255579034,0.0,0.0,0.37409,Оборот 50000 (+0.159); связей 2 (+0.046); seed 4 (+0.130); внешних групп 1 (+0.039); 1–2д 0% (+0.000); цикл +0.00
100000003736419100,3,False,1,1,23300.0,10000.0,1,1,2,0,0.0,0.0,0,0.00029006576862093946,0.4291845493562232,True,False,0,False,1,1.0,peripheral,0.4,1.0,in=1/23300 KZT; out=1/10000 KZT; tx=1/1; d=3; недостаточно признаков других ролей,0.15320064347636925,0.04597547187268181,0.08842282173954807,0.0,0.0,0.0,0.287599,Оборот 33300 (+0.153); связей 2 (+0.046); seed 2 (+0.088); внешних групп 0 (+0.000); 1–2д 0% (+0.000); цикл +0.00
100000003739818100,1,False,1,0,57293.0,0.0,1,0,4,0,0.0,0.0,0,0.00029541658908912303,0.0,True,False,2,False,1,1.0,terminal,0.55,1.0,in=1/57293 KZT; out=0/0 KZT; tx=1/0; d=1; нет выхода в наблюдаемой выборке,0.16118347575085626,0.029007293138962602,0.12953709247559939,0.0,0.0,0.0,0.319728,Оборот 57293 (+0.161); связей 1 (+0.029); seed 4 (+0.130); внешних групп 0 (+0.000); 1–2д 0% (+0.000); цикл +0.00
100000003741418100,2,False,9,3,151900.0,39920.0,13,3,3,1,0.0,0.0,0,0.0006286085242842496,0.2628044766293614,True,False,10,True,11,0.125,consolidator,0.75,1.0,in=9/151900 KZT; out=3/39920 KZT; tx=13/3; d=2; сбор; выход 26% наблюдаемого входа,0.17896091449002663,0.10733973964717881,0.11157717826045192,0.039397430255579034,0.0,0.1,0.537275,Оборот 191820 (+0.179); связей 12 (+0.107); seed 3 (+0.112); внешних групп 1 (+0.039); 1–2д 0% (+0.000); цикл +0.10
100000003747133100,2,False,5,2,237068.0,250000.0,8,2,3,3,21157.0,0.08924443619552196,1,0.0003759167065535796,1.0545497494389795,True,False,57,False,8,0.2,peripheral,0.4,1.0,in=5/237068 KZT; out=2/250000 KZT; tx=8/2; d=2; недостаточно признаков других ролей,0.19267015026931794,0.08702187941688781,0.11157717826045192,0.07879486051115807,0.008924443619552197,0.0,0.478989,Оборот 487068 (+0.193); связей 7 (+0.087); seed 3 (+0.112); внешних групп 3 (+0.079); 1–2д 9% (+0.009); цикл +0.00
100000003760160100,3,False,1,0,104470.0,0.0,1,0,3,0,0.0,0.0,0,0.000287395025048082,0.0,True,False,10,False,1,1.0,terminal,0.55,1.0,in=1/104470 KZT; out=0/0 KZT; tx=1/0; d=3; нет выхода в наблюдаемой выборке,0.17002114823743947,0.029007293138962602,0.11157717826045192,0.0,0.0,0.0,0.310606,Оборот 104470 (+0.170); связей 1 (+0.029); seed 3 (+0.112); внешних групп 0 (+0.000); 1–2д 0% (+0.000); цикл +0.00
100000003770083100,0,True,0,0,0.0,0.0,0,0,0,0,0.0,0.0,0,0.0002840372852618645,0.0,False,False,67,False,0,0.0,peripheral,0.3,1.0,in=0/0 KZT; out=0/0 KZT; tx=0/0; d=0; нет наблюдаемых связей,0.0,0.0,0.0,0.0,0.0,0.0,0.0,Оборот 0 (+0.000); связей 0 (+0.000); seed 0 (+0.000); внешних групп 0 (+0.000); 1–2д 0% (+0.000); цикл +0.00
100000003781406100,3,False,1,0,45000.0,0.0,2,0,2,0,0.0,0.0,0,0.0007181143023301455,0.0,True,False,7,False,1,1.0,terminal,0.55,1.0,in=1/45000 KZT; out=0/0 KZT; tx=2/0; d=3; нет выхода в наблюдаемой выборке,0.15763037359693888,0.029007293138962602,0.08842282173954807,0.0,0.0,0.0,0.27506,Оборот 45000 (+0.158); связей 1 (+0.029); seed 2 (+0.088); внешних групп 0 (+0.000); 1–2д 0% (+0.000); цикл +0.00
100000003782913100,4,False,1,0,200000.0,0.0,1,0,1,0,0.0,0.0,0,0.0002977852527914936,0.0,True,True,40,False,1,1.0,peripheral,0.2,1.0,in=1/200000 KZT; out=0/0 KZT; tx=1/0; d=4; граница выгрузки; роль неизвестна,0.17957528168352788,0.029007293138962602,0.05578858913022596,0.0,0.0,0.0,0.264371,Оборот 200000 (+0.180); связей 1 (+0.029); seed 1 (+0.056); внешних групп 0 (+0.000); 1–2д 0% (+0.000); цикл +0.00
100000003786516100,4,False,1,0,5000.0,0.0,1,0,3,0,0.0,0.0,0,0.00029157773449661403,0.0,True,True,0,False,1,1.0,peripheral,0.2,1.0,in=1/5000 KZT; out=0/0 KZT; tx=1/0; d=4; граница выгрузки; роль неизвестна,0.12530751666392811,0.029007293138962602,0.11157717826045192,0.0,0.0,0.0,0.265892,Оборот 5000 (+0.125); связей 1 (+0.029); seed 3 (+0.112); внешних групп 0 (+0.000); 1–2д 0% (+0.000); цикл +0.00
100000003792647100,4,False,1,0,8000.0,0.0,1,0,3,0,0.0,0.0,0,0.00039783491992430786,0.0,True,True,10,False,1,1.0,peripheral,0.2,1.0,in=1/8000 KZT; out=0/0 KZT; tx=1/0; d=4; граница выгрузки; роль неизвестна,0.13222108633036048,0.029007293138962602,0.11157717826045192,0.0,0.0,0.0,0.272806,Оборот 8000 (+0.132); связей 1 (+0.029); seed 3 (+0.112); внешних групп 0 (+0.000); 1–2д 0% (+0.000); цикл +0.00
100000003795588100,3,False,1,0,400000.0,0.0,2,0,1,0,0.0,0.0,0,0.00031924032621986626,0.0,True,False,0,False,1,1.0,terminal,0.55,1.0,in=1/400000 KZT; out=0/0 KZT; tx=2/0; d=3; нет выхода в наблюдаемой выборке,0.1897727959772685,0.029007293138962602,0.05578858913022596,0.0,0.0,0.0,0.274569,Оборот 400000 (+0.190); связей 1 (+0.029); seed 1 (+0.056); внешних групп 0 (+0.000); 1–2д 0% (+0.000); цикл +0.00
100000003796063100,3,False,1,15,35000.0,959150.0,1,23,1,6,0.0,0.0,0,0.000680852592156424,27.404285714285713,True,False,10,True,11,0.20833333333333334,distributor,0.8,1.0,in=1/35000 KZT; out=15/959150 KZT; tx=1/23; d=3; рассылка многим получателям,0.20316688558824367,0.11856623283076556,0.05578858913022596,0.11060256974442097,0.0,0.1,0.588124,Оборот 994150 (+0.203); связей 16 (+0.119); seed 1 (+0.056); внешних групп 6 (+0.111); 1–2д 0% (+0.000); цикл +0.10
100000003798151100,2,False,1,0,350000.0,0.0,3,0,1,0,0.0,0.0,0,0.0005719003721335505,0.0,True,False,16,False,3,0.3333333333333333,terminal,0.55,1.0,in=1/350000 KZT; out=0/0 KZT; tx=3/0; d=2; нет выхода в наблюдаемой выборке,0.18780829321014983,0.029007293138962602,0.05578858913022596,0.0,0.0,0.0,0.272604,Оборот 350000 (+0.188); связей 1 (+0.029); seed 1 (+0.056); внешних групп 0 (+0.000); 1–2д 0% (+0.000); цикл +0.00
100000003809101100,1,False,2,2,166050.0,55200.0,3,4,5,1,10000.0,0.06022282445046673,1,0.0003599223433557246,0.3324299909665763,True,False,11,True,5,0.42857142857142855,peripheral,0.4,1.0,in=2/166050 KZT; out=2/55200 KZT; tx=3/4; d=1; недостаточно признаков других ролей,0.18106082790811176,0.06735284889599069,0.14421141086977404,0.039397430255579034,0.0060222824450466735,0.1,0.538045,Оборот 221250 (+0.181); связей 4 (+0.067); seed 5 (+0.144); внешних групп 1 (+0.039); 1–2д 6% (+0.006); цикл +0.10
100000003814002100,3,False,1,0,30000.0,0.0,1,0,3,0,0.0,0.0,0,0.00028500150650802633,0.0,True,False,10,False,1,1.0,terminal,0.55,1.0,in=1/30000 KZT; out=0/0 KZT; tx=1/0; d=3; нет выхода в наблюдаемой выборке,0.15166535208139753,0.029007293138962602,0.11157717826045192,0.0,0.0,0.0,0.29225,Оборот 30000 (+0.152); связей 1 (+0.029); seed 3 (+0.112); внешних групп 0 (+0.000); 1–2д 0% (+0.000); цикл +0.00
100000003819173100,4,False,1,0,143777.0,0.0,1,0,1,0,0.0,0.0,0,0.00029361266349004454,0.0,True,True,8,False,1,1.0,peripheral,0.2,1.0,in=1/143777 KZT; out=0/0 KZT; tx=1/0; d=4; граница выгрузки; роль неизвестна,0.17471957219165382,0.029007293138962602,0.05578858913022596,0.0,0.0,0.0,0.259515,Оборот 143777 (+0.175); связей 1 (+0.029); seed 1 (+0.056); внешних групп 0 (+0.000); 1–2д 0% (+0.000); цикл +0.00
100000003823811100,2,False,1,3,30000.0,66130.0,1,3,3,1,0.0,0.0,0,0.0003548314369043891,2.2043333333333335,True,False,49,False,4,0.25,peripheral,0.4,1.0,in=1/30000 KZT; out=3/66130 KZT; tx=1/3; d=2; недостаточно признаков других ролей,0.16879714765383155,0.06735284889599069,0.11157717826045192,0.039397430255579034,0.0,0.0,0.387125,Оборот 96130 (+0.169); связей 4 (+0.067); seed 3 (+0.112); внешних групп 1 (+0.039); 1–2д 0% (+0.000); цикл +0.00
100000003824464100,2,False,1,0,200000.0,0.0,1,0,1,0,0.0,0.0,0,0.00032146089918725116,0.0,True,False,29,False,1,1.0,terminal,0.55,1.0,in=1/200000 KZT; out=0/0 KZT; tx=1/0; d=2; нет выхода в наблюдаемой выборке,0.17957528168352788,0.029007293138962602,0.05578858913022596,0.0,0.0,0.0,0.264371,Оборот 200000 (+0.180); связей 1 (+0.029); seed 1 (+0.056); внешних групп 0 (+0.000); 1–2д 0% (+0.000); цикл +0.00
100000003831201100,2,False,1,0,40500.0,0.0,3,0,2,0,0.0,0.0,0,0.0005311624825254103,0.0,True,False,0,False,3,0.3333333333333333,terminal,0.55,1.0,in=1/40500 KZT; out=0/0 KZT; tx=3/0; d=2; нет выхода в наблюдаемой выборке,0.15608035061317005,0.029007293138962602,0.08842282173954807,0.0,0.0,0.0,0.27351,Оборот 40500 (+0.156); связей 1 (+0.029); seed 2 (+0.088); внешних групп 0 (+0.000); 1–2д 0% (+0.000); цикл +0.00
100000003831324100,1,False,2,0,300000.0,0.0,2,0,3,1,0.0,0.0,0,0.0003134703057249809,0.0,True,False,1,False,2,0.5,terminal,0.55,1.0,in=2/300000 KZT; out=0/0 KZT; tx=2/0; d=1; нет выхода в наблюдаемой выборке,0.1855404421408853,0.04597547187268181,0.11157717826045192,0.039397430255579034,0.0,0.0,0.382491,Оборот 300000 (+0.186); связей 2 (+0.046); seed 3 (+0.112); внешних групп 1 (+0.039); 1–2д 0% (+0.000); цикл +0.00
100000003832231100,1,False,1,0,35000.0,0.0,1,0,4,0,0.0,0.0,0,0.00029098884363643117,0.0,True,False,2,False,1,1.0,terminal,0.55,1.0,in=1/35000 KZT; out=0/0 KZT; tx=1/0; d=1; нет выхода в наблюдаемой выборке,0.1539331401015672,0.029007293138962602,0.12953709247559939,0.0,0.0,0.0,0.312478,Оборот 35000 (+0.154); связей 1 (+0.029); seed 4 (+0.130); внешних групп 0 (+0.000); 1–2д 0% (+0.000); цикл +0.00
100000003834495100,3,False,3,1,602441.0,20000.0,5,1,2,0,20000.0,0.0331982716979754,1,0.0006169955168182206,0.0331982716979754,True,False,0,False,4,0.3333333333333333,consolidator,0.75,0.6666666666666666,in=3/602441 KZT; out=1/20000 KZT; tx=5/1; d=3; сбор; выход 3% наблюдаемого входа,0.19627817892431096,0.06735284889599069,0.08842282173954807,0.0,0.00331982716979754,0.0,0.355374,Оборот 622441 (+0.196); связей 4 (+0.067); seed 2 (+0.088); внешних групп 0 (+0.000); 1–2д 3% (+0.003); цикл +0.00
100000003835149100,1,False,1,2,248500.0,4600440.0,1,13,1,0,0.0,0.0,0,0.0004860432636493103,18.512837022132796,True,False,21,False,12,0.14285714285714285,peripheral,0.4,1.0,in=1/248500 KZT; out=2/4600440 KZT; tx=1/13; d=1; недостаточно признаков других ролей,0.22647984155173545,0.058014586277925204,0.05578858913022596,0.0,0.0,0.0,0.340283,Оборот 4848940 (+0.226); связей 3 (+0.058); seed 1 (+0.056); внешних групп 0 (+0.000); 1–2д 0% (+0.000); цикл +0.00
100000003838587100,4,False,1,0,6000.0,0.0,1,0,1,0,0.0,0.0,0,0.0005518064618690174,0.0,True,True,40,False,1,1.0,peripheral,0.2,1.0,in=1/6000 KZT; out=0/0 KZT; tx=1/0; d=4; граница выгрузки; роль неизвестна,0.12798933314284874,0.029007293138962602,0.05578858913022596,0.0,0.0,0.0,0.212785,Оборот 6000 (+0.128); связей 1 (+0.029); seed 1 (+0.056); внешних групп 0 (+0.000); 1–2д 0% (+0.000); цикл +0.00
100000003843844100,3,False,1,1,16680.0,238000.0,1,1,3,0,0.0,0.0,0,0.0002901658446771941,14.268585131894485,True,False,12,False,2,0.5,peripheral,0.4,1.0,in=1/16680 KZT; out=1/238000 KZT; tx=1/1; d=3; недостаточно признаков других ролей,0.183131005811887,0.04597547187268181,0.11157717826045192,0.0,0.0,0.0,0.340684,Оборот 254680 (+0.183); связей 2 (+0.046); seed 3 (+0.112); внешних групп 0 (+0.000); 1–2д 0% (+0.000); цикл +0.00
100000003854444100,2,False,1,14,210000.0,2322909.0,4,14,1,2,160000.0,0.7619047619047619,3,0.0004640393990842719,11.061471428571428,True,False,43,True,10,0.2777777777777778,distributor,0.8,1.0,in=1/210000 KZT; out=14/2322909 KZT; tx=4/14; d=2; рассылка многим получателям,0.21692602227081512,0.11602917255585041,0.05578858913022596,0.062443449579869886,0.0761904761904762,0.1,0.627378,Оборот 2532909 (+0.217); связей 15 (+0.116); seed 1 (+0.056); внешних групп 2 (+0.062); 1–2д 76% (+0.076); цикл +0.10
100000003865939100,1,False,1,0,81465.0,0.0,1,0,1,0,0.0,0.0,0,0.0005254689777410252,0.0,True,False,68,False,1,1.0,terminal,0.55,1.0,in=1/81465 KZT; out=0/0 KZT; tx=1/0; d=1; нет выхода в наблюдаемой выборке,0.16636193505092062,0.029007293138962602,0.05578858913022596,0.0,0.0,0.0,0.251158,Оборот 81465 (+0.166); связей 1 (+0.029); seed 1 (+0.056); внешних групп 0 (+0.000); 1–2д 0% (+0.000); цикл +0.00
100000003873332100,1,False,1,4,23468.0,286000.0,1,8,1,1,0.0,0.0,0,0.00028840674818934403,12.186807567751833,True,False,43,True,9,0.1111111111111111,peripheral,0.4,0.6666666666666666,in=1/23468 KZT; out=4/286000 KZT; tx=1/8; d=1; недостаточно признаков других ролей,0.18599757377872758,0.0749827650116444,0.05578858913022596,0.039397430255579034,0.0,0.1,0.456166,Оборот 309468 (+0.186); связей 5 (+0.075); seed 1 (+0.056); внешних групп 1 (+0.039); 1–2д 0% (+0.000); цикл +0.10
100000003877908100,1,False,1,0,40000.0,0.0,1,0,4,0,0.0,0.0,0,0.0002919819234042264,0.0,True,False,2,False,1,1.0,terminal,0.55,1.0,in=1/40000 KZT; out=0/0 KZT; tx=1/0; d=1; нет выхода в наблюдаемой выборке,0.15589759558164798,0.029007293138962602,0.12953709247559939,0.0,0.0,0.0,0.314442,Оборот 40000 (+0.156); связей 1 (+0.029); seed 4 (+0.130); внешних групп 0 (+0.000); 1–2д 0% (+0.000); цикл +0.00
100000003880331100,3,False,1,16,100000.0,3904908.0,1,31,1,5,100000.0,1.0,1,0.0003059555958201582,39.04908,True,False,8,True,8,0.25,distributor,0.8,1.0,in=1/100000 KZT; out=16/3904908 KZT; tx=1/31; d=3; рассылка многим получателям,0.2236663347858617,0.1209582368843262,0.05578858913022596,0.10184087983544891,0.1,0.1,0.702254,Оборот 4004908 (+0.224); связей 17 (+0.121); seed 1 (+0.056); внешних групп 5 (+0.102); 1–2д 100% (+0.100); цикл +0.10
100000003886323100,1,False,2,1,78168.0,7650.0,6,1,2,0,0.0,0.0,0,0.0018965814533023454,0.09786613447958244,True,False,16,True,6,0.2857142857142857,peripheral,0.4,1.0,in=2/78168 KZT; out=1/7650 KZT; tx=6/1; d=1; недостаточно признаков других ролей,0.16712776111255065,0.058014586277925204,0.08842282173954807,0.0,0.0,0.1,0.413565,Оборот 85818 (+0.167); связей 3 (+0.058); seed 2 (+0.088); внешних групп 0 (+0.000); 1–2д 0% (+0.000); цикл +0.10
100000003888197100,3,False,1,0,83167.0,0.0,1,0,3,0,0.0,0.0,0,0.0002867103315411825,0.0,True,False,10,False,1,1.0,terminal,0.55,1.0,in=1/83167 KZT; out=0/0 KZT; tx=1/0; d=3; нет выхода в наблюдаемой выборке,0.16666613274806794,0.029007293138962602,0.11157717826045192,0.0,0.0,0.0,0.307251,Оборот 83167 (+0.167); связей 1 (+0.029); seed 3 (+0.112); внешних групп 0 (+0.000); 1–2д 0% (+0.000); цикл +0.00
100000003888271100,1,False,1,2,12177.0,25590.0,2,3,1,0,6600.0,0.5420054200542005,1,0.0002898032142686815,2.10150283321015,True,False,23,True,5,0.2,peripheral,0.4,1.0,in=1/12177 KZT; out=2/25590 KZT; tx=2/3; d=1; недостаточно признаков других ролей,0.15505250740381843,0.058014586277925204,0.05578858913022596,0.0,0.05420054200542005,0.1,0.423056,Оборот 37767 (+0.155); связей 3 (+0.058); seed 1 (+0.056); внешних групп 0 (+0.000); 1–2д 54% (+0.054); цикл +0.10
100000003888527100,3,False,1,0,30000.0,0.0,1,0,1,0,0.0,0.0,0,0.0003645480462004548,0.0,True,False,66,False,1,1.0,terminal,0.55,1.0,in=1/30000 KZT; out=0/0 KZT; tx=1/0; d=3; нет выхода в наблюдаемой выборке,0.15166535208139753,0.029007293138962602,0.05578858913022596,0.0,0.0,0.0,0.236461,Оборот 30000 (+0.152); связей 1 (+0.029); seed 1 (+0.056); внешних групп 0 (+0.000); 1–2д 0% (+0.000); цикл +0.00
100000003896956100,3,False,1,1,10000.0,27000.0,1,2,2,0,10000.0,1.0,1,0.00028701275014009843,2.7,True,False,16,False,3,0.3333333333333333,peripheral,0.4,1.0,in=1/10000 KZT; out=1/27000 KZT; tx=1/2; d=3; недостаточно признаков других ролей,0.15475065860631537,0.04597547187268181,0.08842282173954807,0.0,0.1,0.0,0.389149,Оборот 37000 (+0.155); связей 2 (+0.046); seed 2 (+0.088); внешних групп 0 (+0.000); 1–2д 100% (+0.100); цикл +0.00
100000003899325100,3,False,1,0,50120.0,0.0,1,0,1,0,0.0,0.0,0,0.00029502274251368127,0.0,True,False,8,False,1,1.0,terminal,0.55,1.0,in=1/50120 KZT; out=0/0 KZT; tx=1/0; d=3; нет выхода в наблюдаемой выборке,0.15921566590116615,0.029007293138962602,0.05578858913022596,0.0,0.0,0.0,0.244012,Оборот 50120 (+0.159); связей 1 (+0.029); seed 1 (+0.056); внешних групп 0 (+0.000); 1–2д 0% (+0.000); цикл +0.00
100000003899899100,3,False,2,1,218500.0,10000.0,5,1,2,0,10000.0,0.04576659038901602,1,0.0006499475509239589,0.04576659038901602,True,False,16,False,5,0.3333333333333333,peripheral,0.4,1.0,in=2/218500 KZT; out=1/10000 KZT; tx=5/1; d=3; недостаточно признаков других ролей,0.18153518232522284,0.058014586277925204,0.08842282173954807,0.0,0.004576659038901602,0.0,0.332549,Оборот 228500 (+0.182); связей 3 (+0.058); seed 2 (+0.088); внешних групп 0 (+0.000); 1–2д 5% (+0.005); цикл +0.00
100000003900547100,1,False,1,0,23700.0,0.0,1,0,2,0,0.0,0.0,0,0.0002865687017700198,0.0,True,False,16,False,1,1.0,terminal,0.55,1.0,in=1/23700 KZT; out=0/0 KZT; tx=1/0; d=1; нет выхода в наблюдаемой выборке,0.14819754575104926,0.029007293138962602,0.08842282173954807,0.0,0.0,0.0,0.265628,Оборот 23700 (+0.148); связей 1 (+0.029); seed 2 (+0.088); внешних групп 0 (+0.000); 1–2д 0% (+0.000); цикл +0.00
100000003904497100,4,False,1,0,10000.0,0.0,1,0,2,0,0.0,0.0,0,0.00033934306450137883,0.0,True,True,4,False,1,1.0,peripheral,0.2,1.0,in=1/10000 KZT; out=0/0 KZT; tx=1/0; d=4; граница выгрузки; роль неизвестна,0.13550359676243048,0.029007293138962602,0.08842282173954807,0.0,0.0,0.0,0.252934,Оборот 10000 (+0.136); связей 1 (+0.029); seed 2 (+0.088); внешних групп 0 (+0.000); 1–2д 0% (+0.000); цикл +0.00
100000003917461100,3,False,1,2,10000.0,140000.0,1,5,2,0,0.0,0.0,0,0.00039672520629315905,14.0,True,False,7,True,5,0.3333333333333333,peripheral,0.4,1.0,in=1/10000 KZT; out=2/140000 KZT; tx=1/5; d=3; недостаточно признаков других ролей,0.17534294010700102,0.058014586277925204,0.08842282173954807,0.0,0.0,0.1,0.42178,Оборот 150000 (+0.175); связей 3 (+0.058); seed 2 (+0.088); внешних групп 0 (+0.000); 1–2д 0% (+0.000); цикл +0.10
100000003920950100,3,False,1,0,323290.0,0.0,1,0,1,0,0.0,0.0,0,0.00038941989339342587,0.0,True,False,1,False,1,1.0,terminal,0.55,1.0,in=1/323290 KZT; out=0/0 KZT; tx=1/0; d=3; нет выхода в наблюдаемой выборке,0.18664041154777875,0.029007293138962602,0.05578858913022596,0.0,0.0,0.0,0.271436,Оборот 323290 (+0.187); связей 1 (+0.029); seed 1 (+0.056); внешних групп 0 (+0.000); 1–2д 0% (+0.000); цикл +0.00
100000003922499100,2,False,1,0,50000.0,0.0,1,0,1,0,0.0,0.0,0,0.0005320697880817328,0.0,True,False,7,False,1,1.0,terminal,0.55,1.0,in=1/50000 KZT; out=0/0 KZT; tx=1/0; d=2; нет выхода в наблюдаемой выборке,0.1591804002131276,0.029007293138962602,0.05578858913022596,0.0,0.0,0.0,0.243976,Оборот 50000 (+0.159); связей 1 (+0.029); seed 1 (+0.056); внешних групп 0 (+0.000); 1–2д 0% (+0.000); цикл +0.00
100000003923946100,1,False,1,4,282000.0,675000.0,3,4,2,0,120000.0,0.425531914893617,2,0.0003871803194010051,2.393617021276596,True,False,41,True,3,0.42857142857142855,peripheral,0.4,0.6666666666666666,in=1/282000 KZT; out=4/675000 KZT; tx=3/4; d=1; недостаточно признаков других ролей,0.20260658558211248,0.0749827650116444,0.08842282173954807,0.0,0.04255319148936171,0.1,0.508565,Оборот 957000 (+0.203); связей 5 (+0.075); seed 2 (+0.088); внешних групп 0 (+0.000); 1–2д 43% (+0.043); цикл +0.10
100000003927792100,2,False,1,0,13067.0,0.0,1,0,3,0,0.0,0.0,0,0.0002881623439689048,0.0,True,False,3,False,1,1.0,terminal,0.55,1.0,in=1/13067 KZT; out=0/0 KZT; tx=1/0; d=2; нет выхода в наблюдаемой выборке,0.13943877153164091,0.029007293138962602,0.11157717826045192,0.0,0.0,0.0,0.280023,Оборот 13067 (+0.139); связей 1 (+0.029); seed 3 (+0.112); внешних групп 0 (+0.000); 1–2д 0% (+0.000); цикл +0.00
100000003934614100,3,False,2,1,17000.0,11500.0,2,2,1,0,6000.0,0.35294117647058826,1,0.0003117110553553541,0.6764705882352942,True,False,62,True,3,0.5,peripheral,0.4,1.0,in=2/17000 KZT; out=1/11500 KZT; tx=2/2; d=3; недостаточно признаков других ролей,0.1509107531822232,0.058014586277925204,0.05578858913022596,0.0,0.03529411764705883,0.1,0.400008,Оборот 28500 (+0.151); связей 3 (+0.058); seed 1 (+0.056); внешних групп 0 (+0.000); 1–2д 35% (+0.035); цикл +0.10
100000003942602100,1,False,1,1,30000.0,30000.0,1,1,1,0,0.0,0.0,0,0.00029028652444832814,1.0,True,False,22,True,1,1.0,peripheral,0.4,1.0,in=1/30000 KZT; out=1/30000 KZT; tx=1/1; d=1; недостаточно признаков других ролей,0.16186265796174829,0.04597547187268181,0.05578858913022596,0.0,0.0,0.1,0.363627,Оборот 60000 (+0.162); связей 2 (+0.046); seed 1 (+0.056); внешних групп 0 (+0.000); 1–2д 0% (+0.000); цикл +0.10
100000003943247100,3,False,1,0,40000.0,0.0,1,0,2,0,0.0,0.0,0,0.0002862743583816197,0.0,True,False,0,False,1,1.0,terminal,0.55,1.0,in=1/40000 KZT; out=0/0 KZT; tx=1/0; d=3; нет выхода в наблюдаемой выборке,0.15589759558164798,0.029007293138962602,0.08842282173954807,0.0,0.0,0.0,0.273328,Оборот 40000 (+0.156); связей 1 (+0.029); seed 2 (+0.088); внешних групп 0 (+0.000); 1–2д 0% (+0.000); цикл +0.00
100000003943483100,2,False,1,0,10000.0,0.0,1,0,2,0,0.0,0.0,0,0.0003271453432826577,0.0,True,False,7,False,1,1.0,terminal,0.55,1.0,in=1/10000 KZT; out=0/0 KZT; tx=1/0; d=2; нет выхода в наблюдаемой выборке,0.13550359676243048,0.029007293138962602,0.08842282173954807,0.0,0.0,0.0,0.252934,Оборот 10000 (+0.136); связей 1 (+0.029); seed 2 (+0.088); внешних групп 0 (+0.000); 1–2д 0% (+0.000); цикл +0.00
100000003946524100,1,False,2,2,133757.0,144750.0,2,2,4,0,0.0,0.0,0,0.00032422406050185127,1.0821863528637754,True,False,2,True,4,0.25,peripheral,0.4,1.0,in=2/133757 KZT; out=2/144750 KZT; tx=2/2; d=1; недостаточно признаков других ролей,0.18444676966792628,0.06735284889599069,0.12953709247559939,0.0,0.0,0.1,0.481337,Оборот 278507 (+0.184); связей 4 (+0.067); seed 4 (+0.130); внешних групп 0 (+0.000); 1–2д 0% (+0.000); цикл +0.10
100000003950749100,4,False,1,0,7000.0,0.0,1,0,1,0,0.0,0.0,0,0.0003818013750934523,0.0,True,True,16,False,1,1.0,peripheral,0.2,1.0,in=1/7000 KZT; out=0/0 KZT; tx=1/0; d=4; граница выгрузки; роль неизвестна,0.13025684098731208,0.029007293138962602,0.05578858913022596,0.0,0.0,0.0,0.215053,Оборот 7000 (+0.130); связей 1 (+0.029); seed 1 (+0.056); внешних групп 0 (+0.000); 1–2д 0% (+0.000); цикл +0.00
100000003951827100,3,False,1,2,9000.0,17000.0,1,2,2,1,0.0,0.0,0,0.00028454062671380944,1.8888888888888888,True,False,0,False,3,0.3333333333333333,peripheral,0.4,1.0,in=1/9000 KZT; out=2/17000 KZT; tx=1/2; d=3; недостаточно признаков других ролей,0.1495601341574777,0.058014586277925204,0.08842282173954807,0.039397430255579034,0.0,0.0,0.335395,Оборот 26000 (+0.150); связей 3 (+0.058); seed 2 (+0.088); внешних групп 1 (+0.039); 1–2д 0% (+0.000); цикл +0.00
100000003962994100,3,False,1,0,10000.0,0.0,1,0,1,0,0.0,0.0,0,0.000478279565160114,0.0,True,False,19,False,1,1.0,terminal,0.55,1.0,in=1/10000 KZT; out=0/0 KZT; tx=1/0; d=3; нет выхода в наблюдаемой выборке,0.13550359676243048,0.029007293138962602,0.05578858913022596,0.0,0.0,0.0,0.220299,Оборот 10000 (+0.136); связей 1 (+0.029); seed 1 (+0.056); внешних групп 0 (+0.000); 1–2д 0% (+0.000); цикл +0.00
100000003964910100,3,False,2,0,1000000.0,0.0,2,0,1,0,0.0,0.0,0,0.0005062073296796822,0.0,True,False,28,False,1,1.0,terminal,0.55,1.0,in=2/1000000 KZT; out=0/0 KZT; tx=2/0; d=3; нет выхода в наблюдаемой выборке,0.20325320317247259,0.04597547187268181,0.05578858913022596,0.0,0.0,0.0,0.305017,Оборот 1000000 (+0.203); связей 2 (+0.046); seed 1 (+0.056); внешних групп 0 (+0.000); 1–2д 0% (+0.000); цикл +0.00
100000003968044100,3,False,1,3,40000.0,311000.0,1,4,2,2,0.0,0.0,0,0.0002943866129169288,7.775,True,False,8,True,5,0.2,peripheral,0.4,1.0,in=1/40000 KZT; out=3/311000 KZT; tx=1/4; d=3; недостаточно признаков других ролей,0.18785026731676435,0.06735284889599069,0.08842282173954807,0.062443449579869886,0.0,0.1,0.506069,Оборот 351000 (+0.188); связей 4 (+0.067); seed 2 (+0.088); внешних групп 2 (+0.062); 1–2д 0% (+0.000); цикл +0.10
100000003970394100,1,False,1,0,85000.0,0.0,1,0,1,0,0.0,0.0,0,0.00029805144704291513,0.0,True,False,7,False,1,1.0,terminal,0.55,1.0,in=1/85000 KZT; out=0/0 KZT; tx=1/0; d=1; нет выхода в наблюдаемой выборке,0.16698685873233457,0.029007293138962602,0.05578858913022596,0.0,0.0,0.0,0.251783,Оборот 85000 (+0.167); связей 1 (+0.029); seed 1 (+0.056); внешних групп 0 (+0.000); 1–2д 0% (+0.000); цикл +0.00
100000003971049100,2,False,1,0,55900.0,0.0,7,0,2,0,0.0,0.0,0,0.00029267420403945475,0.0,True,False,0,False,7,0.14285714285714285,terminal,0.55,1.0,in=1/55900 KZT; out=0/0 KZT; tx=7/0; d=2; нет выхода в наблюдаемой выборке,0.16082136099579866,0.029007293138962602,0.08842282173954807,0.0,0.0,0.0,0.278251,Оборот 55900 (+0.161); связей 1 (+0.029); seed 2 (+0.088); внешних групп 0 (+0.000); 1–2д 0% (+0.000); цикл +0.00
100000003975102100,0,True,1,2,25650.0,88500.0,1,2,1,1,25650.0,1.0,1,0.000343486361649435,3.4502923976608186,True,False,16,False,3,0.3333333333333333,peripheral,0.4,1.0,in=1/25650 KZT; out=2/88500 KZT; tx=1/2; d=0; недостаточно признаков других ролей,0.17132481312443393,0.058014586277925204,0.05578858913022596,0.039397430255579034,0.0,0.0,0.324525,Оборот 114150 (+0.171); связей 3 (+0.058); seed 1 (+0.056); внешних групп 1 (+0.039); 1–2д 100% (+0.000); цикл +0.00
100000003977183100,0,True,2,4,123800.0,766000.0,2,6,1,1,0.0,0.0,0,0.0003296101966973393,6.187399030694669,True,False,41,True,6,0.25,peripheral,0.4,0.6666666666666666,in=2/123800 KZT; out=4/766000 KZT; tx=2/6; d=0; недостаточно признаков других ролей,0.20153545814582083,0.08143376716923444,0.05578858913022596,0.039397430255579034,0.0,0.1,0.478155,Оборот 889800 (+0.202); связей 6 (+0.081); seed 1 (+0.056); внешних групп 1 (+0.039); 1–2д 0% (+0.000); цикл +0.10
100000003980083100,1,False,1,0,30000.0,0.0,1,0,1,0,0.0,0.0,0,0.0005254689777410252,0.0,True,False,61,False,1,1.0,terminal,0.55,1.0,in=1/30000 KZT; out=0/0 KZT; tx=1/0; d=1; нет выхода в наблюдаемой выборке,0.15166535208139753,0.029007293138962602,0.05578858913022596,0.0,0.0,0.0,0.236461,Оборот 30000 (+0.152); связей 1 (+0.029); seed 1 (+0.056); внешних групп 0 (+0.000); 1–2д 0% (+0.000); цикл +0.00
100000003985389100,4,False,1,0,422698.0,0.0,16,0,3,0,0.0,0.0,0,0.0004874633161940955,0.0,True,True,8,False,15,0.125,peripheral,0.2,1.0,in=1/422698 KZT; out=0/0 KZT; tx=16/0; d=4; граница выгрузки; роль неизвестна,0.19058479732073175,0.029007293138962602,0.11157717826045192,0.0,0.0,0.0,0.331169,Оборот 422698 (+0.191); связей 1 (+0.029); seed 3 (+0.112); внешних групп 0 (+0.000); 1–2д 0% (+0.000); цикл +0.00
100000003986141100,3,False,1,0,5286.32,0.0,1,0,1,0,0.0,0.0,0,0.00028530526161057095,0.0,True,False,28,False,1,1.0,terminal,0.55,1.0,in=1/5286 KZT; out=0/0 KZT; tx=1/0; d=3; нет выхода в наблюдаемой выборке,0.12612658436720497,0.029007293138962602,0.05578858913022596,0.0,0.0,0.0,0.210922,Оборот 5286 (+0.126); связей 1 (+0.029); seed 1 (+0.056); внешних групп 0 (+0.000); 1–2д 0% (+0.000); цикл +0.00
100000003988112100,2,False,1,1,92000.0,64000.0,2,5,3,0,34000.0,0.3695652173913043,1,0.0005011393502989399,0.6956521739130435,True,False,49,True,3,0.5714285714285714,peripheral,0.4,1.0,in=1/92000 KZT; out=1/64000 KZT; tx=2/5; d=2; недостаточно признаков других ролей,0.1759199497551637,0.04597547187268181,0.11157717826045192,0.0,0.03695652173913044,0.1,0.470429,Оборот 156000 (+0.176); связей 2 (+0.046); seed 3 (+0.112); внешних групп 0 (+0.000); 1–2д 37% (+0.037); цикл +0.10
100000003989033100,4,False,1,0,373400.0,0.0,13,0,1,0,0.0,0.0,0,0.000595227503600159,0.0,True,True,24,False,12,0.15384615384615385,peripheral,0.2,1.0,in=1/373400 KZT; out=0/0 KZT; tx=13/0; d=4; граница выгрузки; роль неизвестна,0.18876040538321814,0.029007293138962602,0.05578858913022596,0.0,0.0,0.0,0.273556,Оборот 373400 (+0.189); связей 1 (+0.029); seed 1 (+0.056); внешних групп 0 (+0.000); 1–2д 0% (+0.000); цикл +0.00
100000003996562100,3,False,1,0,7700.0,0.0,1,0,1,0,0.0,0.0,0,0.0003279803355959193,0.0,True,False,0,False,1,1.0,terminal,0.55,1.0,in=1/7700 KZT; out=0/0 KZT; tx=1/0; d=3; нет выхода в наблюдаемой выборке,0.1316588491552197,0.029007293138962602,0.05578858913022596,0.0,0.0,0.0,0.216455,Оборот 7700 (+0.132); связей 1 (+0.029); seed 1 (+0.056); внешних групп 0 (+0.000); 1–2д 0% (+0.000); цикл +0.00
100000004004621100,1,False,3,0,75389.0,0.0,3,0,7,2,0.0,0.0,0,0.00029912523096236254,0.0,True,False,12,False,2,0.6666666666666666,consolidator,0.75,0.6666666666666666,in=3/75389 KZT; out=0/0 KZT; tx=3/0; d=1; сбор; выход 0% наблюдаемого входа,0.16522159490842403,0.058014586277925204,0.1673657673906779,0.062443449579869886,0.0,0.0,0.453045,Оборот 75389 (+0.165); связей 3 (+0.058); seed 7 (+0.167); внешних групп 2 (+0.062); 1–2д 0% (+0.000); цикл +0.00
100000004005964100,1,False,3,3,97900.0,72000.0,9,5,1,0,10000.0,0.10214504596527069,1,0.0004020784322071013,0.7354443309499489,True,False,34,True,9,0.21428571428571427,peripheral,0.4,1.0,in=3/97900 KZT; out=3/72000 KZT; tx=9/5; d=1; недостаточно признаков других ролей,0.17717566667831014,0.08143376716923444,0.05578858913022596,0.0,0.01021450459652707,0.1,0.424613,Оборот 169900 (+0.177); связей 6 (+0.081); seed 1 (+0.056); внешних групп 0 (+0.000); 1–2д 10% (+0.010); цикл +0.10
100000004006327100,4,False,1,0,300000.0,0.0,3,0,1,0,0.0,0.0,0,0.0005519330413203561,0.0,True,True,4,False,3,0.3333333333333333,peripheral,0.2,1.0,in=1/300000 KZT; out=0/0 KZT; tx=3/0; d=4; граница выгрузки; роль неизвестна,0.1855404421408853,0.029007293138962602,0.05578858913022596,0.0,0.0,0.0,0.270336,Оборот 300000 (+0.186); связей 1 (+0.029); seed 1 (+0.056); внешних групп 0 (+0.000); 1–2д 0% (+0.000); цикл +0.00
100000004007116100,0,True,3,4,764704.0,148000.0,24,6,0,0,98000.0,0.12815416161024396,5,0.0006237322184114109,0.19353893794200108,True,False,34,True,18,0.13333333333333333,peripheral,0.4,1.0,in=3/764704 KZT; out=4/148000 KZT; tx=24/6; d=0; недостаточно признаков других ролей,0.201909360685732,0.08702187941688781,0.0,0.0,0.0,0.1,0.388931,Оборот 912704 (+0.202); связей 7 (+0.087); seed 0 (+0.000); внешних групп 0 (+0.000); 1–2д 13% (+0.000); цикл +0.10
100000004007197100,3,False,1,0,10048.0,0.0,1,0,1,0,0.0,0.0,0,0.000286141527096257,0.0,True,False,34,False,1,1.0,terminal,0.55,1.0,in=1/10048 KZT; out=0/0 KZT; tx=1/0; d=3; нет выхода в наблюдаемой выборке,0.1355740381843283,0.029007293138962602,0.05578858913022596,0.0,0.0,0.0,0.22037,Оборот 10048 (+0.136); связей 1 (+0.029); seed 1 (+0.056); внешних групп 0 (+0.000); 1–2д 0% (+0.000); цикл +0.00
100000004013952100,4,False,1,0,5500.0,0.0,1,0,1,0,0.0,0.0,0,0.0005299816775634999,0.0,True,True,0,False,1,1.0,peripheral,0.2,1.0,in=1/5500 KZT; out=0/0 KZT; tx=1/0; d=4; граница выгрузки; роль неизвестна,0.12670944843109427,0.029007293138962602,0.05578858913022596,0.0,0.0,0.0,0.211505,Оборот 5500 (+0.127); связей 1 (+0.029); seed 1 (+0.056); внешних групп 0 (+0.000); 1–2д 0% (+0.000); цикл +0.00
100000004015047100,1,False,9,1,919104.0,69195.0,18,7,8,4,26975.0,0.029349235777452822,2,0.0022569404517873578,0.07528527783580531,True,False,41,True,14,0.16,consolidator,0.75,1.0,in=9/919104 KZT; out=1/69195 KZT; tx=18/7; d=1; сбор; выход 8% наблюдаемого входа,0.20308004368736424,0.10034874705600798,0.17684564347909615,0.09147800017679435,0.0029349235777452825,0.1,0.674687,Оборот 988299 (+0.203); связей 10 (+0.100); seed 8 (+0.177); внешних групп 4 (+0.091); 1–2д 3% (+0.003); цикл +0.10
100000004017410100,3,False,2,5,193650.0,1330915.0,6,11,1,0,0.0,0.0,0,0.0011229065568151425,6.872785954040795,True,False,62,True,9,0.23529411764705882,distributor,0.8,0.6666666666666666,in=2/193650 KZT; out=5/1330915 KZT; tx=6/11; d=3; рассылка многим получателям,0.20945736433276388,0.08702187941688781,0.05578858913022596,0.0,0.0,0.1,0.452268,Оборот 1524565 (+0.209); связей 7 (+0.087); seed 1 (+0.056); внешних групп 0 (+0.000); 1–2д 0% (+0.000); цикл +0.10
100000004019056100,4,False,1,0,50000.0,0.0,1,0,2,0,0.0,0.0,0,0.000537692036772505,0.0,True,True,12,False,1,1.0,peripheral,0.2,1.0,in=1/50000 KZT; out=0/0 KZT; tx=1/0; d=4; граница выгрузки; роль неизвестна,0.1591804002131276,0.029007293138962602,0.08842282173954807,0.0,0.0,0.0,0.276611,Оборот 50000 (+0.159); связей 1 (+0.029); seed 2 (+0.088); внешних групп 0 (+0.000); 1–2д 0% (+0.000); цикл +0.00
100000004019124100,0,True,3,0,193000.0,0.0,3,0,5,0,0.0,0.0,0,0.001194752186588847,0.0,True,False,16,False,3,0.3333333333333333,peripheral,0.4,1.0,in=3/193000 KZT; out=0/0 KZT; tx=3/0; d=0; недостаточно признаков других ролей,0.17905113886866483,0.058014586277925204,0.14421141086977404,0.0,0.0,0.0,0.381277,Оборот 193000 (+0.179); связей 3 (+0.058); seed 5 (+0.144); внешних групп 0 (+0.000); 1–2д 0% (+0.000); цикл +0.00
100000004021459100,0,True,0,0,0.0,0.0,0,0,0,0,0.0,0.0,0,0.0002840372852618645,0.0,False,False,69,False,0,0.0,peripheral,0.3,1.0,in=0/0 KZT; out=0/0 KZT; tx=0/0; d=0; нет наблюдаемых связей,0.0,0.0,0.0,0.0,0.0,0.0,0.0,Оборот 0 (+0.000); связей 0 (+0.000); seed 0 (+0.000); внешних групп 0 (+0.000); 1–2д 0% (+0.000); цикл +0.00
100000004030553100,4,False,1,0,70000.0,0.0,1,0,1,0,0.0,0.0,0,0.0005276933198801053,0.0,True,True,35,False,1,1.0,peripheral,0.2,1.0,in=1/70000 KZT; out=0/0 KZT; tx=1/0; d=4; граница выгрузки; роль неизвестна,0.16413048100875918,0.029007293138962602,0.05578858913022596,0.0,0.0,0.0,0.248926,Оборот 70000 (+0.164); связей 1 (+0.029); seed 1 (+0.056); внешних групп 0 (+0.000); 1–2д 0% (+0.000); цикл +0.00
100000004035925100,4,False,1,0,1111588.0,0.0,2,0,1,0,0.0,0.0,0,0.00045972167450645694,0.0,True,True,70,False,2,0.5,peripheral,0.2,1.0,in=1/1111588 KZT; out=0/0 KZT; tx=2/0; d=4; граница выгрузки; роль неизвестна,0.2048095740213272,0.029007293138962602,0.05578858913022596,0.0,0.0,0.0,0.289605,Оборот 1111588 (+0.205); связей 1 (+0.029); seed 1 (+0.056); внешних групп 0 (+0.000); 1–2д 0% (+0.000); цикл +0.00
100000004041163100,0,True,1,2,50000.0,866000.0,1,6,8,0,0.0,0.0,0,0.0020671341255636398,17.32,True,False,49,True,5,0.2857142857142857,peripheral,0.4,1.0,in=1/50000 KZT; out=2/866000 KZT; tx=1/6; d=0; недостаточно признаков других ролей,0.20196239344297134,0.058014586277925204,0.17684564347909615,0.0,0.0,0.1,0.536823,Оборот 916000 (+0.202); связей 3 (+0.058); seed 8 (+0.177); внешних групп 0 (+0.000); 1–2д 0% (+0.000); цикл +0.10
100000004041294100,4,False,1,0,17800.0,0.0,2,0,1,0,0.0,0.0,0,0.00029922052035591146,0.0,True,True,13,False,1,1.0,peripheral,0.2,1.0,in=1/17800 KZT; out=0/0 KZT; tx=2/0; d=4; граница выгрузки; роль неизвестна,0.14398606278546472,0.029007293138962602,0.05578858913022596,0.0,0.0,0.0,0.228782,Оборот 17800 (+0.144); связей 1 (+0.029); seed 1 (+0.056); внешних групп 0 (+0.000); 1–2д 0% (+0.000); цикл +0.00
100000004047887100,4,False,1,0,30000.0,0.0,1,0,3,0,0.0,0.0,0,0.0002864657660649098,0.0,True,True,30,False,1,1.0,peripheral,0.2,1.0,in=1/30000 KZT; out=0/0 KZT; tx=1/0; d=4; граница выгрузки; роль неизвестна,0.15166535208139753,0.029007293138962602,0.11157717826045192,0.0,0.0,0.0,0.29225,Оборот 30000 (+0.152); связей 1 (+0.029); seed 3 (+0.112); внешних групп 0 (+0.000); 1–2д 0% (+0.000); цикл +0.00
100000004049912100,4,False,1,0,10000.0,0.0,1,0,1,0,0.0,0.0,0,0.00032276579173571744,0.0,True,True,43,False,1,1.0,peripheral,0.2,1.0,in=1/10000 KZT; out=0/0 KZT; tx=1/0; d=4; граница выгрузки; роль неизвестна,0.13550359676243048,0.029007293138962602,0.05578858913022596,0.0,0.0,0.0,0.220299,Оборот 10000 (+0.136); связей 1 (+0.029); seed 1 (+0.056); внешних групп 0 (+0.000); 1–2д 0% (+0.000); цикл +0.00
100000004058740100,1,False,1,0,30000.0,0.0,1,0,1,0,0.0,0.0,0,0.00029028652444832814,0.0,True,False,22,False,1,1.0,terminal,0.55,1.0,in=1/30000 KZT; out=0/0 KZT; tx=1/0; d=1; нет выхода в наблюдаемой выборке,0.15166535208139753,0.029007293138962602,0.05578858913022596,0.0,0.0,0.0,0.236461,Оборот 30000 (+0.152); связей 1 (+0.029); seed 1 (+0.056); внешних групп 0 (+0.000); 1–2д 0% (+0.000); цикл +0.00
100000004064431100,3,False,1,1,26000.0,10000.0,1,1,1,0,10000.0,0.38461538461538464,1,0.000289482178543533,0.38461538461538464,True,False,34,False,2,0.5,peripheral,0.4,1.0,in=1/26000 KZT; out=1/10000 KZT; tx=1/1; d=3; недостаточно признаков других ролей,0.1543475771383801,0.04597547187268181,0.05578858913022596,0.0,0.038461538461538464,0.0,0.294573,Оборот 36000 (+0.154); связей 2 (+0.046); seed 1 (+0.056); внешних групп 0 (+0.000); 1–2д 38% (+0.038); цикл +0.00
100000004066370100,4,False,1,0,65000.0,0.0,2,0,1,0,0.0,0.0,0,0.0005855735223906306,0.0,True,True,26,False,2,0.5,peripheral,0.2,1.0,in=1/65000 KZT; out=0/0 KZT; tx=2/0; d=4; граница выгрузки; роль неизвестна,0.16304022392303275,0.029007293138962602,0.05578858913022596,0.0,0.0,0.0,0.247836,Оборот 65000 (+0.163); связей 1 (+0.029); seed 1 (+0.056); внешних групп 0 (+0.000); 1–2д 0% (+0.000); цикл +0.00
100000004066647100,3,False,1,0,51000.0,0.0,1,0,1,0,0.0,0.0,0,0.0002926971630060612,0.0,True,False,43,False,1,1.0,terminal,0.55,1.0,in=1/51000 KZT; out=0/0 KZT; tx=1/0; d=3; нет выхода в наблюдаемой выборке,0.1594717298325002,0.029007293138962602,0.05578858913022596,0.0,0.0,0.0,0.244268,Оборот 51000 (+0.159); связей 1 (+0.029); seed 1 (+0.056); внешних групп 0 (+0.000); 1–2д 0% (+0.000); цикл +0.00
100000004070318100,1,False,4,19,207246.55,551860.0,6,37,2,8,196310.0,0.9472292783643443,5,0.0003123763498757332,2.662818753798314,True,False,0,True,17,0.16279069767441862,distributor,0.8,0.6666666666666666,in=4/207247 KZT; out=19/551860 KZT; tx=6/37; d=1; рассылка многим получателям,0.1991983995089712,0.13299735128956963,0.08842282173954807,0.12488689915973977,0.09472292783643443,0.1,0.740228,Оборот 759107 (+0.199); связей 23 (+0.133); seed 2 (+0.088); внешних групп 8 (+0.125); 1–2д 95% (+0.095); цикл +0.10
100000004070530100,4,False,1,0,20000.0,0.0,1,0,3,0,0.0,0.0,0,0.0002856562724638947,0.0,True,True,30,False,1,1.0,peripheral,0.2,1.0,in=1/20000 KZT; out=0/0 KZT; tx=1/0; d=4; граница выгрузки; роль неизвестна,0.14570041229327152,0.029007293138962602,0.11157717826045192,0.0,0.0,0.0,0.286285,Оборот 20000 (+0.146); связей 1 (+0.029); seed 3 (+0.112); внешних групп 0 (+0.000); 1–2д 0% (+0.000); цикл +0.00
100000004071070100,2,False,2,1,41000.0,6000.0,5,1,2,0,6000.0,0.14634146341463414,1,0.0011824104711036655,0.14634146341463414,True,False,0,True,6,0.16666666666666666,peripheral,0.4,1.0,in=2/41000 KZT; out=1/6000 KZT; tx=5/1; d=2; недостаточно признаков других ролей,0.15827011075452102,0.058014586277925204,0.08842282173954807,0.0,0.014634146341463414,0.1,0.419342,Оборот 47000 (+0.158); связей 3 (+0.058); seed 2 (+0.088); внешних групп 0 (+0.000); 1–2д 15% (+0.015); цикл +0.10
100000004071080100,1,False,9,2,238600.0,46500.0,16,5,2,3,40500.0,0.1697401508801341,4,0.0013620872262804168,0.19488683989941324,True,False,0,True,12,0.14285714285714285,consolidator,0.75,1.0,in=9/238600 KZT; out=2/46500 KZT; tx=16/5; d=1; сбор; выход 19% наблюдаемого входа,0.18479098117960802,0.10399005815060701,0.08842282173954807,0.07879486051115807,0.01697401508801341,0.1,0.572973,Оборот 285100 (+0.185); связей 11 (+0.104); seed 2 (+0.088); внешних групп 3 (+0.079); 1–2д 17% (+0.017); цикл +0.10
100000004071444100,3,False,1,1,247350.0,100000.0,1,1,1,0,0.0,0.0,0,0.00030580596571426884,0.40428542551041036,True,False,0,False,2,0.5,peripheral,0.4,1.0,in=1/247350 KZT; out=1/100000 KZT; tx=1/1; d=3; недостаточно признаков других ролей,0.1876964791706743,0.04597547187268181,0.05578858913022596,0.0,0.0,0.0,0.289461,Оборот 347350 (+0.188); связей 2 (+0.046); seed 1 (+0.056); внешних групп 0 (+0.000); 1–2д 0% (+0.000); цикл +0.00
100000004076740100,1,False,3,6,93250.0,125000.0,5,10,1,2,18000.0,0.19302949061662197,2,0.0007363588852156643,1.3404825737265416,True,False,62,True,12,0.13333333333333333,distributor,0.8,0.6666666666666666,in=3/93250 KZT; out=6/125000 KZT; tx=5/10; d=1; рассылка многим получателям,0.18085997988201696,0.09636014203495331,0.05578858913022596,0.062443449579869886,0.0193029490616622,0.1,0.514755,Оборот 218250 (+0.181); связей 9 (+0.096); seed 1 (+0.056); внешних групп 2 (+0.062); 1–2д 19% (+0.019); цикл +0.10
100000004077081100,3,False,1,4,140000.0,615000.0,1,6,3,2,100000.0,0.7142857142857143,2,0.0002885369844106197,4.392857142857143,True,False,2,False,5,0.42857142857142855,peripheral,0.4,0.6666666666666666,in=1/140000 KZT; out=4/615000 KZT; tx=1/6; d=3; недостаточно признаков других ролей,0.19911859607276328,0.0749827650116444,0.11157717826045192,0.062443449579869886,0.07142857142857144,0.0,0.519551,Оборот 755000 (+0.199); связей 5 (+0.075); seed 3 (+0.112); внешних групп 2 (+0.062); 1–2д 71% (+0.071); цикл +0.00
100000004094958100,1,False,1,1,39000.0,40000.0,1,1,1,0,0.0,0.0,0,0.0003892421568449624,1.0256410256410255,True,False,71,False,1,1.0,peripheral,0.4,1.0,in=1/39000 KZT; out=1/40000 KZT; tx=1/1; d=1; недостаточно признаков других ролей,0.1659099065920208,0.04597547187268181,0.05578858913022596,0.0,0.0,0.0,0.267674,Оборот 79000 (+0.166); связей 2 (+0.046); seed 1 (+0.056); внешних групп 0 (+0.000); 1–2д 0% (+0.000); цикл +0.00
100000004096559100,3,False,1,0,46200.0,0.0,1,0,1,0,0.0,0.0,0,0.0009694177335104798,0.0,True,False,1,False,1,1.0,terminal,0.55,1.0,in=1/46200 KZT; out=0/0 KZT; tx=1/0; d=3; нет выхода в наблюдаемой выборке,0.1580175441969307,0.029007293138962602,0.05578858913022596,0.0,0.0,0.0,0.242813,Оборот 46200 (+0.158); связей 1 (+0.029); seed 1 (+0.056); внешних групп 0 (+0.000); 1–2д 0% (+0.000); цикл +0.00
100000004097972100,3,False,1,2,118878.0,10000.0,1,2,2,0,0.0,0.0,0,0.00031479496958633285,0.0841198539679335,True,False,0,False,2,0.6666666666666666,peripheral,0.4,1.0,in=1/118878 KZT; out=2/10000 KZT; tx=1/2; d=3; недостаточно признаков других ролей,0.1731101361923857,0.058014586277925204,0.08842282173954807,0.0,0.0,0.0,0.319548,Оборот 128878 (+0.173); связей 3 (+0.058); seed 2 (+0.088); внешних групп 0 (+0.000); 1–2д 0% (+0.000); цикл +0.00
100000004099450100,3,False,1,0,31000.0,0.0,1,0,1,0,0.0,0.0,0,0.00029456126175721127,0.0,True,False,0,False,1,1.0,terminal,0.55,1.0,in=1/31000 KZT; out=0/0 KZT; tx=1/0; d=3; нет выхода в наблюдаемой выборке,0.15214773870512882,0.029007293138962602,0.05578858913022596,0.0,0.0,0.0,0.236944,Оборот 31000 (+0.152); связей 1 (+0.029); seed 1 (+0.056); внешних групп 0 (+0.000); 1–2д 0% (+0.000); цикл +0.00
100000004105288100,1,False,2,0,215000.0,0.0,2,0,8,1,0.0,0.0,0,0.0004603070176592026,0.0,True,False,2,False,2,0.5,terminal,0.55,1.0,in=2/215000 KZT; out=0/0 KZT; tx=2/0; d=1; нет выхода в наблюдаемой выборке,0.18063925496877334,0.04597547187268181,0.17684564347909615,0.039397430255579034,0.0,0.0,0.442858,Оборот 215000 (+0.181); связей 2 (+0.046); seed 8 (+0.177); внешних групп 1 (+0.039); 1–2д 0% (+0.000); цикл +0.00
100000004107228100,4,False,1,0,5000.0,0.0,1,0,2,0,0.0,0.0,0,0.0002871546412962874,0.0,True,True,2,False,1,1.0,peripheral,0.2,1.0,in=1/5000 KZT; out=0/0 KZT; tx=1/0; d=4; граница выгрузки; роль неизвестна,0.12530751666392811,0.029007293138962602,0.08842282173954807,0.0,0.0,0.0,0.242738,Оборот 5000 (+0.125); связей 1 (+0.029); seed 2 (+0.088); внешних групп 0 (+0.000); 1–2д 0% (+0.000); цикл +0.00
100000004114962100,3,False,2,0,165000.0,0.0,2,0,3,1,0.0,0.0,0,0.0007067031303819226,0.0,True,False,10,False,2,0.5,terminal,0.55,1.0,in=2/165000 KZT; out=0/0 KZT; tx=2/0; d=3; нет выхода в наблюдаемой выборке,0.1767451303969459,0.04597547187268181,0.11157717826045192,0.039397430255579034,0.0,0.0,0.373695,Оборот 165000 (+0.177); связей 2 (+0.046); seed 3 (+0.112); внешних групп 1 (+0.039); 1–2д 0% (+0.000); цикл +0.00
100000004130144100,1,False,1,0,200000.0,0.0,1,0,1,0,0.0,0.0,0,0.0002954309217403093,0.0,True,False,1,False,1,1.0,terminal,0.55,1.0,in=1/200000 KZT; out=0/0 KZT; tx=1/0; d=1; нет выхода в наблюдаемой выборке,0.17957528168352788,0.029007293138962602,0.05578858913022596,0.0,0.0,0.0,0.264371,Оборот 200000 (+0.180); связей 1 (+0.029); seed 1 (+0.056); внешних групп 0 (+0.000); 1–2д 0% (+0.000); цикл +0.00
100000004134060100,2,False,1,0,88179.0,0.0,1,0,4,0,0.0,0.0,0,0.0003261955620923944,0.0,True,False,35,False,1,1.0,terminal,0.55,1.0,in=1/88179 KZT; out=0/0 KZT; tx=1/0; d=2; нет выхода в наблюдаемой выборке,0.1675270399704125,0.029007293138962602,0.12953709247559939,0.0,0.0,0.0,0.326071,Оборот 88179 (+0.168); связей 1 (+0.029); seed 4 (+0.130); внешних групп 0 (+0.000); 1–2д 0% (+0.000); цикл +0.00
100000004135268100,1,False,2,3,1239000.0,1000200.0,3,4,1,0,375000.0,0.3026634382566586,2,0.0017408988556774968,0.8072639225181598,True,False,58,True,4,0.2857142857142857,peripheral,0.4,1.0,in=2/1239000 KZT; out=3/1000200 KZT; tx=3/4; d=1; недостаточно признаков других ролей,0.21511277756849043,0.0749827650116444,0.05578858913022596,0.0,0.03026634382566586,0.1,0.47615,Оборот 2239200 (+0.215); связей 5 (+0.075); seed 1 (+0.056); внешних групп 0 (+0.000); 1–2д 30% (+0.030); цикл +0.10
100000004140487100,3,False,1,10,24510.0,262600.0,1,19,1,5,24510.0,1.0,2,0.00028786698744487284,10.713994288045695,True,False,2,True,7,0.4,distributor,0.8,1.0,in=1/24510 KZT; out=10/262600 KZT; tx=1/19; d=3; рассылка многим получателям,0.18489433851540515,0.10399005815060701,0.05578858913022596,0.10184087983544891,0.1,0.1,0.646514,Оборот 287110 (+0.185); связей 11 (+0.104); seed 1 (+0.056); внешних групп 5 (+0.102); 1–2д 100% (+0.100); цикл +0.10
100000004140994100,3,False,1,0,18650.0,0.0,1,0,1,0,0.0,0.0,0,0.0002869268066630579,0.0,True,False,22,False,1,1.0,terminal,0.55,1.0,in=1/18650 KZT; out=0/0 KZT; tx=1/0; d=3; нет выхода в наблюдаемой выборке,0.14467230387991223,0.029007293138962602,0.05578858913022596,0.0,0.0,0.0,0.229468,Оборот 18650 (+0.145); связей 1 (+0.029); seed 1 (+0.056); внешних групп 0 (+0.000); 1–2д 0% (+0.000); цикл +0.00
100000004144536100,1,False,4,0,168000.0,0.0,6,0,1,0,0.0,0.0,0,0.0009620032037598626,0.0,True,False,34,False,5,0.3333333333333333,consolidator,0.75,1.0,in=4/168000 KZT; out=0/0 KZT; tx=6/0; d=1; сбор; выход 0% наблюдаемого входа,0.17701021627143318,0.06735284889599069,0.05578858913022596,0.0,0.0,0.0,0.300152,Оборот 168000 (+0.177); связей 4 (+0.067); seed 1 (+0.056); внешних групп 0 (+0.000); 1–2д 0% (+0.000); цикл +0.00
100000004150593100,2,False,1,11,57000.0,871165.0,2,16,3,2,57000.0,1.0,1,0.0003049553953617517,15.28359649122807,True,False,16,True,7,0.5555555555555556,distributor,0.8,1.0,in=1/57000 KZT; out=11/871165 KZT; tx=2/16; d=2; рассылка многим получателям,0.20215649033886568,0.10733973964717881,0.11157717826045192,0.062443449579869886,0.1,0.1,0.683517,Оборот 928165 (+0.202); связей 12 (+0.107); seed 3 (+0.112); внешних групп 2 (+0.062); 1–2д 100% (+0.100); цикл +0.10
100000004156082100,1,False,5,26,377366.11,2319556.0,7,29,4,3,305366.11,0.809203852460413,5,0.0008614700411871327,6.146699288921308,True,False,3,True,7,0.25,coordinator,0.75,0.6666666666666666,in=5/377366 KZT; out=26/2319556 KZT; tx=7/29; d=1; связь с 4 seed и 3 внеш. группами,0.21784909006026051,0.14503646569481304,0.12953709247559939,0.07879486051115807,0.08092038524604131,0.1,0.752138,Оборот 2696922 (+0.218); связей 31 (+0.145); seed 4 (+0.130); внешних групп 3 (+0.079); 1–2д 81% (+0.081); цикл +0.10
100000004158362100,2,False,1,0,12000.0,0.0,1,0,2,0,0.0,0.0,0,0.00028981092127248673,0.0,True,False,0,False,1,1.0,terminal,0.55,1.0,in=1/12000 KZT; out=0/0 KZT; tx=1/0; d=2; нет выхода в наблюдаемой выборке,0.13818565837320845,0.029007293138962602,0.08842282173954807,0.0,0.0,0.0,0.255616,Оборот 12000 (+0.138); связей 1 (+0.029); seed 2 (+0.088); внешних групп 0 (+0.000); 1–2д 0% (+0.000); цикл +0.00
100000004159526100,1,False,4,4,275037.0,68000.0,4,6,3,2,20000.0,0.07271748891967263,1,0.0008468745685551097,0.24723946232688693,True,False,40,True,7,0.3,peripheral,0.4,0.6666666666666666,in=4/275037 KZT; out=4/68000 KZT; tx=4/6; d=1; недостаточно признаков других ролей,0.18751265963334132,0.09195094374536363,0.11157717826045192,0.062443449579869886,0.007271748891967263,0.1,0.560756,Оборот 343037 (+0.188); связей 8 (+0.092); seed 3 (+0.112); внешних групп 2 (+0.062); 1–2д 7% (+0.007); цикл +0.10
100000004160650100,2,False,2,10,75100.0,1489827.0,4,40,1,0,55100.0,0.7336884154460719,3,0.00036705651687371125,19.83790945406125,True,False,34,True,16,0.18181818181818182,distributor,0.8,1.0,in=2/75100 KZT; out=10/1489827 KZT; tx=4/40; d=2; рассылка многим получателям,0.2098417882991067,0.10733973964717881,0.05578858913022596,0.0,0.0733688415446072,0.1,0.546339,Оборот 1564927 (+0.210); связей 12 (+0.107); seed 1 (+0.056); внешних групп 0 (+0.000); 1–2д 73% (+0.073); цикл +0.10
100000004167082100,4,False,1,0,13300.0,0.0,1,0,2,0,0.0,0.0,0,0.0003827252106235851,0.0,True,True,12,False,1,1.0,peripheral,0.2,1.0,in=1/13300 KZT; out=0/0 KZT; tx=1/0; d=4; граница выгрузки; роль неизвестна,0.13969877191467003,0.029007293138962602,0.08842282173954807,0.0,0.0,0.0,0.257129,Оборот 13300 (+0.140); связей 1 (+0.029); seed 2 (+0.088); внешних групп 0 (+0.000); 1–2д 0% (+0.000); цикл +0.00
100000004174835100,0,True,0,0,0.0,0.0,0,0,0,0,0.0,0.0,0,0.0002840372852618645,0.0,False,False,72,False,0,0.0,peripheral,0.3,1.0,in=0/0 KZT; out=0/0 KZT; tx=0/0; d=0; нет наблюдаемых связей,0.0,0.0,0.0,0.0,0.0,0.0,0.0,Оборот 0 (+0.000); связей 0 (+0.000); seed 0 (+0.000); внешних групп 0 (+0.000); 1–2д 0% (+0.000); цикл +0.00
100000004177936100,4,False,1,0,10000.0,0.0,1,0,1,0,0.0,0.0,0,0.0003351308027168637,0.0,True,True,8,False,1,1.0,peripheral,0.2,1.0,in=1/10000 KZT; out=0/0 KZT; tx=1/0; d=4; граница выгрузки; роль неизвестна,0.13550359676243048,0.029007293138962602,0.05578858913022596,0.0,0.0,0.0,0.220299,Оборот 10000 (+0.136); связей 1 (+0.029); seed 1 (+0.056); внешних групп 0 (+0.000); 1–2д 0% (+0.000); цикл +0.00
100000004180097100,1,False,3,3,104854.0,47800.0,5,7,1,1,5000.0,0.04768535296698266,1,0.0008498068840500085,0.4558719743643542,True,False,0,True,6,0.3333333333333333,peripheral,0.4,1.0,in=3/104854 KZT; out=3/47800 KZT; tx=5/7; d=1; недостаточно признаков других ролей,0.17560096593862096,0.08143376716923444,0.05578858913022596,0.039397430255579034,0.004768535296698267,0.1,0.456989,Оборот 152654 (+0.176); связей 6 (+0.081); seed 1 (+0.056); внешних групп 1 (+0.039); 1–2д 5% (+0.005); цикл +0.10
100000004183610100,3,False,1,1,22000.0,915000.0,1,3,2,0,15000.0,0.6818181818181818,1,0.00033882827543324197,41.59090909090909,True,False,12,False,4,0.25,peripheral,0.4,1.0,in=1/22000 KZT; out=1/915000 KZT; tx=1/3; d=3; недостаточно признаков других ролей,0.20229586778509961,0.04597547187268181,0.08842282173954807,0.0,0.06818181818181818,0.0,0.404876,Оборот 937000 (+0.202); связей 2 (+0.046); seed 2 (+0.088); внешних групп 0 (+0.000); 1–2д 68% (+0.068); цикл +0.00
100000004184158100,3,False,1,0,203805.0,0.0,1,0,1,0,0.0,0.0,0,0.00030197367466797836,0.0,True,False,0,False,1,1.0,terminal,0.55,1.0,in=1/203805 KZT; out=0/0 KZT; tx=1/0; d=3; нет выхода в наблюдаемой выборке,0.17985254607385123,0.029007293138962602,0.05578858913022596,0.0,0.0,0.0,0.264648,Оборот 203805 (+0.180); связей 1 (+0.029); seed 1 (+0.056); внешних групп 0 (+0.000); 1–2д 0% (+0.000); цикл +0.00
100000004185681100,3,False,1,0,10000.0,0.0,1,0,1,0,0.0,0.0,0,0.00053212388875515,0.0,True,False,2,False,1,1.0,terminal,0.55,1.0,in=1/10000 KZT; out=0/0 KZT; tx=1/0; d=3; нет выхода в наблюдаемой выборке,0.13550359676243048,0.029007293138962602,0.05578858913022596,0.0,0.0,0.0,0.220299,Оборот 10000 (+0.136); связей 1 (+0.029); seed 1 (+0.056); внешних групп 0 (+0.000); 1–2д 0% (+0.000); цикл +0.00
100000004186824100,1,False,2,1,451700.0,7000.0,7,1,2,0,0.0,0.0,0,0.00037975616074045786,0.015497011290679655,True,False,16,False,7,0.25,peripheral,0.4,1.0,in=2/451700 KZT; out=1/7000 KZT; tx=7/1; d=1; недостаточно признаков других ролей,0.19178732673857316,0.058014586277925204,0.08842282173954807,0.0,0.0,0.0,0.338225,Оборот 458700 (+0.192); связей 3 (+0.058); seed 2 (+0.088); внешних групп 0 (+0.000); 1–2д 0% (+0.000); цикл +0.00
100000004188160100,1,False,2,5,87862.0,133846.0,5,6,3,2,34016.0,0.387152580182559,3,0.0002952182175754432,1.5233661878855478,True,False,16,True,8,0.2727272727272727,distributor,0.8,0.6666666666666666,in=2/87862 KZT; out=5/133846 KZT; tx=5/6; d=1; рассылка многим получателям,0.18109125087368594,0.08702187941688781,0.11157717826045192,0.062443449579869886,0.0387152580182559,0.1,0.580849,Оборот 221708 (+0.181); связей 7 (+0.087); seed 3 (+0.112); внешних групп 2 (+0.062); 1–2д 39% (+0.039); цикл +0.10
100000004192107100,2,False,1,0,25000.0,0.0,1,0,2,0,0.0,0.0,0,0.0002976759061435219,0.0,True,False,2,False,1,1.0,terminal,0.55,1.0,in=1/25000 KZT; out=0/0 KZT; tx=1/0; d=2; нет выхода в наблюдаемой выборке,0.14898314336993435,0.029007293138962602,0.08842282173954807,0.0,0.0,0.0,0.266413,Оборот 25000 (+0.149); связей 1 (+0.029); seed 2 (+0.088); внешних групп 0 (+0.000); 1–2д 0% (+0.000); цикл +0.00
100000004192865100,2,False,1,0,66666.0,0.0,1,0,1,0,0.0,0.0,0,0.0005524052982652336,0.0,True,False,27,False,1,1.0,terminal,0.55,1.0,in=1/66666 KZT; out=0/0 KZT; tx=1/0; d=2; нет выхода в наблюдаемой выборке,0.1634125456328517,0.029007293138962602,0.05578858913022596,0.0,0.0,0.0,0.248208,Оборот 66666 (+0.163); связей 1 (+0.029); seed 1 (+0.056); внешних групп 0 (+0.000); 1–2д 0% (+0.000); цикл +0.00
100000004193835100,0,True,1,1,47000.0,5000.0,1,1,3,1,0.0,0.0,0,0.0004671327038395367,0.10638297872340426,True,False,16,False,1,1.0,peripheral,0.4,1.0,in=1/47000 KZT; out=1/5000 KZT; tx=1/1; d=0; недостаточно признаков других ролей,0.1597574023168946,0.04597547187268181,0.11157717826045192,0.039397430255579034,0.0,0.0,0.356707,Оборот 52000 (+0.160); связей 2 (+0.046); seed 3 (+0.112); внешних групп 1 (+0.039); 1–2д 0% (+0.000); цикл +0.00
100000004200745100,4,False,1,0,130000.0,0.0,4,0,2,0,0.0,0.0,0,0.0005971668230955558,0.0,True,True,7,False,4,0.25,peripheral,0.2,1.0,in=1/130000 KZT; out=0/0 KZT; tx=4/0; d=4; граница выгрузки; роль неизвестна,0.17323766182893707,0.029007293138962602,0.08842282173954807,0.0,0.0,0.0,0.290668,Оборот 130000 (+0.173); связей 1 (+0.029); seed 2 (+0.088); внешних групп 0 (+0.000); 1–2д 0% (+0.000); цикл +0.00
100000004206046100,1,False,1,0,11075.0,0.0,1,0,2,0,0.0,0.0,0,0.00028522021512801727,0.0,True,False,16,False,1,1.0,terminal,0.55,1.0,in=1/11075 KZT; out=0/0 KZT; tx=1/0; d=1; нет выхода в наблюдаемой выборке,0.1370056215580109,0.029007293138962602,0.08842282173954807,0.0,0.0,0.0,0.254436,Оборот 11075 (+0.137); связей 1 (+0.029); seed 2 (+0.088); внешних групп 0 (+0.000); 1–2д 0% (+0.000); цикл +0.00
100000004209339100,2,False,1,2,138500.0,238500.0,6,11,4,0,22500.0,0.1624548736462094,3,0.000812684521928979,1.7220216606498195,True,False,53,True,11,0.23529411764705882,peripheral,0.4,1.0,in=1/138500 KZT; out=2/238500 KZT; tx=6/11; d=2; недостаточно признаков других ролей,0.18890156558596993,0.058014586277925204,0.12953709247559939,0.0,0.01624548736462094,0.1,0.492699,Оборот 377000 (+0.189); связей 3 (+0.058); seed 4 (+0.130); внешних групп 0 (+0.000); 1–2д 16% (+0.016); цикл +0.10
100000004213658100,1,False,1,0,25347.0,0.0,1,0,1,0,0.0,0.0,0,0.00028931726745050763,0.0,True,False,22,False,1,1.0,terminal,0.55,1.0,in=1/25347 KZT; out=0/0 KZT; tx=1/0; d=1; нет выхода в наблюдаемой выборке,0.14918593308520733,0.029007293138962602,0.05578858913022596,0.0,0.0,0.0,0.233982,Оборот 25347 (+0.149); связей 1 (+0.029); seed 1 (+0.056); внешних групп 0 (+0.000); 1–2д 0% (+0.000); цикл +0.00
100000004217419100,3,False,2,1,118200.0,7700.0,3,1,2,1,7000.0,0.05922165820642978,1,0.0005805438539910536,0.06514382402707276,True,False,8,False,3,0.5,peripheral,0.4,1.0,in=2/118200 KZT; out=1/7700 KZT; tx=3/1; d=3; недостаточно признаков других ролей,0.172766198666358,0.058014586277925204,0.08842282173954807,0.039397430255579034,0.005922165820642978,0.0,0.364523,Оборот 125900 (+0.173); связей 3 (+0.058); seed 2 (+0.088); внешних групп 1 (+0.039); 1–2д 6% (+0.006); цикл +0.00
100000004218576100,1,False,1,0,26144.0,0.0,1,0,1,0,0.0,0.0,0,0.0002894832889048947,0.0,True,False,22,False,1,1.0,terminal,0.55,1.0,in=1/26144 KZT; out=0/0 KZT; tx=1/0; d=1; нет выхода в наблюдаемой выборке,0.14964138783374817,0.029007293138962602,0.05578858913022596,0.0,0.0,0.0,0.234437,Оборот 26144 (+0.150); связей 1 (+0.029); seed 1 (+0.056); внешних групп 0 (+0.000); 1–2д 0% (+0.000); цикл +0.00
100000004221668100,2,False,4,3,1128300.0,731440.0,8,10,1,0,40000.0,0.03545156430027475,4,0.0032208959683943687,0.6482673047948241,True,False,41,True,13,0.16666666666666666,peripheral,0.4,1.0,in=4/1128300 KZT; out=3/731440 KZT; tx=8/10; d=2; недостаточно признаков других ролей,0.21238103392478316,0.08702187941688781,0.05578858913022596,0.0,0.003545156430027475,0.1,0.458737,Оборот 1859740 (+0.212); связей 7 (+0.087); seed 1 (+0.056); внешних групп 0 (+0.000); 1–2д 4% (+0.004); цикл +0.10
100000004222274100,4,False,1,0,15500.0,0.0,1,0,1,0,0.0,0.0,0,0.000542148880914764,0.0,True,True,0,False,1,1.0,peripheral,0.2,1.0,in=1/15500 KZT; out=0/0 KZT; tx=1/0; d=4; граница выгрузки; роль неизвестна,0.14195066218791036,0.029007293138962602,0.05578858913022596,0.0,0.0,0.0,0.226747,Оборот 15500 (+0.142); связей 1 (+0.029); seed 1 (+0.056); внешних групп 0 (+0.000); 1–2д 0% (+0.000); цикл +0.00
100000004225615100,2,False,1,0,90000.0,0.0,2,0,1,0,0.0,0.0,0,0.00029244967306714815,0.0,True,False,4,False,1,1.0,terminal,0.55,1.0,in=1/90000 KZT; out=0/0 KZT; tx=2/0; d=2; нет выхода в наблюдаемой выборке,0.16782776120697507,0.029007293138962602,0.05578858913022596,0.0,0.0,0.0,0.252624,Оборот 90000 (+0.168); связей 1 (+0.029); seed 1 (+0.056); внешних групп 0 (+0.000); 1–2д 0% (+0.000); цикл +0.00
100000004226848100,1,False,1,0,301866.0,0.0,1,0,4,0,0.0,0.0,0,0.00034399268869892005,0.0,True,False,2,False,1,1.0,terminal,0.55,1.0,in=1/301866 KZT; out=0/0 KZT; tx=1/0; d=1; нет выхода в наблюдаемой выборке,0.18563166678992138,0.029007293138962602,0.12953709247559939,0.0,0.0,0.0,0.344176,Оборот 301866 (+0.186); связей 1 (+0.029); seed 4 (+0.130); внешних групп 0 (+0.000); 1–2д 0% (+0.000); цикл +0.00
100000004232712100,4,False,1,0,12500.0,0.0,1,0,3,0,0.0,0.0,0,0.0005261519677904172,0.0,True,True,10,False,1,1.0,peripheral,0.2,1.0,in=1/12500 KZT; out=0/0 KZT; tx=1/0; d=4; граница выгрузки; роль неизвестна,0.13878618073938873,0.029007293138962602,0.11157717826045192,0.0,0.0,0.0,0.279371,Оборот 12500 (+0.139); связей 1 (+0.029); seed 3 (+0.112); внешних групп 0 (+0.000); 1–2д 0% (+0.000); цикл +0.00
100000004235471100,4,False,1,0,180000.0,0.0,1,0,3,0,0.0,0.0,0,0.0003466620523555872,0.0,True,True,10,False,1,1.0,peripheral,0.2,1.0,in=1/180000 KZT; out=0/0 KZT; tx=1/0; d=4; граница выгрузки; роль неизвестна,0.1780252305480589,0.029007293138962602,0.11157717826045192,0.0,0.0,0.0,0.31861,Оборот 180000 (+0.178); связей 1 (+0.029); seed 3 (+0.112); внешних групп 0 (+0.000); 1–2д 0% (+0.000); цикл +0.00
100000004241142100,4,False,1,0,27102.0,0.0,1,0,2,0,0.0,0.0,0,0.0005270025472914983,0.0,True,True,0,False,1,1.0,peripheral,0.2,1.0,in=1/27102 KZT; out=0/0 KZT; tx=1/0; d=4; граница выгрузки; роль неизвестна,0.15017081899268497,0.029007293138962602,0.08842282173954807,0.0,0.0,0.0,0.267601,Оборот 27102 (+0.150); связей 1 (+0.029); seed 2 (+0.088); внешних групп 0 (+0.000); 1–2д 0% (+0.000); цикл +0.00
100000004254434100,1,False,1,0,44445.0,0.0,2,0,1,0,0.0,0.0,0,0.00029329553311661043,0.0,True,False,22,False,1,1.0,terminal,0.55,1.0,in=1/44445 KZT; out=0/0 KZT; tx=2/0; d=1; нет выхода в наблюдаемой выборке,0.15744780200553307,0.029007293138962602,0.05578858913022596,0.0,0.0,0.0,0.242244,Оборот 44445 (+0.157); связей 1 (+0.029); seed 1 (+0.056); внешних групп 0 (+0.000); 1–2д 0% (+0.000); цикл +0.00
100000004257714100,3,False,1,0,52220.0,0.0,1,0,1,0,0.0,0.0,0,0.0002921279451852061,0.0,True,False,22,False,1,1.0,terminal,0.55,1.0,in=1/52220 KZT; out=0/0 KZT; tx=1/0; d=3; нет выхода в наблюдаемой выборке,0.15981951271982542,0.029007293138962602,0.05578858913022596,0.0,0.0,0.0,0.244615,Оборот 52220 (+0.160); связей 1 (+0.029); seed 1 (+0.056); внешних групп 0 (+0.000); 1–2д 0% (+0.000); цикл +0.00
100000004260869100,4,False,1,0,10000.0,0.0,1,0,1,0,0.0,0.0,0,0.0008364927035643169,0.0,True,True,16,False,1,1.0,peripheral,0.2,1.0,in=1/10000 KZT; out=0/0 KZT; tx=1/0; d=4; граница выгрузки; роль неизвестна,0.13550359676243048,0.029007293138962602,0.05578858913022596,0.0,0.0,0.0,0.220299,Оборот 10000 (+0.136); связей 1 (+0.029); seed 1 (+0.056); внешних групп 0 (+0.000); 1–2д 0% (+0.000); цикл +0.00
100000004261340100,4,False,1,0,48500.0,0.0,4,0,2,0,0.0,0.0,0,0.0003454364252027161,0.0,True,True,0,False,4,0.25,peripheral,0.2,1.0,in=1/48500 KZT; out=0/0 KZT; tx=4/0; d=4; граница выгрузки; роль неизвестна,0.15873229478175718,0.029007293138962602,0.08842282173954807,0.0,0.0,0.0,0.276162,Оборот 48500 (+0.159); связей 1 (+0.029); seed 2 (+0.088); внешних групп 0 (+0.000); 1–2д 0% (+0.000); цикл +0.00
100000004263867100,4,False,1,0,9000.0,0.0,1,0,1,0,0.0,0.0,0,0.0002888218724436141,0.0,True,True,47,False,1,1.0,peripheral,0.2,1.0,in=1/9000 KZT; out=0/0 KZT; tx=1/0; d=4; граница выгрузки; роль неизвестна,0.13395370090262443,0.029007293138962602,0.05578858913022596,0.0,0.0,0.0,0.21875,Оборот 9000 (+0.134); связей 1 (+0.029); seed 1 (+0.056); внешних групп 0 (+0.000); 1–2д 0% (+0.000); цикл +0.00
100000004265639100,4,False,1,0,10000.0,0.0,1,0,1,0,0.0,0.0,0,0.0005489750909007275,0.0,True,True,8,False,1,1.0,peripheral,0.2,1.0,in=1/10000 KZT; out=0/0 KZT; tx=1/0; d=4; граница выгрузки; роль неизвестна,0.13550359676243048,0.029007293138962602,0.05578858913022596,0.0,0.0,0.0,0.220299,Оборот 10000 (+0.136); связей 1 (+0.029); seed 1 (+0.056); внешних групп 0 (+0.000); 1–2д 0% (+0.000); цикл +0.00
100000004268036100,4,False,1,0,5500.0,0.0,1,0,1,0,0.0,0.0,0,0.00028696119965071146,0.0,True,True,47,False,1,1.0,peripheral,0.2,1.0,in=1/5500 KZT; out=0/0 KZT; tx=1/0; d=4; граница выгрузки; роль неизвестна,0.12670944843109427,0.029007293138962602,0.05578858913022596,0.0,0.0,0.0,0.211505,Оборот 5500 (+0.127); связей 1 (+0.029); seed 1 (+0.056); внешних групп 0 (+0.000); 1–2д 0% (+0.000); цикл +0.00
100000004269433100,0,True,0,1,0.0,1372000.0,0,67,0,0,0.0,0.0,0,0.0002840372852618645,0.0,False,False,3,False,16,0.16417910447761194,peripheral,0.4,1.0,in=0/0 KZT; out=1/1372000 KZT; tx=0/67; d=0; недостаточно признаков других ролей,0.20790614269756383,0.029007293138962602,0.0,0.0,0.0,0.0,0.236913,Оборот 1372000 (+0.208); связей 1 (+0.029); seed 0 (+0.000); внешних групп 0 (+0.000); 1–2д 0% (+0.000); цикл +0.00
100000004272302100,4,False,1,0,10000.0,0.0,1,0,1,0,0.0,0.0,0,0.0002861878806978071,0.0,True,True,57,False,1,1.0,peripheral,0.2,1.0,in=1/10000 KZT; out=0/0 KZT; tx=1/0; d=4; граница выгрузки; роль неизвестна,0.13550359676243048,0.029007293138962602,0.05578858913022596,0.0,0.0,0.0,0.220299,Оборот 10000 (+0.136); связей 1 (+0.029); seed 1 (+0.056); внешних групп 0 (+0.000); 1–2д 0% (+0.000); цикл +0.00
100000004278574100,3,False,1,1,25000.0,12500.0,1,1,3,0,0.0,0.0,0,0.00028484080296699933,0.5,True,False,10,False,2,0.5,peripheral,0.4,1.0,in=1/25000 KZT; out=1/12500 KZT; tx=1/1; d=3; недостаточно признаков других ролей,0.15494813219423714,0.04597547187268181,0.11157717826045192,0.0,0.0,0.0,0.312501,Оборот 37500 (+0.155); связей 2 (+0.046); seed 3 (+0.112); внешних групп 0 (+0.000); 1–2д 0% (+0.000); цикл +0.00
100000004285800100,2,False,1,1,5000.0,15000.0,1,1,4,0,0.0,0.0,0,0.0003422929910694598,3.0,True,False,0,False,2,0.5,peripheral,0.4,1.0,in=1/5000 KZT; out=1/15000 KZT; tx=1/1; d=2; недостаточно признаков других ролей,0.14570041229327152,0.04597547187268181,0.12953709247559939,0.0,0.0,0.0,0.321213,Оборот 20000 (+0.146); связей 2 (+0.046); seed 4 (+0.130); внешних групп 0 (+0.000); 1–2д 0% (+0.000); цикл +0.00
100000004286573100,1,False,1,0,16590.0,0.0,1,0,1,0,0.0,0.0,0,0.0002867725198965425,0.0,True,False,7,False,1,1.0,terminal,0.55,1.0,in=1/16590 KZT; out=0/0 KZT; tx=1/0; d=1; нет выхода в наблюдаемой выборке,0.14295042556543205,0.029007293138962602,0.05578858913022596,0.0,0.0,0.0,0.227746,Оборот 16590 (+0.143); связей 1 (+0.029); seed 1 (+0.056); внешних групп 0 (+0.000); 1–2д 0% (+0.000); цикл +0.00
100000004291560100,3,False,1,0,47190.0,0.0,1,0,2,0,0.0,0.0,0,0.00028667647227489576,0.0,True,False,0,False,1,1.0,terminal,0.55,1.0,in=1/47190 KZT; out=0/0 KZT; tx=1/0; d=3; нет выхода в наблюдаемой выборке,0.15832946347025514,0.029007293138962602,0.08842282173954807,0.0,0.0,0.0,0.27576,Оборот 47190 (+0.158); связей 1 (+0.029); seed 2 (+0.088); внешних групп 0 (+0.000); 1–2д 0% (+0.000); цикл +0.00
100000004291663100,4,False,1,0,25000.0,0.0,1,0,2,0,0.0,0.0,0,0.00030947115153243283,0.0,True,True,0,False,1,1.0,peripheral,0.2,1.0,in=1/25000 KZT; out=0/0 KZT; tx=1/0; d=4; граница выгрузки; роль неизвестна,0.14898314336993435,0.029007293138962602,0.08842282173954807,0.0,0.0,0.0,0.266413,Оборот 25000 (+0.149); связей 1 (+0.029); seed 2 (+0.088); внешних групп 0 (+0.000); 1–2д 0% (+0.000); цикл +0.00
100000004292885100,3,False,1,0,112700.0,0.0,1,0,1,0,0.0,0.0,0,0.0003014983609677357,0.0,True,False,22,False,1,1.0,terminal,0.55,1.0,in=1/112700 KZT; out=0/0 KZT; tx=1/0; d=3; нет выхода в наблюдаемой выборке,0.17113673783968458,0.029007293138962602,0.05578858913022596,0.0,0.0,0.0,0.255933,Оборот 112700 (+0.171); связей 1 (+0.029); seed 1 (+0.056); внешних групп 0 (+0.000); 1–2д 0% (+0.000); цикл +0.00
100000004299488100,1,False,6,2,1749000.0,344999.0,22,14,3,1,252000.0,0.14408233276157806,6,0.0014480635644761556,0.19725500285877645,True,False,0,True,12,0.2222222222222222,consolidator,0.75,1.0,in=6/1749000 KZT; out=2/344999 KZT; tx=22/14; d=1; сбор; выход 20% наблюдаемого входа,0.21412644397575584,0.09195094374536363,0.11157717826045192,0.039397430255579034,0.014408233276157806,0.1,0.57146,Оборот 2093999 (+0.214); связей 8 (+0.092); seed 3 (+0.112); внешних групп 1 (+0.039); 1–2д 14% (+0.014); цикл +0.10
100000004315838100,1,False,2,1,50000.0,18000.0,2,1,5,1,0.0,0.0,0,0.0002898062018059755,0.36,True,False,2,False,3,0.3333333333333333,peripheral,0.4,1.0,in=2/50000 KZT; out=1/18000 KZT; tx=2/1; d=1; недостаточно признаков других ролей,0.16370402381261542,0.058014586277925204,0.14421141086977404,0.039397430255579034,0.0,0.0,0.405327,Оборот 68000 (+0.164); связей 3 (+0.058); seed 5 (+0.144); внешних групп 1 (+0.039); 1–2д 0% (+0.000); цикл +0.00
100000004318918100,1,False,1,0,75600.0,0.0,1,0,5,0,0.0,0.0,0,0.0002954395062675282,0.0,True,False,11,False,1,1.0,terminal,0.55,1.0,in=1/75600 KZT; out=0/0 KZT; tx=1/0; d=1; нет выхода в наблюдаемой выборке,0.16526271291960679,0.029007293138962602,0.14421141086977404,0.0,0.0,0.0,0.338481,Оборот 75600 (+0.165); связей 1 (+0.029); seed 5 (+0.144); внешних групп 0 (+0.000); 1–2д 0% (+0.000); цикл +0.00
100000004321983100,3,False,1,2,10840.0,36200.0,1,3,1,0,0.0,0.0,0,0.0003246111333805792,3.339483394833948,True,False,41,True,3,0.5,peripheral,0.4,1.0,in=1/10840 KZT; out=2/36200 KZT; tx=1/3; d=3; недостаточно признаков других ролей,0.15828262597729395,0.058014586277925204,0.05578858913022596,0.0,0.0,0.1,0.372086,Оборот 47040 (+0.158); связей 3 (+0.058); seed 1 (+0.056); внешних групп 0 (+0.000); 1–2д 0% (+0.000); цикл +0.10
100000004325327100,1,False,2,1,70817.0,70000.0,3,1,2,0,47472.0,0.6703475154270867,1,0.00029418161975156877,0.988463222107686,True,False,0,False,4,0.25,transit,0.65,1.0,in=2/70817 KZT; out=1/70000 KZT; tx=3/1; d=1; вход≈выход; сценарий 1–2д 67% входа,0.17441353162060774,0.058014586277925204,0.08842282173954807,0.0,0.06703475154270867,0.0,0.387886,Оборот 140817 (+0.174); связей 3 (+0.058); seed 2 (+0.088); внешних групп 0 (+0.000); 1–2д 67% (+0.067); цикл +0.00
100000004326224100,4,False,1,0,60000.0,0.0,1,0,3,0,0.0,0.0,0,0.0005316970274034222,0.0,True,True,10,False,1,1.0,peripheral,0.2,1.0,in=1/60000 KZT; out=0/0 KZT; tx=1/0; d=4; граница выгрузки; роль неизвестна,0.16186265796174829,0.029007293138962602,0.11157717826045192,0.0,0.0,0.0,0.302447,Оборот 60000 (+0.162); связей 1 (+0.029); seed 3 (+0.112); внешних групп 0 (+0.000); 1–2д 0% (+0.000); цикл +0.00
100000004330371100,1,False,2,2,264171.0,90681.0,12,6,2,0,5000.0,0.018927134318301404,1,0.0012497220098754442,0.3432662934235779,True,False,16,True,8,0.3333333333333333,peripheral,0.4,1.0,in=2/264171 KZT; out=2/90681 KZT; tx=12/6; d=1; недостаточно признаков других ролей,0.18801084165222828,0.06735284889599069,0.08842282173954807,0.0,0.0018927134318301405,0.1,0.445679,Оборот 354852 (+0.188); связей 4 (+0.067); seed 2 (+0.088); внешних групп 0 (+0.000); 1–2д 2% (+0.002); цикл +0.10
100000004331458100,2,False,2,0,250000.0,0.0,2,0,1,0,0.0,0.0,0,0.0013136485438914555,0.0,True,False,71,False,2,0.5,terminal,0.55,1.0,in=2/250000 KZT; out=0/0 KZT; tx=2/0; d=2; нет выхода в наблюдаемой выборке,0.18285814516124407,0.04597547187268181,0.05578858913022596,0.0,0.0,0.0,0.284622,Оборот 250000 (+0.183); связей 2 (+0.046); seed 1 (+0.056); внешних групп 0 (+0.000); 1–2д 0% (+0.000); цикл +0.00
100000004336228100,3,False,1,0,51407.0,0.0,2,0,1,0,0.0,0.0,0,0.0002944140886895541,0.0,True,False,8,False,1,1.0,terminal,0.55,1.0,in=1/51407 KZT; out=0/0 KZT; tx=2/0; d=3; нет выхода в наблюдаемой выборке,0.15958866872976687,0.029007293138962602,0.05578858913022596,0.0,0.0,0.0,0.244385,Оборот 51407 (+0.160); связей 1 (+0.029); seed 1 (+0.056); внешних групп 0 (+0.000); 1–2д 0% (+0.000); цикл +0.00
100000004336312100,2,False,3,2,90415.0,72650.0,7,3,1,0,21000.0,0.23226234584969307,1,0.00069138759903264,0.8035171155228668,True,False,62,True,6,0.3,peripheral,0.4,1.0,in=3/90415 KZT; out=2/72650 KZT; tx=7/3; d=2; недостаточно признаков других ролей,0.17657158069102913,0.0749827650116444,0.05578858913022596,0.0,0.023226234584969307,0.1,0.430569,Оборот 163065 (+0.177); связей 5 (+0.075); seed 1 (+0.056); внешних групп 0 (+0.000); 1–2д 23% (+0.023); цикл +0.10
100000004340038100,3,False,1,1,9978.0,49000.0,1,1,3,0,0.0,0.0,0,0.0002877033983221858,4.910803768290238,True,False,12,False,2,0.5,peripheral,0.4,1.0,in=1/9978 KZT; out=1/49000 KZT; tx=1/1; d=3; недостаточно признаков других ролей,0.16160990978208364,0.04597547187268181,0.11157717826045192,0.0,0.0,0.0,0.319163,Оборот 58978 (+0.162); связей 2 (+0.046); seed 3 (+0.112); внешних групп 0 (+0.000); 1–2д 0% (+0.000); цикл +0.00
100000004350094100,4,False,1,0,20000.0,0.0,1,0,1,0,0.0,0.0,0,0.0008858571133175853,0.0,True,True,43,False,1,1.0,peripheral,0.2,1.0,in=1/20000 KZT; out=0/0 KZT; tx=1/0; d=4; граница выгрузки; роль неизвестна,0.14570041229327152,0.029007293138962602,0.05578858913022596,0.0,0.0,0.0,0.230496,Оборот 20000 (+0.146); связей 1 (+0.029); seed 1 (+0.056); внешних групп 0 (+0.000); 1–2д 0% (+0.000); цикл +0.00
100000004351795100,1,False,3,14,118333.0,1715161.0,3,37,3,5,118333.0,1.0,3,0.0003117690465552637,14.494359139039828,True,False,0,True,19,0.125,distributor,0.8,1.0,in=3/118333 KZT; out=14/1715161 KZT; tx=3/37; d=1; рассылка многим получателям,0.2121719292225305,0.1209582368843262,0.11157717826045192,0.10184087983544891,0.1,0.1,0.746548,Оборот 1833494 (+0.212); связей 17 (+0.121); seed 3 (+0.112); внешних групп 5 (+0.102); 1–2д 100% (+0.100); цикл +0.10
100000004356593100,2,False,1,1,50000.0,10000.0,1,1,2,0,0.0,0.0,0,0.00029186659233704346,0.2,True,False,2,False,2,0.5,peripheral,0.4,1.0,in=1/50000 KZT; out=1/10000 KZT; tx=1/1; d=2; недостаточно признаков других ролей,0.16186265796174829,0.04597547187268181,0.08842282173954807,0.0,0.0,0.0,0.296261,Оборот 60000 (+0.162); связей 2 (+0.046); seed 2 (+0.088); внешних групп 0 (+0.000); 1–2д 0% (+0.000); цикл +0.00
100000004358004100,0,True,0,11,0.0,980850.0,0,17,0,4,0.0,0.0,0,0.0002840372852618645,0.0,False,False,2,False,12,0.17647058823529413,distributor,0.8,1.0,in=0/0 KZT; out=11/980850 KZT; tx=0/17; d=0; рассылка многим получателям,0.20296873695091666,0.10399005815060701,0.0,0.09147800017679435,0.0,0.0,0.398437,Оборот 980850 (+0.203); связей 11 (+0.104); seed 0 (+0.000); внешних групп 4 (+0.091); 1–2д 0% (+0.000); цикл +0.00
100000004360785100,1,False,1,0,94705.0,0.0,1,0,2,0,0.0,0.0,0,0.00029415280426628866,0.0,True,False,16,False,1,1.0,terminal,0.55,1.0,in=1/94705 KZT; out=0/0 KZT; tx=1/0; d=1; нет выхода в наблюдаемой выборке,0.16857743211151247,0.029007293138962602,0.08842282173954807,0.0,0.0,0.0,0.286008,Оборот 94705 (+0.169); связей 1 (+0.029); seed 2 (+0.088); внешних групп 0 (+0.000); 1–2д 0% (+0.000); цикл +0.00
100000004368189100,3,False,1,2,384600.0,28200.0,1,2,2,0,21700.0,0.056422256890275614,1,0.00030222534317889864,0.07332293291731669,True,False,24,False,3,0.3333333333333333,peripheral,0.4,1.0,in=1/384600 KZT; out=2/28200 KZT; tx=1/2; d=3; недостаточно признаков других ролей,0.19023620185207787,0.058014586277925204,0.08842282173954807,0.0,0.005642225689027561,0.0,0.342316,Оборот 412800 (+0.190); связей 3 (+0.058); seed 2 (+0.088); внешних групп 0 (+0.000); 1–2д 6% (+0.006); цикл +0.00
100000004377043100,4,False,1,0,5700.0,0.0,1,0,1,0,0.0,0.0,0,0.0003613977871416968,0.0,True,True,15,False,1,1.0,peripheral,0.2,1.0,in=1/5700 KZT; out=0/0 KZT; tx=1/0; d=4; граница выгрузки; роль неизвестна,0.12723483746428543,0.029007293138962602,0.05578858913022596,0.0,0.0,0.0,0.212031,Оборот 5700 (+0.127); связей 1 (+0.029); seed 1 (+0.056); внешних групп 0 (+0.000); 1–2д 0% (+0.000); цикл +0.00
100000004379306100,4,False,1,0,15000.0,0.0,1,0,1,0,0.0,0.0,0,0.000528900527107405,0.0,True,True,8,False,1,1.0,peripheral,0.2,1.0,in=1/15000 KZT; out=0/0 KZT; tx=1/0; d=4; граница выгрузки; роль неизвестна,0.14146829138193068,0.029007293138962602,0.05578858913022596,0.0,0.0,0.0,0.226264,Оборот 15000 (+0.141); связей 1 (+0.029); seed 1 (+0.056); внешних групп 0 (+0.000); 1–2д 0% (+0.000); цикл +0.00
100000004386258100,2,False,3,3,61700.0,40000.0,3,3,3,0,0.0,0.0,0,0.0005302960989540988,0.6482982171799028,True,False,7,True,3,0.6666666666666666,peripheral,0.4,1.0,in=3/61700 KZT; out=3/40000 KZT; tx=3/3; d=2; недостаточно признаков других ролей,0.16962580288074922,0.08143376716923444,0.11157717826045192,0.0,0.0,0.1,0.462637,Оборот 101700 (+0.170); связей 6 (+0.081); seed 3 (+0.112); внешних групп 0 (+0.000); 1–2д 0% (+0.000); цикл +0.10
100000004386286100,4,False,1,0,12500.0,0.0,1,0,2,0,0.0,0.0,0,0.0005933238268615497,0.0,True,True,7,False,1,1.0,peripheral,0.2,1.0,in=1/12500 KZT; out=0/0 KZT; tx=1/0; d=4; граница выгрузки; роль неизвестна,0.13878618073938873,0.029007293138962602,0.08842282173954807,0.0,0.0,0.0,0.256216,Оборот 12500 (+0.139); связей 1 (+0.029); seed 2 (+0.088); внешних групп 0 (+0.000); 1–2д 0% (+0.000); цикл +0.00
100000004386331100,3,False,1,2,20000.0,17500.0,1,2,2,0,0.0,0.0,0,0.0005094131273244536,0.875,True,False,7,True,3,0.3333333333333333,peripheral,0.4,1.0,in=1/20000 KZT; out=2/17500 KZT; tx=1/2; d=3; недостаточно признаков других ролей,0.15494813219423714,0.058014586277925204,0.08842282173954807,0.0,0.0,0.1,0.401386,Оборот 37500 (+0.155); связей 3 (+0.058); seed 2 (+0.088); внешних групп 0 (+0.000); 1–2д 0% (+0.000); цикл +0.10
100000004388209100,1,False,1,0,11800.0,0.0,1,0,1,0,0.0,0.0,0,0.00028649531934187353,0.0,True,False,22,False,1,1.0,terminal,0.55,1.0,in=1/11800 KZT; out=0/0 KZT; tx=1/0; d=1; нет выхода в наблюдаемой выборке,0.1379384135598043,0.029007293138962602,0.05578858913022596,0.0,0.0,0.0,0.222734,Оборот 11800 (+0.138); связей 1 (+0.029); seed 1 (+0.056); внешних групп 0 (+0.000); 1–2д 0% (+0.000); цикл +0.00
100000004388353100,1,False,2,0,62960.0,0.0,2,0,6,1,0.0,0.0,0,0.0003388451683090173,0.0,True,False,11,False,2,0.5,terminal,0.55,1.0,in=2/62960 KZT; out=0/0 KZT; tx=2/0; d=1; нет выхода в наблюдаемой выборке,0.1625711013090407,0.04597547187268181,0.1566183702893892,0.039397430255579034,0.0,0.0,0.404562,Оборот 62960 (+0.163); связей 2 (+0.046); seed 6 (+0.157); внешних групп 1 (+0.039); 1–2д 0% (+0.000); цикл +0.00
100000004388983100,0,True,0,2,0.0,450816.0,0,23,0,0,0.0,0.0,0,0.0002840372852618645,0.0,False,False,73,False,5,0.391304347826087,peripheral,0.4,1.0,in=0/0 KZT; out=2/450816 KZT; tx=0/23; d=0; недостаточно признаков других ролей,0.19153226423462688,0.04597547187268181,0.0,0.0,0.0,0.0,0.237508,Оборот 450816 (+0.192); связей 2 (+0.046); seed 0 (+0.000); внешних групп 0 (+0.000); 1–2д 0% (+0.000); цикл +0.00
100000004390333100,1,False,2,9,64558.0,506500.0,2,14,2,2,45751.0,0.7086805663124632,1,0.0002936073940422756,7.845658167849066,True,False,0,True,9,0.25,distributor,0.8,1.0,in=2/64558 KZT; out=9/506500 KZT; tx=2/14; d=1; рассылка многим получателям,0.19501062737240019,0.10399005815060701,0.08842282173954807,0.062443449579869886,0.07086805663124633,0.1,0.620735,Оборот 571058 (+0.195); связей 11 (+0.104); seed 2 (+0.088); внешних групп 2 (+0.062); 1–2д 71% (+0.071); цикл +0.10
100000004394765100,1,False,3,2,603844.0,82500.0,10,2,3,1,35500.0,0.058790018614079134,1,0.0003781069344728831,0.13662469114539516,True,False,16,False,7,0.3333333333333333,peripheral,0.4,1.0,in=3/603844 KZT; out=2/82500 KZT; tx=10/2; d=1; недостаточно признаков других ролей,0.19771597791137688,0.0749827650116444,0.11157717826045192,0.039397430255579034,0.005879001861407914,0.0,0.429552,Оборот 686344 (+0.198); связей 5 (+0.075); seed 3 (+0.112); внешних групп 1 (+0.039); 1–2д 6% (+0.006); цикл +0.00
100000004398811100,2,False,1,3,426000.0,1040672.0,1,4,1,1,0.0,0.0,0,0.00034767805864044545,2.4428920187793426,True,False,2,False,4,0.4,peripheral,0.4,1.0,in=1/426000 KZT; out=3/1040672 KZT; tx=1/4; d=2; недостаточно признаков других ролей,0.2088878172918253,0.06735284889599069,0.05578858913022596,0.039397430255579034,0.0,0.0,0.371427,Оборот 1466672 (+0.209); связей 4 (+0.067); seed 1 (+0.056); внешних групп 1 (+0.039); 1–2д 0% (+0.000); цикл +0.00
100000004399686100,3,False,1,0,806000.0,0.0,2,0,1,0,0.0,0.0,0,0.0005664445142349724,0.0,True,False,21,False,1,1.0,terminal,0.55,1.0,in=1/806000 KZT; out=0/0 KZT; tx=2/0; d=3; нет выхода в наблюдаемой выборке,0.2000802564802037,0.029007293138962602,0.05578858913022596,0.0,0.0,0.0,0.284876,Оборот 806000 (+0.200); связей 1 (+0.029); seed 1 (+0.056); внешних групп 0 (+0.000); 1–2д 0% (+0.000); цикл +0.00
100000004400305100,2,False,7,82,222800.0,5830181.0,9,101,2,9,222800.0,1.0,7,0.0003836041528832539,26.167778276481148,True,False,0,True,22,0.1,coordinator,0.75,1.0,in=7/222800 KZT; out=82/5830181 KZT; tx=9/101; d=2; связь с 2 seed и 9 внеш. группами,0.2297428168369344,0.1883110857803169,0.08842282173954807,0.1308754304323734,0.1,0.1,0.837352,Оборот 6052981 (+0.230); связей 89 (+0.188); seed 2 (+0.088); внешних групп 9 (+0.131); 1–2д 100% (+0.100); цикл +0.10
100000004400361100,2,False,1,0,10000.0,0.0,1,0,4,0,0.0,0.0,0,0.0002856823073914663,0.0,True,False,16,False,1,1.0,terminal,0.55,1.0,in=1/10000 KZT; out=0/0 KZT; tx=1/0; d=2; нет выхода в наблюдаемой выборке,0.13550359676243048,0.029007293138962602,0.12953709247559939,0.0,0.0,0.0,0.294048,Оборот 10000 (+0.136); связей 1 (+0.029); seed 4 (+0.130); внешних групп 0 (+0.000); 1–2д 0% (+0.000); цикл +0.00
100000004400480100,4,False,1,0,21700.0,0.0,1,0,1,0,0.0,0.0,0,0.00048171623756999675,0.0,True,True,24,False,1,1.0,peripheral,0.2,1.0,in=1/21700 KZT; out=0/0 KZT; tx=1/0; d=4; граница выгрузки; роль неизвестна,0.14690055587728287,0.029007293138962602,0.05578858913022596,0.0,0.0,0.0,0.231696,Оборот 21700 (+0.147); связей 1 (+0.029); seed 1 (+0.056); внешних групп 0 (+0.000); 1–2д 0% (+0.000); цикл +0.00
100000004403548100,4,False,1,0,5000.0,0.0,1,0,1,0,0.0,0.0,0,0.0003657928254197173,0.0,True,True,8,False,1,1.0,peripheral,0.2,1.0,in=1/5000 KZT; out=0/0 KZT; tx=1/0; d=4; граница выгрузки; роль неизвестна,0.12530751666392811,0.029007293138962602,0.05578858913022596,0.0,0.0,0.0,0.210103,Оборот 5000 (+0.125); связей 1 (+0.029); seed 1 (+0.056); внешних групп 0 (+0.000); 1–2д 0% (+0.000); цикл +0.00
100000004403641100,4,False,1,0,171500.0,0.0,1,0,1,0,0.0,0.0,0,0.00029891994052523243,0.0,True,True,24,False,1,1.0,peripheral,0.2,1.0,in=1/171500 KZT; out=0/0 KZT; tx=1/0; d=4; граница выгрузки; роль неизвестна,0.1773135645378386,0.029007293138962602,0.05578858913022596,0.0,0.0,0.0,0.262109,Оборот 171500 (+0.177); связей 1 (+0.029); seed 1 (+0.056); внешних групп 0 (+0.000); 1–2д 0% (+0.000); цикл +0.00
100000004403675100,1,False,4,5,182980.0,264699.0,8,6,3,4,53693.0,0.29343644114110834,3,0.0007348682801943384,1.4466007213903158,True,False,49,True,8,0.35714285714285715,peripheral,0.4,0.6666666666666666,in=4/182980 KZT; out=5/264699 KZT; tx=8/6; d=1; недостаточно признаков других ролей,0.19142953357523226,0.09636014203495331,0.11157717826045192,0.09147800017679435,0.029343644114110834,0.1,0.620188,Оборот 447679 (+0.191); связей 9 (+0.096); seed 3 (+0.112); внешних групп 4 (+0.091); 1–2д 29% (+0.029); цикл +0.10
100000004407753100,3,False,1,1,250000.0,100000.0,4,1,1,0,100000.0,0.4,2,0.000871342898942296,0.4,True,False,15,True,4,0.4,peripheral,0.4,1.0,in=1/250000 KZT; out=1/100000 KZT; tx=4/1; d=3; недостаточно признаков других ролей,0.18780829321014983,0.04597547187268181,0.05578858913022596,0.0,0.04000000000000001,0.1,0.429572,Оборот 350000 (+0.188); связей 2 (+0.046); seed 1 (+0.056); внешних групп 0 (+0.000); 1–2д 40% (+0.040); цикл +0.10
100000004408683100,1,False,2,0,112919.68,0.0,3,0,2,0,0.0,0.0,0,0.0003830705650480134,0.0,True,False,16,False,3,0.3333333333333333,terminal,0.55,1.0,in=2/112920 KZT; out=0/0 KZT; tx=3/0; d=1; нет выхода в наблюдаемой выборке,0.17116538689145236,0.04597547187268181,0.08842282173954807,0.0,0.0,0.0,0.305564,Оборот 112920 (+0.171); связей 2 (+0.046); seed 2 (+0.088); внешних групп 0 (+0.000); 1–2д 0% (+0.000); цикл +0.00
100000004410489100,2,False,1,0,54000.0,0.0,1,0,2,0,0.0,0.0,0,0.0003124962450138502,0.0,True,False,2,False,1,1.0,terminal,0.55,1.0,in=1/54000 KZT; out=0/0 KZT; tx=1/0; d=2; нет выхода в наблюдаемой выборке,0.1603126258968977,0.029007293138962602,0.08842282173954807,0.0,0.0,0.0,0.277743,Оборот 54000 (+0.160); связей 1 (+0.029); seed 2 (+0.088); внешних групп 0 (+0.000); 1–2д 0% (+0.000); цикл +0.00
100000004417753100,3,False,2,0,192099.0,0.0,2,0,2,1,0.0,0.0,0,0.000390873338432258,0.0,True,False,2,False,1,1.0,terminal,0.55,1.0,in=2/192099 KZT; out=0/0 KZT; tx=2/0; d=3; нет выхода в наблюдаемой выборке,0.1789822972044279,0.04597547187268181,0.08842282173954807,0.039397430255579034,0.0,0.0,0.352778,Оборот 192099 (+0.179); связей 2 (+0.046); seed 2 (+0.088); внешних групп 1 (+0.039); 1–2д 0% (+0.000); цикл +0.00
100000004418967100,4,False,1,0,100000.0,0.0,1,0,1,0,0.0,0.0,0,0.00045092411559590737,0.0,True,True,4,False,1,1.0,peripheral,0.2,1.0,in=1/100000 KZT; out=0/0 KZT; tx=1/0; d=4; граница выгрузки; роль неизвестна,0.16937780416926437,0.029007293138962602,0.05578858913022596,0.0,0.0,0.0,0.254174,Оборот 100000 (+0.169); связей 1 (+0.029); seed 1 (+0.056); внешних групп 0 (+0.000); 1–2д 0% (+0.000); цикл +0.00
100000004420041100,3,False,1,7,69638.0,651830.0,1,11,1,1,0.0,0.0,0,0.0002980941226010877,9.360263074758034,True,False,7,False,8,0.4166666666666667,distributor,0.8,1.0,in=1/69638 KZT; out=7/651830 KZT; tx=1/11; d=3; рассылка многим получателям,0.19845023686042765,0.09195094374536363,0.05578858913022596,0.039397430255579034,0.0,0.0,0.385587,Оборот 721468 (+0.198); связей 8 (+0.092); seed 1 (+0.056); внешних групп 1 (+0.039); 1–2д 0% (+0.000); цикл +0.00
100000004424023100,2,False,1,1,50000.0,100000.0,1,1,5,0,0.0,0.0,0,0.0009650420570931338,2.0,True,False,24,False,2,0.5,peripheral,0.4,1.0,in=1/50000 KZT; out=1/100000 KZT; tx=1/1; d=2; недостаточно признаков других ролей,0.17534294010700102,0.04597547187268181,0.14421141086977404,0.0,0.0,0.0,0.36553,Оборот 150000 (+0.175); связей 2 (+0.046); seed 5 (+0.144); внешних групп 0 (+0.000); 1–2д 0% (+0.000); цикл +0.00
100000004433250100,4,False,1,0,8000.0,0.0,1,0,2,0,0.0,0.0,0,0.0003049009524833941,0.0,True,True,0,False,1,1.0,peripheral,0.2,1.0,in=1/8000 KZT; out=0/0 KZT; tx=1/0; d=4; граница выгрузки; роль неизвестна,0.13222108633036048,0.029007293138962602,0.08842282173954807,0.0,0.0,0.0,0.249651,Оборот 8000 (+0.132); связей 1 (+0.029); seed 2 (+0.088); внешних групп 0 (+0.000); 1–2д 0% (+0.000); цикл +0.00
100000004435304100,2,False,1,0,26200.0,0.0,1,0,1,0,0.0,0.0,0,0.000292868601891361,0.0,True,False,22,False,1,1.0,terminal,0.55,1.0,in=1/26200 KZT; out=0/0 KZT; tx=1/0; d=2; нет выхода в наблюдаемой выборке,0.14967286568766733,0.029007293138962602,0.05578858913022596,0.0,0.0,0.0,0.234469,Оборот 26200 (+0.150); связей 1 (+0.029); seed 1 (+0.056); внешних групп 0 (+0.000); 1–2д 0% (+0.000); цикл +0.00
100000004441291100,2,False,1,0,20000.0,0.0,1,0,4,0,0.0,0.0,0,0.0005455337010302965,0.0,True,False,2,False,1,1.0,terminal,0.55,1.0,in=1/20000 KZT; out=0/0 KZT; tx=1/0; d=2; нет выхода в наблюдаемой выборке,0.14570041229327152,0.029007293138962602,0.12953709247559939,0.0,0.0,0.0,0.304245,Оборот 20000 (+0.146); связей 1 (+0.029); seed 4 (+0.130); внешних групп 0 (+0.000); 1–2д 0% (+0.000); цикл +0.00
100000004445291100,3,False,1,0,19500.0,0.0,2,0,1,0,0.0,0.0,0,0.0003174472626429236,0.0,True,False,13,False,2,0.5,terminal,0.55,1.0,in=1/19500 KZT; out=0/0 KZT; tx=2/0; d=3; нет выхода в наблюдаемой выборке,0.1453279566675287,0.029007293138962602,0.05578858913022596,0.0,0.0,0.0,0.230124,Оборот 19500 (+0.145); связей 1 (+0.029); seed 1 (+0.056); внешних групп 0 (+0.000); 1–2д 0% (+0.000); цикл +0.00
100000004449824100,4,False,1,0,9000.0,0.0,1,0,1,0,0.0,0.0,0,0.0002888218724436141,0.0,True,True,47,False,1,1.0,peripheral,0.2,1.0,in=1/9000 KZT; out=0/0 KZT; tx=1/0; d=4; граница выгрузки; роль неизвестна,0.13395370090262443,0.029007293138962602,0.05578858913022596,0.0,0.0,0.0,0.21875,Оборот 9000 (+0.134); связей 1 (+0.029); seed 1 (+0.056); внешних групп 0 (+0.000); 1–2д 0% (+0.000); цикл +0.00
100000004450649100,3,False,2,2,192528.0,46527.0,2,2,3,2,5227.0,0.02714929776448101,1,0.0002973227878923886,0.24166355023684866,True,False,10,False,4,0.25,peripheral,0.4,1.0,in=2/192528 KZT; out=2/46527 KZT; tx=2/2; d=3; недостаточно признаков других ролей,0.1821995337786839,0.06735284889599069,0.11157717826045192,0.062443449579869886,0.002714929776448101,0.0,0.426288,Оборот 239055 (+0.182); связей 4 (+0.067); seed 3 (+0.112); внешних групп 2 (+0.062); 1–2д 3% (+0.003); цикл +0.00
100000004451012100,3,False,1,3,91245.0,65740.0,1,3,1,0,0.0,0.0,0,0.00029953082535537877,0.7204778344018851,True,False,43,False,2,0.75,peripheral,0.4,1.0,in=1/91245 KZT; out=3/65740 KZT; tx=1/3; d=3; недостаточно признаков других ролей,0.17601254992615695,0.06735284889599069,0.05578858913022596,0.0,0.0,0.0,0.299154,Оборот 156985 (+0.176); связей 4 (+0.067); seed 1 (+0.056); внешних групп 0 (+0.000); 1–2д 0% (+0.000); цикл +0.00
100000004456564100,2,False,1,0,10000.0,0.0,2,0,3,0,0.0,0.0,0,0.0003898966063354858,0.0,True,False,40,False,2,0.5,terminal,0.55,1.0,in=1/10000 KZT; out=0/0 KZT; tx=2/0; d=2; нет выхода в наблюдаемой выборке,0.13550359676243048,0.029007293138962602,0.11157717826045192,0.0,0.0,0.0,0.276088,Оборот 10000 (+0.136); связей 1 (+0.029); seed 3 (+0.112); внешних групп 0 (+0.000); 1–2д 0% (+0.000); цикл +0.00
100000004463277100,2,False,1,0,35000.0,0.0,1,0,1,0,0.0,0.0,0,0.0006870869008862763,0.0,True,False,27,False,1,1.0,terminal,0.55,1.0,in=1/35000 KZT; out=0/0 KZT; tx=1/0; d=2; нет выхода в наблюдаемой выборке,0.1539331401015672,0.029007293138962602,0.05578858913022596,0.0,0.0,0.0,0.238729,Оборот 35000 (+0.154); связей 1 (+0.029); seed 1 (+0.056); внешних групп 0 (+0.000); 1–2д 0% (+0.000); цикл +0.00
100000004467157100,2,False,1,1,20000.0,7000.0,3,1,1,0,0.0,0.0,0,0.00038418209365458116,0.35,True,False,62,True,4,0.25,peripheral,0.4,1.0,in=1/20000 KZT; out=1/7000 KZT; tx=3/1; d=2; недостаточно признаков других ролей,0.15011534725947276,0.04597547187268181,0.05578858913022596,0.0,0.0,0.1,0.351879,Оборот 27000 (+0.150); связей 2 (+0.046); seed 1 (+0.056); внешних групп 0 (+0.000); 1–2д 0% (+0.000); цикл +0.10
100000004472936100,4,False,1,0,5000.0,0.0,1,0,2,0,0.0,0.0,0,0.0005287481979319019,0.0,True,True,12,False,1,1.0,peripheral,0.2,1.0,in=1/5000 KZT; out=0/0 KZT; tx=1/0; d=4; граница выгрузки; роль неизвестна,0.12530751666392811,0.029007293138962602,0.08842282173954807,0.0,0.0,0.0,0.242738,Оборот 5000 (+0.125); связей 1 (+0.029); seed 2 (+0.088); внешних групп 0 (+0.000); 1–2д 0% (+0.000); цикл +0.00
100000004475818100,3,False,1,3,13000.0,53989.0,1,3,1,1,13000.0,1.0,1,0.0003081068802605387,4.153,True,False,10,True,2,0.5,peripheral,0.4,1.0,in=1/13000 KZT; out=3/53989 KZT; tx=1/3; d=3; недостаточно признаков других ролей,0.16348365258805697,0.06735284889599069,0.05578858913022596,0.039397430255579034,0.1,0.1,0.526023,Оборот 66989 (+0.163); связей 4 (+0.067); seed 1 (+0.056); внешних групп 1 (+0.039); 1–2д 100% (+0.100); цикл +0.10
100000004479404100,2,False,2,1,1492000.0,300000.0,8,2,2,1,0.0,0.0,0,0.0008597380785985959,0.20107238605898123,True,False,50,True,8,0.2,peripheral,0.4,1.0,in=2/1492000 KZT; out=1/300000 KZT; tx=8/2; d=2; недостаточно признаков других ролей,0.21183515622711174,0.058014586277925204,0.08842282173954807,0.039397430255579034,0.0,0.1,0.49767,Оборот 1792000 (+0.212); связей 3 (+0.058); seed 2 (+0.088); внешних групп 1 (+0.039); 1–2д 0% (+0.000); цикл +0.10
100000004480280100,1,False,1,2,146694.0,295850.0,1,7,4,1,71000.0,0.48400070895878494,1,0.00031317305395325547,2.0167832358515003,True,False,2,False,7,0.25,peripheral,0.4,1.0,in=1/146694 KZT; out=2/295850 KZT; tx=1/7; d=1; недостаточно признаков других ролей,0.1912598085421239,0.058014586277925204,0.12953709247559939,0.039397430255579034,0.0484000708958785,0.0,0.466609,Оборот 442544 (+0.191); связей 3 (+0.058); seed 4 (+0.130); внешних групп 1 (+0.039); 1–2д 48% (+0.048); цикл +0.00
100000004486525100,2,False,8,2,360924.0,271045.0,21,3,3,2,87700.0,0.2429874433398721,1,0.0008008088341063648,0.7509752745730403,True,False,0,False,5,0.2916666666666667,peripheral,0.4,1.0,in=8/360924 KZT; out=2/271045 KZT; tx=21/3; d=2; недостаточно признаков других ролей,0.19650167521745024,0.10034874705600798,0.11157717826045192,0.062443449579869886,0.02429874433398721,0.0,0.49517,Оборот 631969 (+0.197); связей 10 (+0.100); seed 3 (+0.112); внешних групп 2 (+0.062); 1–2д 24% (+0.024); цикл +0.00
100000004488265100,3,False,1,0,38740.0,0.0,1,0,1,0,0.0,0.0,0,0.000291857180700009,0.0,True,False,8,False,1,1.0,terminal,0.55,1.0,in=1/38740 KZT; out=0/0 KZT; tx=1/0; d=3; нет выхода в наблюдаемой выборке,0.15542672495577098,0.029007293138962602,0.05578858913022596,0.0,0.0,0.0,0.240223,Оборот 38740 (+0.155); связей 1 (+0.029); seed 1 (+0.056); внешних групп 0 (+0.000); 1–2д 0% (+0.000); цикл +0.00
100000004491749100,3,False,1,0,50000.0,0.0,1,0,1,0,0.0,0.0,0,0.0003488352330530591,0.0,True,False,41,False,1,1.0,terminal,0.55,1.0,in=1/50000 KZT; out=0/0 KZT; tx=1/0; d=3; нет выхода в наблюдаемой выборке,0.1591804002131276,0.029007293138962602,0.05578858913022596,0.0,0.0,0.0,0.243976,Оборот 50000 (+0.159); связей 1 (+0.029); seed 1 (+0.056); внешних групп 0 (+0.000); 1–2д 0% (+0.000); цикл +0.00
100000004491881100,1,False,1,0,17144.0,0.0,1,0,1,0,0.0,0.0,0,0.00028760851714895556,0.0,True,False,22,False,1,1.0,terminal,0.55,1.0,in=1/17144 KZT; out=0/0 KZT; tx=1/0; d=1; нет выхода в наблюдаемой выборке,0.14343365751852413,0.029007293138962602,0.05578858913022596,0.0,0.0,0.0,0.22823,Оборот 17144 (+0.143); связей 1 (+0.029); seed 1 (+0.056); внешних групп 0 (+0.000); 1–2д 0% (+0.000); цикл +0.00
100000004493586100,3,False,1,0,7500.0,0.0,1,0,1,0,0.0,0.0,0,0.0002870851567047396,0.0,True,False,0,False,1,1.0,terminal,0.55,1.0,in=1/7500 KZT; out=0/0 KZT; tx=1/0; d=3; нет выхода в наблюдаемой выборке,0.1312717210074584,0.029007293138962602,0.05578858913022596,0.0,0.0,0.0,0.216068,Оборот 7500 (+0.131); связей 1 (+0.029); seed 1 (+0.056); внешних групп 0 (+0.000); 1–2д 0% (+0.000); цикл +0.00
100000004494983100,1,False,1,0,35000.0,0.0,1,0,1,0,0.0,0.0,0,0.00029132806431273877,0.0,True,False,22,False,1,1.0,terminal,0.55,1.0,in=1/35000 KZT; out=0/0 KZT; tx=1/0; d=1; нет выхода в наблюдаемой выборке,0.1539331401015672,0.029007293138962602,0.05578858913022596,0.0,0.0,0.0,0.238729,Оборот 35000 (+0.154); связей 1 (+0.029); seed 1 (+0.056); внешних групп 0 (+0.000); 1–2д 0% (+0.000); цикл +0.00
100000004497606100,1,False,1,0,15534.0,0.0,1,0,1,0,0.0,0.0,0,0.00028727314131261536,0.0,True,False,22,False,1,1.0,terminal,0.55,1.0,in=1/15534 KZT; out=0/0 KZT; tx=1/0; d=1; нет выхода в наблюдаемой выборке,0.14198289615597603,0.029007293138962602,0.05578858913022596,0.0,0.0,0.0,0.226779,Оборот 15534 (+0.142); связей 1 (+0.029); seed 1 (+0.056); внешних групп 0 (+0.000); 1–2д 0% (+0.000); цикл +0.00
100000004500444100,3,False,2,1,180000.0,74000.0,7,5,1,0,31000.0,0.17222222222222222,2,0.0004619335013026566,0.4111111111111111,True,False,40,False,8,0.3333333333333333,peripheral,0.4,1.0,in=2/180000 KZT; out=1/74000 KZT; tx=7/5; d=3; недостаточно признаков других ролей,0.18309167225463144,0.058014586277925204,0.05578858913022596,0.0,0.017222222222222222,0.0,0.314117,Оборот 254000 (+0.183); связей 3 (+0.058); seed 1 (+0.056); внешних групп 0 (+0.000); 1–2д 17% (+0.017); цикл +0.00
100000004500781100,4,False,1,0,74000.0,0.0,5,0,1,0,0.0,0.0,0,0.0006766807613836312,0.0,True,True,40,False,3,0.4,peripheral,0.2,1.0,in=1/74000 KZT; out=0/0 KZT; tx=5/0; d=4; граница выгрузки; роль неизвестна,0.16494801087361774,0.029007293138962602,0.05578858913022596,0.0,0.0,0.0,0.249744,Оборот 74000 (+0.165); связей 1 (+0.029); seed 1 (+0.056); внешних групп 0 (+0.000); 1–2д 0% (+0.000); цикл +0.00
100000004502048100,4,False,1,0,13888.0,0.0,1,0,1,0,0.0,0.0,0,0.0003378234350527515,0.0,True,True,43,False,1,1.0,peripheral,0.2,1.0,in=1/13888 KZT; out=0/0 KZT; tx=1/0; d=4; граница выгрузки; роль неизвестна,0.1403351808338705,0.029007293138962602,0.05578858913022596,0.0,0.0,0.0,0.225131,Оборот 13888 (+0.140); связей 1 (+0.029); seed 1 (+0.056); внешних групп 0 (+0.000); 1–2д 0% (+0.000); цикл +0.00
100000004508696100,3,False,1,3,7000.0,111000.0,1,4,1,0,7000.0,1.0,1,0.0004200068811906391,15.857142857142858,True,False,19,True,3,0.6,peripheral,0.4,1.0,in=1/7000 KZT; out=3/111000 KZT; tx=1/4; d=3; недостаточно признаков других ролей,0.1718128229238231,0.06735284889599069,0.05578858913022596,0.0,0.1,0.1,0.494954,Оборот 118000 (+0.172); связей 4 (+0.067); seed 1 (+0.056); внешних групп 0 (+0.000); 1–2д 100% (+0.100); цикл +0.10
100000004509286100,1,False,1,0,40000.0,0.0,1,0,4,0,0.0,0.0,0,0.0002919819234042264,0.0,True,False,2,False,1,1.0,terminal,0.55,1.0,in=1/40000 KZT; out=0/0 KZT; tx=1/0; d=1; нет выхода в наблюдаемой выборке,0.15589759558164798,0.029007293138962602,0.12953709247559939,0.0,0.0,0.0,0.314442,Оборот 40000 (+0.156); связей 1 (+0.029); seed 4 (+0.130); внешних групп 0 (+0.000); 1–2д 0% (+0.000); цикл +0.00
100000004526651100,4,False,1,0,33000.0,0.0,1,0,2,0,0.0,0.0,0,0.0002883486680897486,0.0,True,True,4,False,1,1.0,peripheral,0.2,1.0,in=1/33000 KZT; out=0/0 KZT; tx=1/0; d=4; граница выгрузки; роль неизвестна,0.15306750670735536,0.029007293138962602,0.08842282173954807,0.0,0.0,0.0,0.270498,Оборот 33000 (+0.153); связей 1 (+0.029); seed 2 (+0.088); внешних групп 0 (+0.000); 1–2д 0% (+0.000); цикл +0.00
100000004527381100,2,False,1,1,119333.17,273866.11,1,1,1,0,0.0,0.0,0,0.0003733752398972333,2.2949705433954364,True,False,3,True,1,1.0,peripheral,0.4,1.0,in=1/119333 KZT; out=1/273866 KZT; tx=1/1; d=2; недостаточно признаков других ролей,0.18952051613331714,0.04597547187268181,0.05578858913022596,0.0,0.0,0.1,0.391285,Оборот 393199 (+0.190); связей 2 (+0.046); seed 1 (+0.056); внешних групп 0 (+0.000); 1–2д 0% (+0.000); цикл +0.10
100000004539443100,3,False,2,0,61990.0,0.0,2,0,2,0,0.0,0.0,0,0.0009498234571300331,0.0,True,False,2,False,1,1.0,terminal,0.55,1.0,in=2/61990 KZT; out=0/0 KZT; tx=2/0; d=3; нет выхода в наблюдаемой выборке,0.16234267944545175,0.04597547187268181,0.08842282173954807,0.0,0.0,0.0,0.296741,Оборот 61990 (+0.162); связей 2 (+0.046); seed 2 (+0.088); внешних групп 0 (+0.000); 1–2д 0% (+0.000); цикл +0.00
100000004544958100,2,False,1,2,168000.0,23200.0,3,2,4,0,5200.0,0.030952380952380953,1,0.0012088985426125264,0.1380952380952381,True,False,11,True,4,0.4,peripheral,0.4,1.0,in=1/168000 KZT; out=2/23200 KZT; tx=3/2; d=2; недостаточно признаков других ролей,0.17891328578508692,0.058014586277925204,0.12953709247559939,0.0,0.0030952380952380953,0.1,0.46956,Оборот 191200 (+0.179); связей 3 (+0.058); seed 4 (+0.130); внешних групп 0 (+0.000); 1–2д 3% (+0.003); цикл +0.10
100000004549591100,4,False,1,0,49000.0,0.0,1,0,1,0,0.0,0.0,0,0.0004416344618574918,0.0,True,True,19,False,1,1.0,peripheral,0.2,1.0,in=1/49000 KZT; out=0/0 KZT; tx=1/0; d=4; граница выгрузки; роль неизвестна,0.15888318486941783,0.029007293138962602,0.05578858913022596,0.0,0.0,0.0,0.243679,Оборот 49000 (+0.159); связей 1 (+0.029); seed 1 (+0.056); внешних групп 0 (+0.000); 1–2д 0% (+0.000); цикл +0.00
100000004552204100,3,False,1,2,22500.0,10000.0,2,2,1,0,0.0,0.0,0,0.0008576379020107508,0.4444444444444444,True,False,42,True,4,0.25,peripheral,0.4,1.0,in=1/22500 KZT; out=2/10000 KZT; tx=2/2; d=3; недостаточно признаков других ролей,0.15284289918210625,0.058014586277925204,0.05578858913022596,0.0,0.0,0.1,0.366646,Оборот 32500 (+0.153); связей 3 (+0.058); seed 1 (+0.056); внешних групп 0 (+0.000); 1–2д 0% (+0.000); цикл +0.10
100000004553349100,3,False,1,0,7755.0,0.0,1,0,1,0,0.0,0.0,0,0.0002983957244322275,0.0,True,False,10,False,1,1.0,terminal,0.55,1.0,in=1/7755 KZT; out=0/0 KZT; tx=1/0; d=3; нет выхода в наблюдаемой выборке,0.13176354748153882,0.029007293138962602,0.05578858913022596,0.0,0.0,0.0,0.216559,Оборот 7755 (+0.132); связей 1 (+0.029); seed 1 (+0.056); внешних групп 0 (+0.000); 1–2д 0% (+0.000); цикл +0.00
100000004559194100,1,False,1,0,282145.0,0.0,6,0,2,0,0.0,0.0,0,0.000314173424953573,0.0,True,False,16,False,5,0.3333333333333333,terminal,0.55,1.0,in=1/282145 KZT; out=0/0 KZT; tx=6/0; d=1; нет выхода в наблюдаемой выборке,0.18463769971909233,0.029007293138962602,0.08842282173954807,0.0,0.0,0.0,0.302068,Оборот 282145 (+0.185); связей 1 (+0.029); seed 2 (+0.088); внешних групп 0 (+0.000); 1–2д 0% (+0.000); цикл +0.00
100000004564736100,3,False,1,0,15000.0,0.0,2,0,2,0,0.0,0.0,0,0.00037478727493762395,0.0,True,False,29,False,2,0.5,terminal,0.55,1.0,in=1/15000 KZT; out=0/0 KZT; tx=2/0; d=3; нет выхода в наблюдаемой выборке,0.14146829138193068,0.029007293138962602,0.08842282173954807,0.0,0.0,0.0,0.258898,Оборот 15000 (+0.141); связей 1 (+0.029); seed 2 (+0.088); внешних групп 0 (+0.000); 1–2д 0% (+0.000); цикл +0.00
100000004569484100,3,False,2,4,98312.0,156000.0,3,4,2,2,0.0,0.0,0,0.0003176306570251512,1.586784929611848,True,False,18,True,6,0.2857142857142857,peripheral,0.4,0.6666666666666666,in=2/98312 KZT; out=4/156000 KZT; tx=3/4; d=3; недостаточно признаков других ролей,0.18310973247316434,0.08143376716923444,0.08842282173954807,0.062443449579869886,0.0,0.1,0.51541,Оборот 254312 (+0.183); связей 6 (+0.081); seed 2 (+0.088); внешних групп 2 (+0.062); 1–2д 0% (+0.000); цикл +0.10
100000004569637100,4,False,1,0,5500.0,0.0,1,0,1,0,0.0,0.0,0,0.0005498067268896697,0.0,True,True,8,False,1,1.0,peripheral,0.2,1.0,in=1/5500 KZT; out=0/0 KZT; tx=1/0; d=4; граница выгрузки; роль неизвестна,0.12670944843109427,0.029007293138962602,0.05578858913022596,0.0,0.0,0.0,0.211505,Оборот 5500 (+0.127); связей 1 (+0.029); seed 1 (+0.056); внешних групп 0 (+0.000); 1–2д 0% (+0.000); цикл +0.00
100000004571634100,4,False,1,0,20000.0,0.0,1,0,1,0,0.0,0.0,0,0.0003719994528727197,0.0,True,True,11,False,1,1.0,peripheral,0.2,1.0,in=1/20000 KZT; out=0/0 KZT; tx=1/0; d=4; граница выгрузки; роль неизвестна,0.14570041229327152,0.029007293138962602,0.05578858913022596,0.0,0.0,0.0,0.230496,Оборот 20000 (+0.146); связей 1 (+0.029); seed 1 (+0.056); внешних групп 0 (+0.000); 1–2д 0% (+0.000); цикл +0.00
100000004573782100,2,False,1,0,15000.0,0.0,1,0,1,0,0.0,0.0,0,0.0003081764266508301,0.0,True,False,1,False,1,1.0,terminal,0.55,1.0,in=1/15000 KZT; out=0/0 KZT; tx=1/0; d=2; нет выхода в наблюдаемой выборке,0.14146829138193068,0.029007293138962602,0.05578858913022596,0.0,0.0,0.0,0.226264,Оборот 15000 (+0.141); связей 1 (+0.029); seed 1 (+0.056); внешних групп 0 (+0.000); 1–2д 0% (+0.000); цикл +0.00
100000004580202100,2,False,1,3,9000.0,45000.0,1,4,2,0,5000.0,0.5555555555555556,1,0.00032029408119675987,5.0,True,False,29,False,4,0.4,peripheral,0.4,1.0,in=1/9000 KZT; out=3/45000 KZT; tx=1/4; d=2; недостаточно признаков других ролей,0.1603126258968977,0.06735284889599069,0.08842282173954807,0.0,0.05555555555555556,0.0,0.371644,Оборот 54000 (+0.160); связей 4 (+0.067); seed 2 (+0.088); внешних групп 0 (+0.000); 1–2д 56% (+0.056); цикл +0.00
100000004580254100,3,False,2,0,27940.0,0.0,2,0,1,1,0.0,0.0,0,0.00031055993218012125,0.0,True,False,28,False,2,0.5,terminal,0.55,1.0,in=2/27940 KZT; out=0/0 KZT; tx=2/0; d=3; нет выхода в наблюдаемой выборке,0.15061880867571856,0.04597547187268181,0.05578858913022596,0.039397430255579034,0.0,0.0,0.29178,Оборот 27940 (+0.151); связей 2 (+0.046); seed 1 (+0.056); внешних групп 1 (+0.039); 1–2д 0% (+0.000); цикл +0.00
100000004584730100,4,False,1,0,47000.0,0.0,1,0,1,0,0.0,0.0,0,0.0003021363233661396,0.0,True,True,50,False,1,1.0,peripheral,0.2,1.0,in=1/47000 KZT; out=0/0 KZT; tx=1/0; d=4; граница выгрузки; роль неизвестна,0.15827011075452102,0.029007293138962602,0.05578858913022596,0.0,0.0,0.0,0.243066,Оборот 47000 (+0.158); связей 1 (+0.029); seed 1 (+0.056); внешних групп 0 (+0.000); 1–2д 0% (+0.000); цикл +0.00
100000004586598100,4,False,1,0,761255.0,0.0,4,0,1,0,0.0,0.0,0,0.0005360536008426938,0.0,True,True,25,False,4,0.25,peripheral,0.2,1.0,in=1/761255 KZT; out=0/0 KZT; tx=4/0; d=4; граница выгрузки; роль неизвестна,0.19923997893737466,0.029007293138962602,0.05578858913022596,0.0,0.0,0.0,0.284036,Оборот 761255 (+0.199); связей 1 (+0.029); seed 1 (+0.056); внешних групп 0 (+0.000); 1–2д 0% (+0.000); цикл +0.00
100000004587414100,3,False,2,0,533603.0,0.0,2,0,3,1,0.0,0.0,0,0.0003131098264031329,0.0,True,False,10,False,2,0.5,terminal,0.55,1.0,in=2/533603 KZT; out=0/0 KZT; tx=2/0; d=3; нет выхода в наблюдаемой выборке,0.19401258971765148,0.04597547187268181,0.11157717826045192,0.039397430255579034,0.0,0.0,0.390963,Оборот 533603 (+0.194); связей 2 (+0.046); seed 3 (+0.112); внешних групп 1 (+0.039); 1–2д 0% (+0.000); цикл +0.00
100000004588479100,1,False,1,0,177633.0,0.0,2,0,2,0,0.0,0.0,0,0.00030301041220672355,0.0,True,False,16,False,2,0.5,terminal,0.55,1.0,in=1/177633 KZT; out=0/0 KZT; tx=2/0; d=1; нет выхода в наблюдаемой выборке,0.17783048613438132,0.029007293138962602,0.08842282173954807,0.0,0.0,0.0,0.295261,Оборот 177633 (+0.178); связей 1 (+0.029); seed 2 (+0.088); внешних групп 0 (+0.000); 1–2д 0% (+0.000); цикл +0.00
100000004591973100,3,False,1,1,10000.0,100000.0,1,1,2,0,0.0,0.0,0,0.00039672520629315905,10.0,True,False,7,False,2,0.5,peripheral,0.4,1.0,in=1/10000 KZT; out=1/100000 KZT; tx=1/1; d=3; недостаточно признаков других ролей,0.17077999000111155,0.04597547187268181,0.08842282173954807,0.0,0.0,0.0,0.305178,Оборот 110000 (+0.171); связей 2 (+0.046); seed 2 (+0.088); внешних групп 0 (+0.000); 1–2д 0% (+0.000); цикл +0.00
100000004592467100,2,False,1,0,7000.0,0.0,1,0,1,0,0.0,0.0,0,0.00028508302566949376,0.0,True,False,2,False,1,1.0,terminal,0.55,1.0,in=1/7000 KZT; out=0/0 KZT; tx=1/0; d=2; нет выхода в наблюдаемой выборке,0.13025684098731208,0.029007293138962602,0.05578858913022596,0.0,0.0,0.0,0.215053,Оборот 7000 (+0.130); связей 1 (+0.029); seed 1 (+0.056); внешних групп 0 (+0.000); 1–2д 0% (+0.000); цикл +0.00
100000004596284100,4,False,1,0,30000.0,0.0,1,0,1,0,0.0,0.0,0,0.0005878009594684961,0.0,True,True,16,False,1,1.0,peripheral,0.2,1.0,in=1/30000 KZT; out=0/0 KZT; tx=1/0; d=4; граница выгрузки; роль неизвестна,0.15166535208139753,0.029007293138962602,0.05578858913022596,0.0,0.0,0.0,0.236461,Оборот 30000 (+0.152); связей 1 (+0.029); seed 1 (+0.056); внешних групп 0 (+0.000); 1–2д 0% (+0.000); цикл +0.00
100000004601193100,4,False,1,0,84000.0,0.0,3,0,1,0,0.0,0.0,0,0.0005996320860194805,0.0,True,True,11,False,3,0.3333333333333333,peripheral,0.2,1.0,in=1/84000 KZT; out=0/0 KZT; tx=3/0; d=4; граница выгрузки; роль неизвестна,0.16681275276832652,0.029007293138962602,0.05578858913022596,0.0,0.0,0.0,0.251609,Оборот 84000 (+0.167); связей 1 (+0.029); seed 1 (+0.056); внешних групп 0 (+0.000); 1–2д 0% (+0.000); цикл +0.00
100000004603109100,3,False,3,2,2730000.0,400000.0,8,2,2,0,100000.0,0.03663003663003663,1,0.0033684357570548107,0.14652014652014653,True,False,21,True,6,0.4,peripheral,0.4,1.0,in=3/2730000 KZT; out=2/400000 KZT; tx=8/2; d=3; недостаточно признаков других ролей,0.220040020932474,0.0749827650116444,0.08842282173954807,0.0,0.0036630036630036634,0.1,0.487109,Оборот 3130000 (+0.220); связей 5 (+0.075); seed 2 (+0.088); внешних групп 0 (+0.000); 1–2д 4% (+0.004); цикл +0.10
100000004610802100,4,False,1,0,241000.0,0.0,18,0,1,0,0.0,0.0,0,0.0004711600296508655,0.0,True,True,56,False,14,0.1111111111111111,peripheral,0.2,1.0,in=1/241000 KZT; out=0/0 KZT; tx=18/0; d=4; граница выгрузки; роль неизвестна,0.18231874842070536,0.029007293138962602,0.05578858913022596,0.0,0.0,0.0,0.267115,Оборот 241000 (+0.182); связей 1 (+0.029); seed 1 (+0.056); внешних групп 0 (+0.000); 1–2д 0% (+0.000); цикл +0.00
100000004611571100,3,False,1,0,22550.0,0.0,1,0,2,0,0.0,0.0,0,0.0002852984352331265,0.0,True,False,0,False,1,1.0,terminal,0.55,1.0,in=1/22550 KZT; out=0/0 KZT; tx=1/0; d=3; нет выхода в наблюдаемой выборке,0.14746580495943531,0.029007293138962602,0.08842282173954807,0.0,0.0,0.0,0.264896,Оборот 22550 (+0.147); связей 1 (+0.029); seed 2 (+0.088); внешних групп 0 (+0.000); 1–2д 0% (+0.000); цикл +0.00
100000004613582100,3,False,1,1,5000.0,9500.0,1,1,1,0,0.0,0.0,0,0.0005500909019586994,1.9,True,False,1,False,2,0.5,peripheral,0.4,1.0,in=1/5000 KZT; out=1/9500 KZT; tx=1/1; d=3; недостаточно признаков других ролей,0.14096956705133798,0.04597547187268181,0.05578858913022596,0.0,0.0,0.0,0.242734,Оборот 14500 (+0.141); связей 2 (+0.046); seed 1 (+0.056); внешних групп 0 (+0.000); 1–2д 0% (+0.000); цикл +0.00
100000004616845100,4,False,1,0,20200.0,0.0,2,0,1,0,0.0,0.0,0,0.0002872648846150555,0.0,True,True,44,False,2,0.5,peripheral,0.2,1.0,in=1/20200 KZT; out=0/0 KZT; tx=2/0; d=4; граница выгрузки; роль неизвестна,0.14584679384379576,0.029007293138962602,0.05578858913022596,0.0,0.0,0.0,0.230643,Оборот 20200 (+0.146); связей 1 (+0.029); seed 1 (+0.056); внешних групп 0 (+0.000); 1–2д 0% (+0.000); цикл +0.00
100000004622227100,1,False,1,3,24931.0,19000.0,1,3,1,2,0.0,0.0,0,0.0002886791414168412,0.762103405398901,True,False,0,False,3,0.5,peripheral,0.4,1.0,in=1/24931 KZT; out=3/19000 KZT; tx=1/3; d=1; недостаточно признаков других ролей,0.1572766727463682,0.06735284889599069,0.05578858913022596,0.062443449579869886,0.0,0.0,0.342862,Оборот 43931 (+0.157); связей 4 (+0.067); seed 1 (+0.056); внешних групп 2 (+0.062); 1–2д 0% (+0.000); цикл +0.00
100000004629688100,3,False,1,1,5000.0,15000.0,1,2,3,0,0.0,0.0,0,0.00038542440684862905,3.0,True,False,3,True,3,0.3333333333333333,peripheral,0.4,1.0,in=1/5000 KZT; out=1/15000 KZT; tx=1/2; d=3; недостаточно признаков других ролей,0.14570041229327152,0.04597547187268181,0.11157717826045192,0.0,0.0,0.1,0.403253,Оборот 20000 (+0.146); связей 2 (+0.046); seed 3 (+0.112); внешних групп 0 (+0.000); 1–2д 0% (+0.000); цикл +0.10
100000004634420100,3,False,1,0,26150.0,0.0,1,0,1,0,0.0,0.0,0,0.00028808881258847083,0.0,True,False,22,False,1,1.0,terminal,0.55,1.0,in=1/26150 KZT; out=0/0 KZT; tx=1/0; d=3; нет выхода в наблюдаемой выборке,0.14964476368423635,0.029007293138962602,0.05578858913022596,0.0,0.0,0.0,0.234441,Оборот 26150 (+0.150); связей 1 (+0.029); seed 1 (+0.056); внешних групп 0 (+0.000); 1–2д 0% (+0.000); цикл +0.00
100000004635886100,3,False,1,0,23000.0,0.0,1,0,2,0,0.0,0.0,0,0.0002908808544818025,0.0,True,False,16,False,1,1.0,terminal,0.55,1.0,in=1/23000 KZT; out=0/0 KZT; tx=1/0; d=3; нет выхода в наблюдаемой выборке,0.14775648794763754,0.029007293138962602,0.08842282173954807,0.0,0.0,0.0,0.265187,Оборот 23000 (+0.148); связей 1 (+0.029); seed 2 (+0.088); внешних групп 0 (+0.000); 1–2д 0% (+0.000); цикл +0.00
100000004644615100,3,False,1,2,50810.0,379665.0,1,14,1,0,0.0,0.0,0,0.0003722487609629505,7.472249557173785,True,False,24,False,12,0.13333333333333333,peripheral,0.4,1.0,in=1/50810 KZT; out=2/379665 KZT; tx=1/14; d=3; недостаточно признаков других ролей,0.19085301440092664,0.058014586277925204,0.05578858913022596,0.0,0.0,0.0,0.304656,Оборот 430475 (+0.191); связей 3 (+0.058); seed 1 (+0.056); внешних групп 0 (+0.000); 1–2д 0% (+0.000); цикл +0.00
100000004652395100,4,False,3,0,101528.0,0.0,5,0,3,1,0.0,0.0,0,0.00033383623658682555,0.0,True,True,0,False,1,1.0,peripheral,0.2,1.0,in=3/101528 KZT; out=0/0 KZT; tx=5/0; d=4; граница выгрузки; роль неизвестна,0.16960090048347917,0.058014586277925204,0.11157717826045192,0.039397430255579034,0.0,0.0,0.37859,Оборот 101528 (+0.170); связей 3 (+0.058); seed 3 (+0.112); внешних групп 1 (+0.039); 1–2д 0% (+0.000); цикл +0.00
100000004655046100,4,False,1,0,24000.0,0.0,1,0,1,0,0.0,0.0,0,0.0005541511681462228,0.0,True,True,18,False,1,1.0,peripheral,0.2,1.0,in=1/24000 KZT; out=0/0 KZT; tx=1/0; d=4; граница выгрузки; роль неизвестна,0.1483825964868302,0.029007293138962602,0.05578858913022596,0.0,0.0,0.0,0.233178,Оборот 24000 (+0.148); связей 1 (+0.029); seed 1 (+0.056); внешних групп 0 (+0.000); 1–2д 0% (+0.000); цикл +0.00
100000004657034100,3,False,1,0,141250.0,0.0,1,0,3,0,0.0,0.0,0,0.00028857716029587644,0.0,True,False,10,False,1,1.0,terminal,0.55,1.0,in=1/141250 KZT; out=0/0 KZT; tx=1/0; d=3; нет выхода в наблюдаемой выборке,0.17445869987453844,0.029007293138962602,0.11157717826045192,0.0,0.0,0.0,0.315043,Оборот 141250 (+0.174); связей 1 (+0.029); seed 3 (+0.112); внешних групп 0 (+0.000); 1–2д 0% (+0.000); цикл +0.00
100000004659919100,3,False,1,1,110000.0,39000.0,2,1,2,0,0.0,0.0,0,0.0007202226840458004,0.35454545454545455,True,False,48,False,3,0.3333333333333333,peripheral,0.4,1.0,in=1/110000 KZT; out=1/39000 KZT; tx=2/1; d=3; недостаточно признаков других ролей,0.17524453266346296,0.04597547187268181,0.08842282173954807,0.0,0.0,0.0,0.309643,Оборот 149000 (+0.175); связей 2 (+0.046); seed 2 (+0.088); внешних групп 0 (+0.000); 1–2д 0% (+0.000); цикл +0.00
100000004662806100,1,False,2,2,106585.0,59900.0,2,3,2,1,58905.0,0.5526575034010415,2,0.000303785020632256,0.5619927757189098,True,False,7,False,4,0.4,peripheral,0.4,1.0,in=2/106585 KZT; out=2/59900 KZT; tx=2/3; d=1; недостаточно признаков других ролей,0.17687694492571848,0.06735284889599069,0.08842282173954807,0.039397430255579034,0.05526575034010415,0.0,0.427316,Оборот 166485 (+0.177); связей 4 (+0.067); seed 2 (+0.088); внешних групп 1 (+0.039); 1–2д 55% (+0.055); цикл +0.00
100000004664515100,1,False,1,0,37691.0,0.0,1,0,1,0,0.0,0.0,0,0.0002910549018972673,0.0,True,False,0,False,1,1.0,terminal,0.55,1.0,in=1/37691 KZT; out=0/0 KZT; tx=1/0; d=1; нет выхода в наблюдаемой выборке,0.15502287292034003,0.029007293138962602,0.05578858913022596,0.0,0.0,0.0,0.239819,Оборот 37691 (+0.155); связей 1 (+0.029); seed 1 (+0.056); внешних групп 0 (+0.000); 1–2д 0% (+0.000); цикл +0.00
100000004664905100,1,False,2,0,329020.0,0.0,4,0,2,0,0.0,0.0,0,0.000409394495853232,0.0,True,False,16,False,4,0.25,terminal,0.55,1.0,in=2/329020 KZT; out=0/0 KZT; tx=4/0; d=1; нет выхода в наблюдаемой выборке,0.18689888196768467,0.04597547187268181,0.08842282173954807,0.0,0.0,0.0,0.321297,Оборот 329020 (+0.187); связей 2 (+0.046); seed 2 (+0.088); внешних групп 0 (+0.000); 1–2д 0% (+0.000); цикл +0.00
100000004666651100,2,False,1,0,429250.0,0.0,1,0,4,0,0.0,0.0,0,0.0004548655294280044,0.0,True,False,74,False,1,1.0,terminal,0.55,1.0,in=1/429250 KZT; out=0/0 KZT; tx=1/0; d=2; нет выхода в наблюдаемой выборке,0.1908110890950071,0.029007293138962602,0.12953709247559939,0.0,0.0,0.0,0.349355,Оборот 429250 (+0.191); связей 1 (+0.029); seed 4 (+0.130); внешних групп 0 (+0.000); 1–2д 0% (+0.000); цикл +0.00
100000004670388100,3,False,1,2,160354.0,720000.0,1,4,1,0,0.0,0.0,0,0.0005106658992940043,4.490065729573319,True,False,6,True,3,0.6,peripheral,0.4,1.0,in=1/160354 KZT; out=2/720000 KZT; tx=1/4; d=3; недостаточно признаков других ролей,0.20137844321730247,0.058014586277925204,0.05578858913022596,0.0,0.0,0.1,0.415182,Оборот 880354 (+0.201); связей 3 (+0.058); seed 1 (+0.056); внешних групп 0 (+0.000); 1–2д 0% (+0.000); цикл +0.10
100000004671609100,3,False,1,0,100000.0,0.0,1,0,1,0,0.0,0.0,0,0.0002986109014294391,0.0,True,False,24,False,1,1.0,terminal,0.55,1.0,in=1/100000 KZT; out=0/0 KZT; tx=1/0; d=3; нет выхода в наблюдаемой выборке,0.16937780416926437,0.029007293138962602,0.05578858913022596,0.0,0.0,0.0,0.254174,Оборот 100000 (+0.169); связей 1 (+0.029); seed 1 (+0.056); внешних групп 0 (+0.000); 1–2д 0% (+0.000); цикл +0.00
100000004673335100,4,False,1,0,80000.0,0.0,1,0,1,0,0.0,0.0,0,0.0004904325350799609,0.0,True,True,33,False,1,1.0,peripheral,0.2,1.0,in=1/80000 KZT; out=0/0 KZT; tx=1/0; d=4; граница выгрузки; роль неизвестна,0.16609496275913513,0.029007293138962602,0.05578858913022596,0.0,0.0,0.0,0.250891,Оборот 80000 (+0.166); связей 1 (+0.029); seed 1 (+0.056); внешних групп 0 (+0.000); 1–2д 0% (+0.000); цикл +0.00
100000004674178100,4,False,1,0,20000.0,0.0,1,0,1,0,0.0,0.0,0,0.0003010970999742768,0.0,True,True,13,False,1,1.0,peripheral,0.2,1.0,in=1/20000 KZT; out=0/0 KZT; tx=1/0; d=4; граница выгрузки; роль неизвестна,0.14570041229327152,0.029007293138962602,0.05578858913022596,0.0,0.0,0.0,0.230496,Оборот 20000 (+0.146); связей 1 (+0.029); seed 1 (+0.056); внешних групп 0 (+0.000); 1–2д 0% (+0.000); цикл +0.00
100000004674389100,4,False,1,0,15000.0,0.0,1,0,1,0,0.0,0.0,0,0.0003500089109700059,0.0,True,True,11,False,1,1.0,peripheral,0.2,1.0,in=1/15000 KZT; out=0/0 KZT; tx=1/0; d=4; граница выгрузки; роль неизвестна,0.14146829138193068,0.029007293138962602,0.05578858913022596,0.0,0.0,0.0,0.226264,Оборот 15000 (+0.141); связей 1 (+0.029); seed 1 (+0.056); внешних групп 0 (+0.000); 1–2д 0% (+0.000); цикл +0.00
100000004674412100,4,False,1,0,46000.0,0.0,1,0,1,0,0.0,0.0,0,0.00048635027076683157,0.0,True,True,11,False,1,1.0,peripheral,0.2,1.0,in=1/46000 KZT; out=0/0 KZT; tx=1/0; d=4; граница выгрузки; роль неизвестна,0.1579537192064216,0.029007293138962602,0.05578858913022596,0.0,0.0,0.0,0.24275,Оборот 46000 (+0.158); связей 1 (+0.029); seed 1 (+0.056); внешних групп 0 (+0.000); 1–2д 0% (+0.000); цикл +0.00
100000004674799100,2,False,1,0,140000.0,0.0,5,0,3,0,0.0,0.0,0,0.0007835157306521877,0.0,True,False,0,False,3,0.4,terminal,0.55,1.0,in=1/140000 KZT; out=0/0 KZT; tx=5/0; d=2; нет выхода в наблюдаемой выборке,0.1743279269979761,0.029007293138962602,0.11157717826045192,0.0,0.0,0.0,0.314912,Оборот 140000 (+0.174); связей 1 (+0.029); seed 3 (+0.112); внешних групп 0 (+0.000); 1–2д 0% (+0.000); цикл +0.00
100000004676985100,3,False,1,1,32260.0,27102.0,1,1,2,0,0.0,0.0,0,0.0002858414847329471,0.8401115933044018,True,False,0,False,2,0.5,peripheral,0.4,1.0,in=1/32260 KZT; out=1/27102 KZT; tx=1/1; d=3; недостаточно признаков других ролей,0.16170538579348892,0.04597547187268181,0.08842282173954807,0.0,0.0,0.0,0.296104,Оборот 59362 (+0.162); связей 2 (+0.046); seed 2 (+0.088); внешних групп 0 (+0.000); 1–2д 0% (+0.000); цикл +0.00
100000004677680100,1,False,2,1,63000.0,168000.0,2,3,5,0,18000.0,0.2857142857142857,1,0.0010880720674013385,2.6666666666666665,True,False,11,True,4,0.4,peripheral,0.4,1.0,in=2/63000 KZT; out=1/168000 KZT; tx=2/3; d=1; недостаточно признаков других ролей,0.1816952697843416,0.058014586277925204,0.14421141086977404,0.0,0.02857142857142857,0.1,0.512493,Оборот 231000 (+0.182); связей 3 (+0.058); seed 5 (+0.144); внешних групп 0 (+0.000); 1–2д 29% (+0.029); цикл +0.10
100000004679953100,1,False,3,3,343538.0,34100.0,3,3,2,4,21300.0,0.06200187461066898,2,0.000332359475918439,0.09926121709970949,True,False,8,True,5,0.3333333333333333,peripheral,0.4,1.0,in=3/343538 KZT; out=3/34100 KZT; tx=3/3; d=1; недостаточно признаков других ролей,0.18892644163387587,0.08143376716923444,0.08842282173954807,0.09147800017679435,0.0062001874610668984,0.1,0.556461,Оборот 377638 (+0.189); связей 6 (+0.081); seed 2 (+0.088); внешних групп 4 (+0.091); 1–2д 6% (+0.006); цикл +0.10
100000004687099100,2,False,1,0,30000.0,0.0,1,0,1,0,0.0,0.0,0,0.00033231556803979567,0.0,True,False,1,False,1,1.0,terminal,0.55,1.0,in=1/30000 KZT; out=0/0 KZT; tx=1/0; d=2; нет выхода в наблюдаемой выборке,0.15166535208139753,0.029007293138962602,0.05578858913022596,0.0,0.0,0.0,0.236461,Оборот 30000 (+0.152); связей 1 (+0.029); seed 1 (+0.056); внешних групп 0 (+0.000); 1–2д 0% (+0.000); цикл +0.00
100000004687282100,2,False,1,0,20000.0,0.0,1,0,1,0,0.0,0.0,0,0.00033039134092468754,0.0,True,False,16,False,1,1.0,terminal,0.55,1.0,in=1/20000 KZT; out=0/0 KZT; tx=1/0; d=2; нет выхода в наблюдаемой выборке,0.14570041229327152,0.029007293138962602,0.05578858913022596,0.0,0.0,0.0,0.230496,Оборот 20000 (+0.146); связей 1 (+0.029); seed 1 (+0.056); внешних групп 0 (+0.000); 1–2д 0% (+0.000); цикл +0.00
100000004689658100,3,False,1,1,456100.0,7092.0,1,1,1,0,0.0,0.0,0,0.000384006699718242,0.015549221661916246,True,False,8,False,2,0.5,peripheral,0.4,1.0,in=1/456100 KZT; out=1/7092 KZT; tx=1/1; d=3; недостаточно признаков других ролей,0.19193069816955222,0.04597547187268181,0.05578858913022596,0.0,0.0,0.0,0.293695,Оборот 463192 (+0.192); связей 2 (+0.046); seed 1 (+0.056); внешних групп 0 (+0.000); 1–2д 0% (+0.000); цикл +0.00
100000004691350100,4,False,1,0,13300.0,0.0,1,0,1,0,0.0,0.0,0,0.0008804550843035276,0.0,True,True,6,False,1,1.0,peripheral,0.2,1.0,in=1/13300 KZT; out=0/0 KZT; tx=1/0; d=4; граница выгрузки; роль неизвестна,0.13969877191467003,0.029007293138962602,0.05578858913022596,0.0,0.0,0.0,0.224495,Оборот 13300 (+0.140); связей 1 (+0.029); seed 1 (+0.056); внешних групп 0 (+0.000); 1–2д 0% (+0.000); цикл +0.00
100000004692798100,1,False,2,1,240305.0,15000.0,4,2,1,0,0.0,0.0,0,0.002006648778073443,0.06242067372713843,True,False,7,True,4,0.5,peripheral,0.4,1.0,in=2/240305 KZT; out=1/15000 KZT; tx=4/2; d=1; недостаточно признаков других ролей,0.18316706546568273,0.058014586277925204,0.05578858913022596,0.0,0.0,0.1,0.39697,Оборот 255305 (+0.183); связей 3 (+0.058); seed 1 (+0.056); внешних групп 0 (+0.000); 1–2д 0% (+0.000); цикл +0.10
100000004697956100,3,False,1,1,10000.0,10000.0,1,1,1,0,0.0,0.0,0,0.0004656095541818629,1.0,True,False,41,True,2,0.5,peripheral,0.4,1.0,in=1/10000 KZT; out=1/10000 KZT; tx=1/1; d=3; недостаточно признаков других ролей,0.14570041229327152,0.04597547187268181,0.05578858913022596,0.0,0.0,0.1,0.347464,Оборот 20000 (+0.146); связей 2 (+0.046); seed 1 (+0.056); внешних групп 0 (+0.000); 1–2д 0% (+0.000); цикл +0.10
100000004698193100,2,False,2,3,222700.0,38000.0,15,5,1,0,12000.0,0.05388414907947912,2,0.0008189069872518328,0.17063313875168387,True,False,41,True,14,0.1,peripheral,0.4,1.0,in=2/222700 KZT; out=3/38000 KZT; tx=15/5; d=2; недостаточно признаков других ролей,0.18347471205521076,0.0749827650116444,0.05578858913022596,0.0,0.005388414907947912,0.1,0.419634,Оборот 260700 (+0.183); связей 5 (+0.075); seed 1 (+0.056); внешних групп 0 (+0.000); 1–2д 5% (+0.005); цикл +0.10
100000004707703100,1,False,2,5,239300.0,231650.0,3,6,2,1,98000.0,0.40952778938570833,2,0.0006316421761140458,0.9680317592979524,True,False,16,False,6,0.3333333333333333,distributor,0.8,0.6666666666666666,in=2/239300 KZT; out=5/231650 KZT; tx=3/6; d=1; рассылка многим получателям,0.19217506730667594,0.08702187941688781,0.08842282173954807,0.039397430255579034,0.040952778938570834,0.0,0.44797,Оборот 470950 (+0.192); связей 7 (+0.087); seed 2 (+0.088); внешних групп 1 (+0.039); 1–2д 41% (+0.041); цикл +0.00
100000004713684100,3,False,1,0,37500.0,0.0,1,0,2,0,0.0,0.0,0,0.00028613454131163506,0.0,True,False,0,False,1,1.0,terminal,0.55,1.0,in=1/37500 KZT; out=0/0 KZT; tx=1/0; d=3; нет выхода в наблюдаемой выборке,0.15494813219423714,0.029007293138962602,0.08842282173954807,0.0,0.0,0.0,0.272378,Оборот 37500 (+0.155); связей 1 (+0.029); seed 2 (+0.088); внешних групп 0 (+0.000); 1–2д 0% (+0.000); цикл +0.00
100000004714705100,0,True,0,1,0.0,36550.0,0,1,0,0,0.0,0.0,0,0.0002840372852618645,0.0,False,False,49,False,1,1.0,peripheral,0.4,1.0,in=0/0 KZT; out=1/36550 KZT; tx=0/1; d=0; недостаточно признаков других ролей,0.15457063731611131,0.029007293138962602,0.0,0.0,0.0,0.0,0.183578,Оборот 36550 (+0.155); связей 1 (+0.029); seed 0 (+0.000); внешних групп 0 (+0.000); 1–2д 0% (+0.000); цикл +0.00
100000004715209100,3,False,1,5,5000.0,350450.0,1,17,1,0,5000.0,1.0,1,0.0002859986048619498,70.09,True,False,4,True,13,0.1111111111111111,distributor,0.8,0.6666666666666666,in=1/5000 KZT; out=5/350450 KZT; tx=1/17; d=3; рассылка многим получателям,0.18803561344566774,0.08143376716923444,0.05578858913022596,0.0,0.1,0.1,0.525258,Оборот 355450 (+0.188); связей 6 (+0.081); seed 1 (+0.056); внешних групп 0 (+0.000); 1–2д 100% (+0.100); цикл +0.10
100000004717647100,3,False,1,5,300000.0,2240000.0,2,10,1,0,47000.0,0.15666666666666668,1,0.0010148146521054115,7.466666666666667,True,False,50,True,8,0.16666666666666666,distributor,0.8,0.6666666666666666,in=1/300000 KZT; out=5/2240000 KZT; tx=2/10; d=3; рассылка многим получателям,0.21696715153585233,0.08143376716923444,0.05578858913022596,0.0,0.01566666666666667,0.1,0.469856,Оборот 2540000 (+0.217); связей 6 (+0.081); seed 1 (+0.056); внешних групп 0 (+0.000); 1–2д 16% (+0.016); цикл +0.10
100000004722630100,4,False,1,0,340000.0,0.0,2,0,1,0,0.0,0.0,0,0.0004890129031795523,0.0,True,True,6,False,2,0.5,peripheral,0.2,1.0,in=1/340000 KZT; out=0/0 KZT; tx=2/0; d=4; граница выгрузки; роль неизвестна,0.18738183106889666,0.029007293138962602,0.05578858913022596,0.0,0.0,0.0,0.272178,Оборот 340000 (+0.187); связей 1 (+0.029); seed 1 (+0.056); внешних групп 0 (+0.000); 1–2д 0% (+0.000); цикл +0.00
100000004722765100,3,False,1,3,230000.0,2284500.0,1,9,1,0,10000.0,0.043478260869565216,1,0.000578004149795216,9.932608695652174,True,False,57,False,6,0.3,peripheral,0.4,1.0,in=1/230000 KZT; out=3/2284500 KZT; tx=1/9; d=3; недостаточно признаков других ролей,0.21681870641895254,0.06735284889599069,0.05578858913022596,0.0,0.004347826086956522,0.0,0.344308,Оборот 2514500 (+0.217); связей 4 (+0.067); seed 1 (+0.056); внешних групп 0 (+0.000); 1–2д 4% (+0.004); цикл +0.00
100000004723755100,0,True,0,1,0.0,95000.0,0,5,0,0,0.0,0.0,0,0.0002840372852618645,0.0,False,False,2,False,4,0.4,peripheral,0.4,1.0,in=0/0 KZT; out=1/95000 KZT; tx=0/5; d=0; недостаточно признаков других ролей,0.1686231872035787,0.029007293138962602,0.0,0.0,0.0,0.0,0.19763,Оборот 95000 (+0.169); связей 1 (+0.029); seed 0 (+0.000); внешних групп 0 (+0.000); 1–2д 0% (+0.000); цикл +0.00
100000004726132100,3,False,1,1,349000.0,24000.0,1,2,1,0,0.0,0.0,0,0.00031475193849772105,0.06876790830945559,True,False,0,False,3,0.3333333333333333,peripheral,0.4,1.0,in=1/349000 KZT; out=1/24000 KZT; tx=1/2; d=3; недостаточно признаков других ролей,0.1887446369819852,0.04597547187268181,0.05578858913022596,0.0,0.0,0.0,0.290509,Оборот 373000 (+0.189); связей 2 (+0.046); seed 1 (+0.056); внешних групп 0 (+0.000); 1–2д 0% (+0.000); цикл +0.00
100000004732589100,2,False,1,0,227520.0,0.0,1,0,1,0,0.0,0.0,0,0.00039165732549534764,0.0,True,False,11,False,1,1.0,terminal,0.55,1.0,in=1/227520 KZT; out=0/0 KZT; tx=1/0; d=2; нет выхода в наблюдаемой выборке,0.181471949676663,0.029007293138962602,0.05578858913022596,0.0,0.0,0.0,0.266268,Оборот 227520 (+0.181); связей 1 (+0.029); seed 1 (+0.056); внешних групп 0 (+0.000); 1–2д 0% (+0.000); цикл +0.00
100000004737477100,1,False,2,1,49598.0,40500.0,3,3,2,0,15000.0,0.30243154965926045,1,0.00029073552618441963,0.8165651840800032,True,False,0,False,5,0.3333333333333333,peripheral,0.4,1.0,in=2/49598 KZT; out=1/40500 KZT; tx=3/3; d=1; недостаточно признаков других ролей,0.16784377199948886,0.058014586277925204,0.08842282173954807,0.0,0.030243154965926045,0.0,0.344524,Оборот 90098 (+0.168); связей 3 (+0.058); seed 2 (+0.088); внешних групп 0 (+0.000); 1–2д 30% (+0.030); цикл +0.00
100000004737764100,3,False,1,0,600000.0,0.0,1,0,1,0,0.0,0.0,0,0.0006721666992352119,0.0,True,False,2,False,1,1.0,terminal,0.55,1.0,in=1/600000 KZT; out=0/0 KZT; tx=1/0; d=3; нет выхода в наблюдаемой выборке,0.195737968694513,0.029007293138962602,0.05578858913022596,0.0,0.0,0.0,0.280534,Оборот 600000 (+0.196); связей 1 (+0.029); seed 1 (+0.056); внешних групп 0 (+0.000); 1–2д 0% (+0.000); цикл +0.00
100000004739664100,1,False,1,1,12000.0,10000.0,1,1,1,0,0.0,0.0,0,0.00028653698093644996,0.8333333333333334,True,False,22,False,2,0.5,peripheral,0.4,1.0,in=1/12000 KZT; out=1/10000 KZT; tx=1/1; d=1; недостаточно признаков других ролей,0.14710254463015937,0.04597547187268181,0.05578858913022596,0.0,0.0,0.0,0.248867,Оборот 22000 (+0.147); связей 2 (+0.046); seed 1 (+0.056); внешних групп 0 (+0.000); 1–2д 0% (+0.000); цикл +0.00
100000004741837100,1,False,1,0,25596.0,0.0,1,0,2,0,0.0,0.0,0,0.0002867712150906723,0.0,True,False,16,False,1,1.0,terminal,0.55,1.0,in=1/25596 KZT; out=0/0 KZT; tx=1/0; d=1; нет выхода в наблюдаемой выборке,0.14932974724971038,0.029007293138962602,0.08842282173954807,0.0,0.0,0.0,0.26676,Оборот 25596 (+0.149); связей 1 (+0.029); seed 2 (+0.088); внешних групп 0 (+0.000); 1–2д 0% (+0.000); цикл +0.00
100000004744306100,1,False,1,2,69000.0,92000.0,1,3,3,0,0.0,0.0,0,0.0004580116474579099,1.3333333333333333,True,False,49,False,4,0.25,peripheral,0.4,1.0,in=1/69000 KZT; out=2/92000 KZT; tx=1/3; d=1; недостаточно признаков других ролей,0.17638408488869925,0.058014586277925204,0.11157717826045192,0.0,0.0,0.0,0.345976,Оборот 161000 (+0.176); связей 3 (+0.058); seed 3 (+0.112); внешних групп 0 (+0.000); 1–2д 0% (+0.000); цикл +0.00
100000004746397100,3,False,1,1,219520.0,7500.0,1,1,3,1,0.0,0.0,0,0.00029109281352711266,0.03416545189504373,True,False,10,True,2,0.5,peripheral,0.4,1.0,in=1/219520 KZT; out=1/7500 KZT; tx=1/1; d=3; недостаточно признаков других ролей,0.18143958311362401,0.04597547187268181,0.11157717826045192,0.039397430255579034,0.0,0.1,0.47839,Оборот 227020 (+0.181); связей 2 (+0.046); seed 3 (+0.112); внешних групп 1 (+0.039); 1–2д 0% (+0.000); цикл +0.10
100000004747154100,4,False,1,0,67000.0,0.0,1,0,1,0,0.0,0.0,0,0.0003305135887212235,0.0,True,True,4,False,1,1.0,peripheral,0.2,1.0,in=1/67000 KZT; out=0/0 KZT; tx=1/0; d=4; граница выгрузки; роль неизвестна,0.16348606814612215,0.029007293138962602,0.05578858913022596,0.0,0.0,0.0,0.248282,Оборот 67000 (+0.163); связей 1 (+0.029); seed 1 (+0.056); внешних групп 0 (+0.000); 1–2д 0% (+0.000); цикл +0.00
100000004750321100,3,False,2,0,50185.0,0.0,2,0,3,1,0.0,0.0,0,0.0003108056294899342,0.0,True,False,18,False,2,0.5,terminal,0.55,1.0,in=2/50185 KZT; out=0/0 KZT; tx=2/0; d=3; нет выхода в наблюдаемой выборке,0.15923473291139364,0.04597547187268181,0.11157717826045192,0.039397430255579034,0.0,0.0,0.356185,Оборот 50185 (+0.159); связей 2 (+0.046); seed 3 (+0.112); внешних групп 1 (+0.039); 1–2д 0% (+0.000); цикл +0.00
100000004750897100,3,False,1,0,10000.0,0.0,1,0,3,0,0.0,0.0,0,0.0004868115284353936,0.0,True,False,3,False,1,1.0,terminal,0.55,1.0,in=1/10000 KZT; out=0/0 KZT; tx=1/0; d=3; нет выхода в наблюдаемой выборке,0.13550359676243048,0.029007293138962602,0.11157717826045192,0.0,0.0,0.0,0.276088,Оборот 10000 (+0.136); связей 1 (+0.029); seed 3 (+0.112); внешних групп 0 (+0.000); 1–2д 0% (+0.000); цикл +0.00
100000004756901100,2,False,1,0,153248.0,0.0,1,0,4,0,0.0,0.0,0,0.00030924692039358594,0.0,True,False,16,False,1,1.0,terminal,0.55,1.0,in=1/153248 KZT; out=0/0 KZT; tx=1/0; d=2; нет выхода в наблюдаемой выборке,0.1756581009421714,0.029007293138962602,0.12953709247559939,0.0,0.0,0.0,0.334202,Оборот 153248 (+0.176); связей 1 (+0.029); seed 4 (+0.130); внешних групп 0 (+0.000); 1–2д 0% (+0.000); цикл +0.00
100000004759121100,1,False,6,2,710000.0,312000.0,10,6,3,1,105000.0,0.14788732394366197,2,0.0014177577629187414,0.4394366197183099,True,False,0,True,14,0.125,consolidator,0.75,0.6666666666666666,in=6/710000 KZT; out=2/312000 KZT; tx=10/6; d=1; сбор; выход 44% наблюдаемого входа,0.20357335697325932,0.09195094374536363,0.11157717826045192,0.039397430255579034,0.014788732394366198,0.1,0.561288,Оборот 1022000 (+0.204); связей 8 (+0.092); seed 3 (+0.112); внешних групп 1 (+0.039); 1–2д 15% (+0.015); цикл +0.10
100000004765639100,2,False,1,2,5000.0,11000.0,1,2,1,0,0.0,0.0,0,0.00035959542872106244,2.2,True,False,0,True,2,0.6666666666666666,peripheral,0.4,1.0,in=1/5000 KZT; out=2/11000 KZT; tx=1/2; d=2; недостаточно признаков других ролей,0.14241771799277592,0.058014586277925204,0.05578858913022596,0.0,0.0,0.1,0.356221,Оборот 16000 (+0.142); связей 3 (+0.058); seed 1 (+0.056); внешних групп 0 (+0.000); 1–2д 0% (+0.000); цикл +0.10
100000004770073100,3,False,1,1,5462.4,5466.97,1,1,1,0,0.0,0.0,0,0.0002862571109911393,1.0008366285881665,True,False,0,False,1,1.0,peripheral,0.4,1.0,in=1/5462 KZT; out=1/5467 KZT; tx=1/1; d=3; недостаточно признаков других ролей,0.13681090216707972,0.04597547187268181,0.05578858913022596,0.0,0.0,0.0,0.238575,Оборот 10929 (+0.137); связей 2 (+0.046); seed 1 (+0.056); внешних групп 0 (+0.000); 1–2д 0% (+0.000); цикл +0.00
100000004777215100,4,False,1,0,60000.0,0.0,1,0,2,0,0.0,0.0,0,0.00046233472881301266,0.0,True,True,32,False,1,1.0,peripheral,0.2,1.0,in=1/60000 KZT; out=0/0 KZT; tx=1/0; d=4; граница выгрузки; роль неизвестна,0.16186265796174829,0.029007293138962602,0.08842282173954807,0.0,0.0,0.0,0.279293,Оборот 60000 (+0.162); связей 1 (+0.029); seed 2 (+0.088); внешних групп 0 (+0.000); 1–2д 0% (+0.000); цикл +0.00
100000004779204100,3,False,1,1,30450.0,20000.0,1,2,2,0,0.0,0.0,0,0.00028574025717427817,0.6568144499178982,True,False,0,False,2,0.6666666666666666,peripheral,0.4,1.0,in=1/30450 KZT; out=1/20000 KZT; tx=1/2; d=3; недостаточно признаков других ролей,0.15931221291272882,0.04597547187268181,0.08842282173954807,0.0,0.0,0.0,0.293711,Оборот 50450 (+0.159); связей 2 (+0.046); seed 2 (+0.088); внешних групп 0 (+0.000); 1–2д 0% (+0.000); цикл +0.00
100000004780083100,4,False,1,0,9999.0,0.0,1,0,1,0,0.0,0.0,0,0.00029180093804670107,0.0,True,True,56,False,1,1.0,peripheral,0.2,1.0,in=1/9999 KZT; out=0/0 KZT; tx=1/0; d=4; граница выгрузки; роль неизвестна,0.13550212564034908,0.029007293138962602,0.05578858913022596,0.0,0.0,0.0,0.220298,Оборот 9999 (+0.136); связей 1 (+0.029); seed 1 (+0.056); внешних групп 0 (+0.000); 1–2д 0% (+0.000); цикл +0.00
100000004780327100,4,False,1,0,12000.0,0.0,1,0,1,0,0.0,0.0,0,0.0002904167348375306,0.0,True,True,47,False,1,1.0,peripheral,0.2,1.0,in=1/12000 KZT; out=0/0 KZT; tx=1/0; d=4; граница выгрузки; роль неизвестна,0.13818565837320845,0.029007293138962602,0.05578858913022596,0.0,0.0,0.0,0.222982,Оборот 12000 (+0.138); связей 1 (+0.029); seed 1 (+0.056); внешних групп 0 (+0.000); 1–2д 0% (+0.000); цикл +0.00
100000004783447100,1,False,1,0,26200.0,0.0,1,0,1,0,0.0,0.0,0,0.0002894949541513761,0.0,True,False,22,False,1,1.0,terminal,0.55,1.0,in=1/26200 KZT; out=0/0 KZT; tx=1/0; d=1; нет выхода в наблюдаемой выборке,0.14967286568766733,0.029007293138962602,0.05578858913022596,0.0,0.0,0.0,0.234469,Оборот 26200 (+0.150); связей 1 (+0.029); seed 1 (+0.056); внешних групп 0 (+0.000); 1–2д 0% (+0.000); цикл +0.00
100000004784224100,1,False,1,1,23500.0,100000.0,2,1,1,0,0.0,0.0,0,0.0003031404663166129,4.25531914893617,True,False,21,False,3,0.3333333333333333,peripheral,0.4,1.0,in=1/23500 KZT; out=1/100000 KZT; tx=2/1; d=1; недостаточно признаков других ролей,0.17248304307640652,0.04597547187268181,0.05578858913022596,0.0,0.0,0.0,0.274247,Оборот 123500 (+0.172); связей 2 (+0.046); seed 1 (+0.056); внешних групп 0 (+0.000); 1–2д 0% (+0.000); цикл +0.00
100000004788983100,4,False,1,0,27000.0,0.0,1,0,2,0,0.0,0.0,0,0.0003673762757227171,0.0,True,True,0,False,1,1.0,peripheral,0.2,1.0,in=1/27000 KZT; out=0/0 KZT; tx=1/0; d=4; граница выгрузки; роль неизвестна,0.15011534725947276,0.029007293138962602,0.08842282173954807,0.0,0.0,0.0,0.267545,Оборот 27000 (+0.150); связей 1 (+0.029); seed 2 (+0.088); внешних групп 0 (+0.000); 1–2д 0% (+0.000); цикл +0.00
100000004790991100,1,False,1,0,239413.0,0.0,4,0,2,0,0.0,0.0,0,0.00030960918485962806,0.0,True,False,16,False,4,0.25,terminal,0.55,1.0,in=1/239413 KZT; out=0/0 KZT; tx=4/0; d=1; нет выхода в наблюдаемой выборке,0.18222154929213633,0.029007293138962602,0.08842282173954807,0.0,0.0,0.0,0.299652,Оборот 239413 (+0.182); связей 1 (+0.029); seed 2 (+0.088); внешних групп 0 (+0.000); 1–2д 0% (+0.000); цикл +0.00
100000004791226100,4,False,1,0,20000.0,0.0,1,0,2,0,0.0,0.0,0,0.0005382566469622678,0.0,True,True,0,False,1,1.0,peripheral,0.2,1.0,in=1/20000 KZT; out=0/0 KZT; tx=1/0; d=4; граница выгрузки; роль неизвестна,0.14570041229327152,0.029007293138962602,0.08842282173954807,0.0,0.0,0.0,0.263131,Оборот 20000 (+0.146); связей 1 (+0.029); seed 2 (+0.088); внешних групп 0 (+0.000); 1–2д 0% (+0.000); цикл +0.00
100000004792397100,1,False,1,0,73520.0,0.0,1,0,1,0,0.0,0.0,0,0.0002993520874281581,0.0,True,False,22,False,1,1.0,terminal,0.55,1.0,in=1/73520 KZT; out=0/0 KZT; tx=1/0; d=1; нет выхода в наблюдаемой выборке,0.16485227242138667,0.029007293138962602,0.05578858913022596,0.0,0.0,0.0,0.249648,Оборот 73520 (+0.165); связей 1 (+0.029); seed 1 (+0.056); внешних групп 0 (+0.000); 1–2д 0% (+0.000); цикл +0.00
100000004797167100,4,False,1,0,31000.0,0.0,1,0,1,0,0.0,0.0,0,0.0005483109113432988,0.0,True,True,35,False,1,1.0,peripheral,0.2,1.0,in=1/31000 KZT; out=0/0 KZT; tx=1/0; d=4; граница выгрузки; роль неизвестна,0.15214773870512882,0.029007293138962602,0.05578858913022596,0.0,0.0,0.0,0.236944,Оборот 31000 (+0.152); связей 1 (+0.029); seed 1 (+0.056); внешних групп 0 (+0.000); 1–2д 0% (+0.000); цикл +0.00
100000004798515100,4,False,1,0,200000.0,0.0,2,0,1,0,0.0,0.0,0,0.0003617814836626619,0.0,True,True,7,False,2,0.5,peripheral,0.2,1.0,in=1/200000 KZT; out=0/0 KZT; tx=2/0; d=4; граница выгрузки; роль неизвестна,0.17957528168352788,0.029007293138962602,0.05578858913022596,0.0,0.0,0.0,0.264371,Оборот 200000 (+0.180); связей 1 (+0.029); seed 1 (+0.056); внешних групп 0 (+0.000); 1–2д 0% (+0.000); цикл +0.00
100000004800452100,4,False,1,0,6544.53,0.0,1,0,3,0,0.0,0.0,0,0.0006041058455239989,0.0,True,True,10,False,1,1.0,peripheral,0.2,1.0,in=1/6545 KZT; out=0/0 KZT; tx=1/0; d=4; граница выгрузки; роль неизвестна,0.12926715853096857,0.029007293138962602,0.11157717826045192,0.0,0.0,0.0,0.269852,Оборот 6545 (+0.129); связей 1 (+0.029); seed 3 (+0.112); внешних групп 0 (+0.000); 1–2д 0% (+0.000); цикл +0.00
100000004800648100,4,False,1,0,131000.0,0.0,1,0,1,0,0.0,0.0,0,0.0003349597352143868,0.0,True,True,7,False,1,1.0,peripheral,0.2,1.0,in=1/131000 KZT; out=0/0 KZT; tx=1/0; d=4; граница выгрузки; роль неизвестна,0.17335039681450656,0.029007293138962602,0.05578858913022596,0.0,0.0,0.0,0.258146,Оборот 131000 (+0.173); связей 1 (+0.029); seed 1 (+0.056); внешних групп 0 (+0.000); 1–2д 0% (+0.000); цикл +0.00
100000004806903100,2,False,1,0,18000.0,0.0,1,0,5,0,0.0,0.0,0,0.0005303725568037133,0.0,True,False,2,False,1,1.0,terminal,0.55,1.0,in=1/18000 KZT; out=0/0 KZT; tx=1/0; d=2; нет выхода в наблюдаемой выборке,0.144150434713314,0.029007293138962602,0.14421141086977404,0.0,0.0,0.0,0.317369,Оборот 18000 (+0.144); связей 1 (+0.029); seed 5 (+0.144); внешних групп 0 (+0.000); 1–2д 0% (+0.000); цикл +0.00
100000004813068100,0,True,0,3,0.0,297000.0,0,5,0,0,0.0,0.0,0,0.0002840372852618645,0.0,False,False,21,False,5,0.2,peripheral,0.4,1.0,in=0/0 KZT; out=3/297000 KZT; tx=0/5; d=0; недостаточно признаков других ролей,0.18539258253372612,0.058014586277925204,0.0,0.0,0.0,0.0,0.243407,Оборот 297000 (+0.185); связей 3 (+0.058); seed 0 (+0.000); внешних групп 0 (+0.000); 1–2д 0% (+0.000); цикл +0.00
100000004816564100,2,False,1,1,285480.0,5000.0,1,1,3,0,5000.0,0.01751436177665686,1,0.0003741591004976394,0.01751436177665686,True,False,3,False,2,0.5,peripheral,0.4,1.0,in=1/285480 KZT; out=1/5000 KZT; tx=1/1; d=2; недостаточно признаков других ролей,0.1850660162933192,0.04597547187268181,0.11157717826045192,0.0,0.001751436177665686,0.0,0.34437,Оборот 290480 (+0.185); связей 2 (+0.046); seed 3 (+0.112); внешних групп 0 (+0.000); 1–2д 2% (+0.002); цикл +0.00
100000004820260100,2,False,1,3,234200.0,215350.0,12,10,3,0,93150.0,0.3977369769427839,5,0.0014002624033663139,0.9195132365499573,True,False,3,True,10,0.22727272727272727,peripheral,0.4,1.0,in=1/234200 KZT; out=3/215350 KZT; tx=12/10; d=2; недостаточно признаков других ролей,0.19149089148697218,0.06735284889599069,0.11157717826045192,0.0,0.039773697694278395,0.1,0.510195,Оборот 449550 (+0.191); связей 4 (+0.067); seed 3 (+0.112); внешних групп 0 (+0.000); 1–2д 40% (+0.040); цикл +0.10
100000004825069100,2,False,1,0,30000.0,0.0,4,0,1,0,0.0,0.0,0,0.00029414947987579183,0.0,True,False,22,False,3,0.5,terminal,0.55,1.0,in=1/30000 KZT; out=0/0 KZT; tx=4/0; d=2; нет выхода в наблюдаемой выборке,0.15166535208139753,0.029007293138962602,0.05578858913022596,0.0,0.0,0.0,0.236461,Оборот 30000 (+0.152); связей 1 (+0.029); seed 1 (+0.056); внешних групп 0 (+0.000); 1–2д 0% (+0.000); цикл +0.00
100000004840086100,4,False,1,0,100000.0,0.0,2,0,1,0,0.0,0.0,0,0.0005359418824264204,0.0,True,True,0,False,1,1.0,peripheral,0.2,1.0,in=1/100000 KZT; out=0/0 KZT; tx=2/0; d=4; граница выгрузки; роль неизвестна,0.16937780416926437,0.029007293138962602,0.05578858913022596,0.0,0.0,0.0,0.254174,Оборот 100000 (+0.169); связей 1 (+0.029); seed 1 (+0.056); внешних групп 0 (+0.000); 1–2д 0% (+0.000); цикл +0.00
100000004841728100,1,False,1,0,52208.0,0.0,1,0,1,0,0.0,0.0,0,0.0002949126279100943,0.0,True,False,22,False,1,1.0,terminal,0.55,1.0,in=1/52208 KZT; out=0/0 KZT; tx=1/0; d=1; нет выхода в наблюдаемой выборке,0.15981613163245337,0.029007293138962602,0.05578858913022596,0.0,0.0,0.0,0.244612,Оборот 52208 (+0.160); связей 1 (+0.029); seed 1 (+0.056); внешних групп 0 (+0.000); 1–2д 0% (+0.000); цикл +0.00
100000004847758100,1,False,4,15,115171.0,488800.0,4,23,2,5,59387.0,0.5156419584791311,4,0.000303066220618374,4.244123954815014,True,False,2,True,20,0.1111111111111111,distributor,0.8,0.6666666666666666,in=4/115171 KZT; out=15/488800 KZT; tx=4/23; d=1; рассылка многим получателям,0.19583501637010406,0.1253674351739159,0.08842282173954807,0.10184087983544891,0.05156419584791311,0.1,0.66303,Оборот 603971 (+0.196); связей 19 (+0.125); seed 2 (+0.088); внешних групп 5 (+0.102); 1–2д 52% (+0.052); цикл +0.10
100000004848236100,4,False,1,0,7500.0,0.0,1,0,2,0,0.0,0.0,0,0.00030718700483432353,0.0,True,True,0,False,1,1.0,peripheral,0.2,1.0,in=1/7500 KZT; out=0/0 KZT; tx=1/0; d=4; граница выгрузки; роль неизвестна,0.1312717210074584,0.029007293138962602,0.08842282173954807,0.0,0.0,0.0,0.248702,Оборот 7500 (+0.131); связей 1 (+0.029); seed 2 (+0.088); внешних групп 0 (+0.000); 1–2д 0% (+0.000); цикл +0.00
100000004850609100,4,False,1,0,10000.0,0.0,1,0,1,0,0.0,0.0,0,0.00031131651547062334,0.0,True,True,0,False,1,1.0,peripheral,0.2,1.0,in=1/10000 KZT; out=0/0 KZT; tx=1/0; d=4; граница выгрузки; роль неизвестна,0.13550359676243048,0.029007293138962602,0.05578858913022596,0.0,0.0,0.0,0.220299,Оборот 10000 (+0.136); связей 1 (+0.029); seed 1 (+0.056); внешних групп 0 (+0.000); 1–2д 0% (+0.000); цикл +0.00
100000004856746100,4,False,1,0,20000.0,0.0,1,0,1,0,0.0,0.0,0,0.0002983803586110751,0.0,True,True,62,False,1,1.0,peripheral,0.2,1.0,in=1/20000 KZT; out=0/0 KZT; tx=1/0; d=4; граница выгрузки; роль неизвестна,0.14570041229327152,0.029007293138962602,0.05578858913022596,0.0,0.0,0.0,0.230496,Оборот 20000 (+0.146); связей 1 (+0.029); seed 1 (+0.056); внешних групп 0 (+0.000); 1–2д 0% (+0.000); цикл +0.00
100000004877085100,3,False,1,3,25000.0,95600.0,1,9,3,0,0.0,0.0,0,0.00029322277599227466,3.824,True,False,12,False,5,0.6,peripheral,0.4,1.0,in=1/25000 KZT; out=3/95600 KZT; tx=1/9; d=3; недостаточно признаков других ролей,0.17213346232026341,0.06735284889599069,0.11157717826045192,0.0,0.0,0.0,0.351063,Оборот 120600 (+0.172); связей 4 (+0.067); seed 3 (+0.112); внешних групп 0 (+0.000); 1–2д 0% (+0.000); цикл +0.00
100000004889043100,3,False,2,0,272000.0,0.0,4,0,3,1,0.0,0.0,0,0.00029687077049735154,0.0,True,False,0,False,3,0.5,terminal,0.55,1.0,in=2/272000 KZT; out=0/0 KZT; tx=4/0; d=3; нет выхода в наблюдаемой выборке,0.18409896369686946,0.04597547187268181,0.11157717826045192,0.039397430255579034,0.0,0.0,0.381049,Оборот 272000 (+0.184); связей 2 (+0.046); seed 3 (+0.112); внешних групп 1 (+0.039); 1–2д 0% (+0.000); цикл +0.00
100000004890713100,4,False,1,0,40485.0,0.0,1,0,2,0,0.0,0.0,0,0.000299076898090906,0.0,True,True,18,False,1,1.0,peripheral,0.2,1.0,in=1/40485 KZT; out=0/0 KZT; tx=1/0; d=4; граница выгрузки; роль неизвестна,0.1560749008657299,0.029007293138962602,0.08842282173954807,0.0,0.0,0.0,0.273505,Оборот 40485 (+0.156); связей 1 (+0.029); seed 2 (+0.088); внешних групп 0 (+0.000); 1–2д 0% (+0.000); цикл +0.00
100000004891562100,4,False,1,0,103400.0,0.0,1,0,1,0,0.0,0.0,0,0.0003390068757721874,0.0,True,True,47,False,1,1.0,peripheral,0.2,1.0,in=1/103400 KZT; out=0/0 KZT; tx=1/0; d=4; граница выгрузки; роль неизвестна,0.16986969029851018,0.029007293138962602,0.05578858913022596,0.0,0.0,0.0,0.254666,Оборот 103400 (+0.170); связей 1 (+0.029); seed 1 (+0.056); внешних групп 0 (+0.000); 1–2д 0% (+0.000); цикл +0.00
100000004892144100,3,False,2,1,4500000.0,180300.0,7,1,2,0,0.0,0.0,0,0.002956560499604183,0.04006666666666667,True,False,21,True,5,0.375,peripheral,0.4,1.0,in=2/4500000 KZT; out=1/180300 KZT; tx=7/1; d=3; недостаточно признаков других ролей,0.22595906909609578,0.058014586277925204,0.08842282173954807,0.0,0.0,0.1,0.472396,Оборот 4680300 (+0.226); связей 3 (+0.058); seed 2 (+0.088); внешних групп 0 (+0.000); 1–2д 0% (+0.000); цикл +0.10
100000004904960100,2,False,2,0,32000.0,0.0,2,0,4,0,0.0,0.0,0,0.0007730557274249563,0.0,True,False,0,False,2,0.5,terminal,0.55,1.0,in=2/32000 KZT; out=0/0 KZT; tx=2/0; d=2; нет выхода в наблюдаемой выборке,0.15261480933918287,0.04597547187268181,0.12953709247559939,0.0,0.0,0.0,0.328127,Оборот 32000 (+0.153); связей 2 (+0.046); seed 4 (+0.130); внешних групп 0 (+0.000); 1–2д 0% (+0.000); цикл +0.00
100000004905207100,2,False,1,0,380000.0,0.0,1,0,3,0,0.0,0.0,0,0.00043163102456137423,0.0,True,False,40,False,1,1.0,terminal,0.55,1.0,in=1/380000 KZT; out=0/0 KZT; tx=1/0; d=2; нет выхода в наблюдаемой выборке,0.18901817320430614,0.029007293138962602,0.11157717826045192,0.0,0.0,0.0,0.329603,Оборот 380000 (+0.189); связей 1 (+0.029); seed 3 (+0.112); внешних групп 0 (+0.000); 1–2д 0% (+0.000); цикл +0.00
100000004906181100,3,False,1,7,100000.0,2473417.91,1,33,3,1,100000.0,1.0,1,0.0002872513560824039,24.734179100000002,True,False,20,False,13,0.20588235294117646,distributor,0.8,1.0,in=1/100000 KZT; out=7/2473418 KZT; tx=1/33; d=3; рассылка многим получателям,0.2171594493881495,0.09195094374536363,0.11157717826045192,0.039397430255579034,0.1,0.0,0.560085,Оборот 2573418 (+0.217); связей 8 (+0.092); seed 3 (+0.112); внешних групп 1 (+0.039); 1–2д 100% (+0.100); цикл +0.00
100000004908173100,4,False,1,0,21000.0,0.0,1,0,1,0,0.0,0.0,0,0.0003190835196320135,0.0,True,True,4,False,1,1.0,peripheral,0.2,1.0,in=1/21000 KZT; out=0/0 KZT; tx=1/0; d=4; граница выгрузки; роль неизвестна,0.146418176032715,0.029007293138962602,0.05578858913022596,0.0,0.0,0.0,0.231214,Оборот 21000 (+0.146); связей 1 (+0.029); seed 1 (+0.056); внешних групп 0 (+0.000); 1–2д 0% (+0.000); цикл +0.00
100000004911971100,4,False,1,0,35000.0,0.0,3,0,3,0,0.0,0.0,0,0.00028749231314418683,0.0,True,True,20,False,2,0.6666666666666666,peripheral,0.2,1.0,in=1/35000 KZT; out=0/0 KZT; tx=3/0; d=4; граница выгрузки; роль неизвестна,0.1539331401015672,0.029007293138962602,0.11157717826045192,0.0,0.0,0.0,0.294518,Оборот 35000 (+0.154); связей 1 (+0.029); seed 3 (+0.112); внешних групп 0 (+0.000); 1–2д 0% (+0.000); цикл +0.00
100000004917367100,3,False,2,0,120000.0,0.0,2,0,3,1,0.0,0.0,0,0.00029242601990993604,0.0,True,False,10,False,2,0.5,terminal,0.55,1.0,in=2/120000 KZT; out=0/0 KZT; tx=2/0; d=3; нет выхода в наблюдаемой выборке,0.17206008643713802,0.04597547187268181,0.11157717826045192,0.039397430255579034,0.0,0.0,0.36901,Оборот 120000 (+0.172); связей 2 (+0.046); seed 3 (+0.112); внешних групп 1 (+0.039); 1–2д 0% (+0.000); цикл +0.00
100000004921657100,3,False,1,1,8300.0,22190.0,1,1,2,0,0.0,0.0,0,0.0003592083914172297,2.6734939759036145,True,False,2,False,1,1.0,peripheral,0.4,1.0,in=1/8300 KZT; out=1/22190 KZT; tx=1/1; d=3; недостаточно признаков других ролей,0.15190369818638036,0.04597547187268181,0.08842282173954807,0.0,0.0,0.0,0.286302,Оборот 30490 (+0.152); связей 2 (+0.046); seed 2 (+0.088); внешних групп 0 (+0.000); 1–2д 0% (+0.000); цикл +0.00
100000004931931100,3,False,1,1,23938.0,45000.0,1,1,2,0,0.0,0.0,0,0.0002902308403970377,1.8798562954298605,True,False,0,False,2,0.5,peripheral,0.4,1.0,in=1/23938 KZT; out=1/45000 KZT; tx=1/1; d=3; недостаточно признаков других ролей,0.16390557238713235,0.04597547187268181,0.08842282173954807,0.0,0.0,0.0,0.298304,Оборот 68938 (+0.164); связей 2 (+0.046); seed 2 (+0.088); внешних групп 0 (+0.000); 1–2д 0% (+0.000); цикл +0.00
100000004948177100,1,False,3,0,437163.0,0.0,8,0,2,0,0.0,0.0,0,0.00041965055940966457,0.0,True,False,16,False,7,0.25,consolidator,0.75,0.6666666666666666,in=3/437163 KZT; out=0/0 KZT; tx=8/0; d=1; сбор; выход 0% наблюдаемого входа,0.1910798262422133,0.058014586277925204,0.08842282173954807,0.0,0.0,0.0,0.337517,Оборот 437163 (+0.191); связей 3 (+0.058); seed 2 (+0.088); внешних групп 0 (+0.000); 1–2д 0% (+0.000); цикл +0.00
100000004950490100,2,False,1,0,10000.0,0.0,1,0,1,0,0.0,0.0,0,0.000328814373985984,0.0,True,False,1,False,1,1.0,terminal,0.55,1.0,in=1/10000 KZT; out=0/0 KZT; tx=1/0; d=2; нет выхода в наблюдаемой выборке,0.13550359676243048,0.029007293138962602,0.05578858913022596,0.0,0.0,0.0,0.220299,Оборот 10000 (+0.136); связей 1 (+0.029); seed 1 (+0.056); внешних групп 0 (+0.000); 1–2д 0% (+0.000); цикл +0.00
100000004959752100,3,False,1,0,22200.0,0.0,1,0,4,0,0.0,0.0,0,0.0007795681967722468,0.0,True,False,2,False,1,1.0,terminal,0.55,1.0,in=1/22200 KZT; out=0/0 KZT; tx=1/0; d=3; нет выхода в наблюдаемой выборке,0.14723567939114066,0.029007293138962602,0.12953709247559939,0.0,0.0,0.0,0.30578,Оборот 22200 (+0.147); связей 1 (+0.029); seed 4 (+0.130); внешних групп 0 (+0.000); 1–2д 0% (+0.000); цикл +0.00
100000004962193100,2,False,8,0,900468.0,0.0,11,0,3,2,0.0,0.0,0,0.0006532707986955292,0.0,True,False,0,False,5,0.5454545454545454,consolidator,0.75,1.0,in=8/900468 KZT; out=0/0 KZT; tx=11/0; d=2; сбор; выход 0% наблюдаемого входа,0.20171079371884346,0.09195094374536363,0.11157717826045192,0.062443449579869886,0.0,0.0,0.467682,Оборот 900468 (+0.202); связей 8 (+0.092); seed 3 (+0.112); внешних групп 2 (+0.062); 1–2д 0% (+0.000); цикл +0.00
100000004970752100,3,False,1,0,10000.0,0.0,1,0,1,0,0.0,0.0,0,0.0007380151980244125,0.0,True,False,0,False,1,1.0,terminal,0.55,1.0,in=1/10000 KZT; out=0/0 KZT; tx=1/0; d=3; нет выхода в наблюдаемой выборке,0.13550359676243048,0.029007293138962602,0.05578858913022596,0.0,0.0,0.0,0.220299,Оборот 10000 (+0.136); связей 1 (+0.029); seed 1 (+0.056); внешних групп 0 (+0.000); 1–2д 0% (+0.000); цикл +0.00
100000004971871100,0,True,1,1,25400.0,5650.0,3,1,0,0,5650.0,0.22244094488188976,1,0.0007369536367679136,0.22244094488188976,True,False,52,True,4,0.25,peripheral,0.4,1.0,in=1/25400 KZT; out=1/5650 KZT; tx=3/1; d=0; недостаточно признаков других ролей,0.15217144778710356,0.04597547187268181,0.0,0.0,0.0,0.1,0.298147,Оборот 31050 (+0.152); связей 2 (+0.046); seed 0 (+0.000); внешних групп 0 (+0.000); 1–2д 22% (+0.000); цикл +0.10
100000004975919100,3,False,1,2,22351.0,15000.0,1,2,1,0,0.0,0.0,0,0.00028854896525510064,0.6711109122634334,True,False,8,False,3,0.3333333333333333,peripheral,0.4,1.0,in=1/22351 KZT; out=2/15000 KZT; tx=1/2; d=3; недостаточно признаков других ролей,0.15488956181246596,0.058014586277925204,0.05578858913022596,0.0,0.0,0.0,0.268693,Оборот 37351 (+0.155); связей 3 (+0.058); seed 1 (+0.056); внешних групп 0 (+0.000); 1–2д 0% (+0.000); цикл +0.00
100000004976946100,4,False,1,0,246000.0,0.0,1,0,2,0,0.0,0.0,0,0.0003177394905480084,0.0,True,True,65,False,1,1.0,peripheral,0.2,1.0,in=1/246000 KZT; out=0/0 KZT; tx=1/0; d=4; граница выгрузки; роль неизвестна,0.18262085135500178,0.029007293138962602,0.08842282173954807,0.0,0.0,0.0,0.300051,Оборот 246000 (+0.183); связей 1 (+0.029); seed 2 (+0.088); внешних групп 0 (+0.000); 1–2д 0% (+0.000); цикл +0.00
100000004979264100,4,False,1,0,39800.0,0.0,1,0,1,0,0.0,0.0,0,0.00040904561507833074,0.0,True,True,4,False,1,1.0,peripheral,0.2,1.0,in=1/39800 KZT; out=0/0 KZT; tx=1/0; d=4; граница выгрузки; роль неизвестна,0.155823853133262,0.029007293138962602,0.05578858913022596,0.0,0.0,0.0,0.24062,Оборот 39800 (+0.156); связей 1 (+0.029); seed 1 (+0.056); внешних групп 0 (+0.000); 1–2д 0% (+0.000); цикл +0.00
100000004979283100,3,False,1,0,40132.0,0.0,1,0,1,0,0.0,0.0,0,0.0002988858445477894,0.0,True,False,18,False,1,1.0,terminal,0.55,1.0,in=1/40132 KZT; out=0/0 KZT; tx=1/0; d=3; нет выхода в наблюдаемой выборке,0.15594606389712873,0.029007293138962602,0.05578858913022596,0.0,0.0,0.0,0.240742,Оборот 40132 (+0.156); связей 1 (+0.029); seed 1 (+0.056); внешних групп 0 (+0.000); 1–2д 0% (+0.000); цикл +0.00
100000004979498100,2,False,1,1,700000.0,200000.0,2,1,1,0,0.0,0.0,0,0.0013196649789369462,0.2857142857142857,True,False,58,True,2,0.6666666666666666,peripheral,0.4,1.0,in=1/700000 KZT; out=1/200000 KZT; tx=2/1; d=2; недостаточно признаков других ролей,0.20170314549839777,0.04597547187268181,0.05578858913022596,0.0,0.0,0.1,0.403467,Оборот 900000 (+0.202); связей 2 (+0.046); seed 1 (+0.056); внешних групп 0 (+0.000); 1–2д 0% (+0.000); цикл +0.10
100000004981068100,4,False,1,0,10000.0,0.0,1,0,2,0,0.0,0.0,0,0.00037667231794717346,0.0,True,True,8,False,1,1.0,peripheral,0.2,1.0,in=1/10000 KZT; out=0/0 KZT; tx=1/0; d=4; граница выгрузки; роль неизвестна,0.13550359676243048,0.029007293138962602,0.08842282173954807,0.0,0.0,0.0,0.252934,Оборот 10000 (+0.136); связей 1 (+0.029); seed 2 (+0.088); внешних групп 0 (+0.000); 1–2д 0% (+0.000); цикл +0.00
100000004984689100,3,False,1,0,53030.0,0.0,1,0,1,0,0.0,0.0,0,0.0002947417007261082,0.0,True,False,8,False,1,1.0,terminal,0.55,1.0,in=1/53030 KZT; out=0/0 KZT; tx=1/0; d=3; нет выхода в наблюдаемой выборке,0.16004595820152387,0.029007293138962602,0.05578858913022596,0.0,0.0,0.0,0.244842,Оборот 53030 (+0.160); связей 1 (+0.029); seed 1 (+0.056); внешних групп 0 (+0.000); 1–2д 0% (+0.000); цикл +0.00
100000004988240100,4,False,1,0,20000.0,0.0,1,0,2,0,0.0,0.0,0,0.000526798515037604,0.0,True,True,0,False,1,1.0,peripheral,0.2,1.0,in=1/20000 KZT; out=0/0 KZT; tx=1/0; d=4; граница выгрузки; роль неизвестна,0.14570041229327152,0.029007293138962602,0.08842282173954807,0.0,0.0,0.0,0.263131,Оборот 20000 (+0.146); связей 1 (+0.029); seed 2 (+0.088); внешних групп 0 (+0.000); 1–2д 0% (+0.000); цикл +0.00
100000004991593100,4,False,1,0,45000.0,0.0,2,0,3,0,0.0,0.0,0,0.00035290508491295995,0.0,True,True,8,False,2,0.5,peripheral,0.2,1.0,in=1/45000 KZT; out=0/0 KZT; tx=2/0; d=4; граница выгрузки; роль неизвестна,0.15763037359693888,0.029007293138962602,0.11157717826045192,0.0,0.0,0.0,0.298215,Оборот 45000 (+0.158); связей 1 (+0.029); seed 3 (+0.112); внешних групп 0 (+0.000); 1–2д 0% (+0.000); цикл +0.00
100000004991812100,3,False,1,0,10000.0,0.0,1,0,2,0,0.0,0.0,0,0.00034453727837903744,0.0,True,False,29,False,1,1.0,terminal,0.55,1.0,in=1/10000 KZT; out=0/0 KZT; tx=1/0; d=3; нет выхода в наблюдаемой выборке,0.13550359676243048,0.029007293138962602,0.08842282173954807,0.0,0.0,0.0,0.252934,Оборот 10000 (+0.136); связей 1 (+0.029); seed 2 (+0.088); внешних групп 0 (+0.000); 1–2д 0% (+0.000); цикл +0.00
100000004993576100,2,False,1,0,167000.0,0.0,1,0,3,0,0.0,0.0,0,0.00033675671620054463,0.0,True,False,3,False,1,1.0,terminal,0.55,1.0,in=1/167000 KZT; out=0/0 KZT; tx=1/0; d=2; нет выхода в наблюдаемой выборке,0.17692238395962342,0.029007293138962602,0.11157717826045192,0.0,0.0,0.0,0.317507,Оборот 167000 (+0.177); связей 1 (+0.029); seed 3 (+0.112); внешних групп 0 (+0.000); 1–2д 0% (+0.000); цикл +0.00
100000004997515100,3,False,4,4,395000.0,54500.0,4,4,5,1,0.0,0.0,0,0.0003546076433490898,0.1379746835443038,True,False,4,False,8,0.125,peripheral,0.4,1.0,in=4/395000 KZT; out=4/54500 KZT; tx=4/4; d=3; недостаточно признаков других ролей,0.19148925510149303,0.09195094374536363,0.14421141086977404,0.039397430255579034,0.0,0.0,0.467049,Оборот 449500 (+0.191); связей 8 (+0.092); seed 5 (+0.144); внешних групп 1 (+0.039); 1–2д 0% (+0.000); цикл +0.00
100000005008589100,3,False,1,0,42806.68,0.0,1,0,1,0,0.0,0.0,0,0.0003014331862667036,0.0,True,False,0,False,1,1.0,terminal,0.55,1.0,in=1/42807 KZT; out=0/0 KZT; tx=1/0; d=3; нет выхода в наблюдаемой выборке,0.1568952585368861,0.029007293138962602,0.05578858913022596,0.0,0.0,0.0,0.241691,Оборот 42807 (+0.157); связей 1 (+0.029); seed 1 (+0.056); внешних групп 0 (+0.000); 1–2д 0% (+0.000); цикл +0.00
100000005010159100,4,False,1,0,7092.0,0.0,1,0,1,0,0.0,0.0,0,0.0006104429800321484,0.0,True,True,8,False,1,1.0,peripheral,0.2,1.0,in=1/7092 KZT; out=0/0 KZT; tx=1/0; d=4; граница выгрузки; роль неизвестна,0.130448911259754,0.029007293138962602,0.05578858913022596,0.0,0.0,0.0,0.215245,Оборот 7092 (+0.130); связей 1 (+0.029); seed 1 (+0.056); внешних групп 0 (+0.000); 1–2д 0% (+0.000); цикл +0.00
100000005017150100,0,True,0,0,0.0,0.0,0,0,0,0,0.0,0.0,0,0.0002840372852618645,0.0,False,False,75,False,0,0.0,peripheral,0.3,1.0,in=0/0 KZT; out=0/0 KZT; tx=0/0; d=0; нет наблюдаемых связей,0.0,0.0,0.0,0.0,0.0,0.0,0.0,Оборот 0 (+0.000); связей 0 (+0.000); seed 0 (+0.000); внешних групп 0 (+0.000); 1–2д 0% (+0.000); цикл +0.00
100000005022552100,3,False,1,1,241000.0,5000.0,3,1,2,0,0.0,0.0,0,0.00035574598882730213,0.02074688796680498,True,False,16,False,4,0.25,peripheral,0.4,1.0,in=1/241000 KZT; out=1/5000 KZT; tx=3/1; d=3; недостаточно признаков других ролей,0.18262085135500178,0.04597547187268181,0.08842282173954807,0.0,0.0,0.0,0.317019,Оборот 246000 (+0.183); связей 2 (+0.046); seed 2 (+0.088); внешних групп 0 (+0.000); 1–2д 0% (+0.000); цикл +0.00
100000005022964100,2,False,1,0,20000.0,0.0,1,0,4,0,0.0,0.0,0,0.0003255535707891414,0.0,True,False,2,False,1,1.0,terminal,0.55,1.0,in=1/20000 KZT; out=0/0 KZT; tx=1/0; d=2; нет выхода в наблюдаемой выборке,0.14570041229327152,0.029007293138962602,0.12953709247559939,0.0,0.0,0.0,0.304245,Оборот 20000 (+0.146); связей 1 (+0.029); seed 4 (+0.130); внешних групп 0 (+0.000); 1–2д 0% (+0.000); цикл +0.00
100000005025629100,4,False,1,0,5227.0,0.0,1,0,3,0,0.0,0.0,0,0.0003124291927672492,0.0,True,True,10,False,1,1.0,peripheral,0.2,1.0,in=1/5227 KZT; out=0/0 KZT; tx=1/0; d=4; граница выгрузки; роль неизвестна,0.12596059369656012,0.029007293138962602,0.11157717826045192,0.0,0.0,0.0,0.266545,Оборот 5227 (+0.126); связей 1 (+0.029); seed 3 (+0.112); внешних групп 0 (+0.000); 1–2д 0% (+0.000); цикл +0.00
100000005030592100,2,False,1,0,10000.0,0.0,1,0,3,0,0.0,0.0,0,0.0002871941374138813,0.0,True,False,3,False,1,1.0,terminal,0.55,1.0,in=1/10000 KZT; out=0/0 KZT; tx=1/0; d=2; нет выхода в наблюдаемой выборке,0.13550359676243048,0.029007293138962602,0.11157717826045192,0.0,0.0,0.0,0.276088,Оборот 10000 (+0.136); связей 1 (+0.029); seed 3 (+0.112); внешних групп 0 (+0.000); 1–2д 0% (+0.000); цикл +0.00
100000005031696100,2,False,1,2,5000.0,115000.0,1,3,4,1,5000.0,1.0,1,0.0005364847150657275,23.0,True,False,48,False,4,0.25,peripheral,0.4,1.0,in=1/5000 KZT; out=2/115000 KZT; tx=1/3; d=2; недостаточно признаков других ролей,0.17206008643713802,0.058014586277925204,0.12953709247559939,0.039397430255579034,0.1,0.0,0.499009,Оборот 120000 (+0.172); связей 3 (+0.058); seed 4 (+0.130); внешних групп 1 (+0.039); 1–2д 100% (+0.100); цикл +0.00
100000005032294100,2,False,1,0,10000.0,0.0,1,0,3,0,0.0,0.0,0,0.0003898966063354858,0.0,True,False,40,False,1,1.0,terminal,0.55,1.0,in=1/10000 KZT; out=0/0 KZT; tx=1/0; d=2; нет выхода в наблюдаемой выборке,0.13550359676243048,0.029007293138962602,0.11157717826045192,0.0,0.0,0.0,0.276088,Оборот 10000 (+0.136); связей 1 (+0.029); seed 3 (+0.112); внешних групп 0 (+0.000); 1–2д 0% (+0.000); цикл +0.00
100000005034574100,1,False,1,0,258816.0,0.0,16,0,1,0,0.0,0.0,0,0.00042264457719623776,0.0,True,False,73,False,5,0.375,terminal,0.55,1.0,in=1/258816 KZT; out=0/0 KZT; tx=16/0; d=1; нет выхода в наблюдаемой выборке,0.1833680075818614,0.029007293138962602,0.05578858913022596,0.0,0.0,0.0,0.268164,Оборот 258816 (+0.183); связей 1 (+0.029); seed 1 (+0.056); внешних групп 0 (+0.000); 1–2д 0% (+0.000); цикл +0.00
100000005037490100,3,False,1,2,15000.0,30000.0,1,3,2,0,0.0,0.0,0,0.00032139477856053095,2.0,True,False,12,True,3,0.5,peripheral,0.4,1.0,in=1/15000 KZT; out=2/30000 KZT; tx=1/3; d=3; недостаточно признаков других ролей,0.15763037359693888,0.058014586277925204,0.08842282173954807,0.0,0.0,0.1,0.404068,Оборот 45000 (+0.158); связей 3 (+0.058); seed 2 (+0.088); внешних групп 0 (+0.000); 1–2д 0% (+0.000); цикл +0.10
100000005041147100,4,False,1,0,10000.0,0.0,1,0,2,0,0.0,0.0,0,0.0005305931885964421,0.0,True,True,0,False,1,1.0,peripheral,0.2,1.0,in=1/10000 KZT; out=0/0 KZT; tx=1/0; d=4; граница выгрузки; роль неизвестна,0.13550359676243048,0.029007293138962602,0.08842282173954807,0.0,0.0,0.0,0.252934,Оборот 10000 (+0.136); связей 1 (+0.029); seed 2 (+0.088); внешних групп 0 (+0.000); 1–2д 0% (+0.000); цикл +0.00
100000005041905100,3,False,1,1,5000.0,1080351.0,1,5,1,0,0.0,0.0,0,0.00028481195587880644,216.0702,True,False,22,True,5,0.3333333333333333,peripheral,0.4,1.0,in=1/5000 KZT; out=1/1080351 KZT; tx=1/5; d=3; недостаточно признаков других ролей,0.20445816180637819,0.04597547187268181,0.05578858913022596,0.0,0.0,0.1,0.406222,Оборот 1085351 (+0.204); связей 2 (+0.046); seed 1 (+0.056); внешних групп 0 (+0.000); 1–2д 0% (+0.000); цикл +0.10
100000005042822100,4,False,1,0,1000000.0,0.0,1,0,1,0,0.0,0.0,0,0.00044985950940717014,0.0,True,True,36,False,1,1.0,peripheral,0.2,1.0,in=1/1000000 KZT; out=0/0 KZT; tx=1/0; d=4; граница выгрузки; роль неизвестна,0.20325320317247259,0.029007293138962602,0.05578858913022596,0.0,0.0,0.0,0.288049,Оборот 1000000 (+0.203); связей 1 (+0.029); seed 1 (+0.056); внешних групп 0 (+0.000); 1–2д 0% (+0.000); цикл +0.00
100000005048668100,3,False,2,8,16668.0,159400.0,2,11,4,5,10168.0,0.6100311975041997,2,0.0002869941768388129,9.563234941204703,True,False,8,True,10,0.15384615384615385,distributor,0.8,1.0,in=2/16668 KZT; out=8/159400 KZT; tx=2/11; d=3; рассылка многим получателям,0.17770029576585267,0.10034874705600798,0.12953709247559939,0.10184087983544891,0.06100311975041997,0.1,0.67043,Оборот 176068 (+0.178); связей 10 (+0.100); seed 4 (+0.130); внешних групп 5 (+0.102); 1–2д 61% (+0.061); цикл +0.10
100000005049404100,4,False,1,0,98000.0,0.0,2,0,3,0,0.0,0.0,0,0.0003109237994423162,0.0,True,True,10,False,2,0.5,peripheral,0.2,1.0,in=1/98000 KZT; out=0/0 KZT; tx=2/0; d=4; граница выгрузки; роль неизвестна,0.16908058582320548,0.029007293138962602,0.11157717826045192,0.0,0.0,0.0,0.309665,Оборот 98000 (+0.169); связей 1 (+0.029); seed 3 (+0.112); внешних групп 0 (+0.000); 1–2д 0% (+0.000); цикл +0.00
100000005052998100,3,False,1,1,9500.0,28400.0,1,1,2,0,0.0,0.0,0,0.00028456859012780634,2.9894736842105263,True,False,0,True,2,0.5,peripheral,0.4,1.0,in=1/9500 KZT; out=1/28400 KZT; tx=1/1; d=3; недостаточно признаков других ролей,0.15510422454587774,0.04597547187268181,0.08842282173954807,0.0,0.0,0.1,0.389503,Оборот 37900 (+0.155); связей 2 (+0.046); seed 2 (+0.088); внешних групп 0 (+0.000); 1–2д 0% (+0.000); цикл +0.10
100000005053653100,2,False,2,1,63073.0,25000.0,2,1,4,1,0.0,0.0,0,0.00031187180933931147,0.3963661154535221,True,False,12,False,3,0.3333333333333333,peripheral,0.4,1.0,in=2/63073 KZT; out=1/25000 KZT; tx=2/1; d=2; недостаточно признаков других ролей,0.16750934428620126,0.058014586277925204,0.12953709247559939,0.039397430255579034,0.0,0.0,0.394458,Оборот 88073 (+0.168); связей 3 (+0.058); seed 4 (+0.130); внешних групп 1 (+0.039); 1–2д 0% (+0.000); цикл +0.00
100000005055454100,3,False,1,0,6500.0,0.0,1,0,1,0,0.0,0.0,0,0.0005025562666871293,0.0,True,False,27,False,1,1.0,terminal,0.55,1.0,in=1/6500 KZT; out=0/0 KZT; tx=1/0; d=3; нет выхода в наблюдаемой выборке,0.1291667293807102,0.029007293138962602,0.05578858913022596,0.0,0.0,0.0,0.213963,Оборот 6500 (+0.129); связей 1 (+0.029); seed 1 (+0.056); внешних групп 0 (+0.000); 1–2д 0% (+0.000); цикл +0.00
100000005056870100,1,False,1,0,20000.0,0.0,1,0,1,0,0.0,0.0,0,0.0003015396280843565,0.0,True,False,55,False,1,1.0,terminal,0.55,1.0,in=1/20000 KZT; out=0/0 KZT; tx=1/0; d=1; нет выхода в наблюдаемой выборке,0.14570041229327152,0.029007293138962602,0.05578858913022596,0.0,0.0,0.0,0.230496,Оборот 20000 (+0.146); связей 1 (+0.029); seed 1 (+0.056); внешних групп 0 (+0.000); 1–2д 0% (+0.000); цикл +0.00
100000005059998100,2,False,1,0,18000.0,0.0,1,0,1,0,0.0,0.0,0,0.00029431756081489864,0.0,True,False,0,False,1,1.0,terminal,0.55,1.0,in=1/18000 KZT; out=0/0 KZT; tx=1/0; d=2; нет выхода в наблюдаемой выборке,0.144150434713314,0.029007293138962602,0.05578858913022596,0.0,0.0,0.0,0.228946,Оборот 18000 (+0.144); связей 1 (+0.029); seed 1 (+0.056); внешних групп 0 (+0.000); 1–2д 0% (+0.000); цикл +0.00
100000005061890100,3,False,1,0,90000.0,0.0,1,0,1,0,0.0,0.0,0,0.0005314583976537375,0.0,True,False,2,False,1,1.0,terminal,0.55,1.0,in=1/90000 KZT; out=0/0 KZT; tx=1/0; d=3; нет выхода в наблюдаемой выборке,0.16782776120697507,0.029007293138962602,0.05578858913022596,0.0,0.0,0.0,0.252624,Оборот 90000 (+0.168); связей 1 (+0.029); seed 1 (+0.056); внешних групп 0 (+0.000); 1–2д 0% (+0.000); цикл +0.00
100000005074393100,1,False,4,6,563026.0,685500.0,5,10,6,1,45500.0,0.08081331945593986,3,0.0010526790853721429,1.2175281425724567,True,False,12,True,12,0.13333333333333333,peripheral,0.4,1.0,in=4/563026 KZT; out=6/685500 KZT; tx=5/10; d=1; недостаточно признаков других ролей,0.20651871985801343,0.10034874705600798,0.1566183702893892,0.039397430255579034,0.008081331945593987,0.1,0.610965,Оборот 1248526 (+0.207); связей 10 (+0.100); seed 6 (+0.157); внешних групп 1 (+0.039); 1–2д 8% (+0.008); цикл +0.10
100000005075949100,4,False,1,0,2226000.0,0.0,7,0,1,0,0.0,0.0,0,0.0007627598293026876,0.0,True,True,57,False,4,0.42857142857142855,peripheral,0.2,1.0,in=1/2226000 KZT; out=0/0 KZT; tx=7/0; d=4; граница выгрузки; роль неизвестна,0.2150257945429981,0.029007293138962602,0.05578858913022596,0.0,0.0,0.0,0.299822,Оборот 2226000 (+0.215); связей 1 (+0.029); seed 1 (+0.056); внешних групп 0 (+0.000); 1–2д 0% (+0.000); цикл +0.00
100000005077484100,2,False,1,2,150000.0,13550.0,1,2,1,0,0.0,0.0,0,0.0005359153299928485,0.09033333333333333,True,False,27,True,2,0.6666666666666666,peripheral,0.4,1.0,in=1/150000 KZT; out=2/13550 KZT; tx=1/2; d=2; недостаточно признаков других ролей,0.17661527286920997,0.058014586277925204,0.05578858913022596,0.0,0.0,0.1,0.390418,Оборот 163550 (+0.177); связей 3 (+0.058); seed 1 (+0.056); внешних групп 0 (+0.000); 1–2д 0% (+0.000); цикл +0.10
100000005079473100,4,False,1,0,39312.0,0.0,1,0,1,0,0.0,0.0,0,0.0003242043370165594,0.0,True,True,8,False,1,1.0,peripheral,0.2,1.0,in=1/39312 KZT; out=0/0 KZT; tx=1/0; d=4; граница выгрузки; роль неизвестна,0.1556423548962418,0.029007293138962602,0.05578858913022596,0.0,0.0,0.0,0.240438,Оборот 39312 (+0.156); связей 1 (+0.029); seed 1 (+0.056); внешних групп 0 (+0.000); 1–2д 0% (+0.000); цикл +0.00
100000005079754100,1,False,1,2,70000.0,122000.0,1,2,4,0,20000.0,0.2857142857142857,1,0.00029794040201099785,1.7428571428571429,True,False,2,False,3,0.3333333333333333,peripheral,0.4,1.0,in=1/70000 KZT; out=2/122000 KZT; tx=1/2; d=1; недостаточно признаков других ролей,0.1789747133464729,0.058014586277925204,0.12953709247559939,0.0,0.02857142857142857,0.0,0.395098,Оборот 192000 (+0.179); связей 3 (+0.058); seed 4 (+0.130); внешних групп 0 (+0.000); 1–2д 29% (+0.029); цикл +0.00
100000005082652100,3,False,1,0,30000.0,0.0,1,0,1,0,0.0,0.0,0,0.00040555105645104185,0.0,True,False,1,False,1,1.0,terminal,0.55,1.0,in=1/30000 KZT; out=0/0 KZT; tx=1/0; d=3; нет выхода в наблюдаемой выборке,0.15166535208139753,0.029007293138962602,0.05578858913022596,0.0,0.0,0.0,0.236461,Оборот 30000 (+0.152); связей 1 (+0.029); seed 1 (+0.056); внешних групп 0 (+0.000); 1–2д 0% (+0.000); цикл +0.00
100000005087431100,0,True,0,0,0.0,0.0,0,0,0,0,0.0,0.0,0,0.0002840372852618645,0.0,False,False,76,False,0,0.0,peripheral,0.3,1.0,in=0/0 KZT; out=0/0 KZT; tx=0/0; d=0; нет наблюдаемых связей,0.0,0.0,0.0,0.0,0.0,0.0,0.0,Оборот 0 (+0.000); связей 0 (+0.000); seed 0 (+0.000); внешних групп 0 (+0.000); 1–2д 0% (+0.000); цикл +0.00
100000005087923100,4,False,1,0,20000.0,0.0,1,0,1,0,0.0,0.0,0,0.0004577253686191264,0.0,True,True,41,False,1,1.0,peripheral,0.2,1.0,in=1/20000 KZT; out=0/0 KZT; tx=1/0; d=4; граница выгрузки; роль неизвестна,0.14570041229327152,0.029007293138962602,0.05578858913022596,0.0,0.0,0.0,0.230496,Оборот 20000 (+0.146); связей 1 (+0.029); seed 1 (+0.056); внешних групп 0 (+0.000); 1–2д 0% (+0.000); цикл +0.00
100000005089460100,3,False,1,0,12300.0,0.0,1,0,1,0,0.0,0.0,0,0.0002859429749795416,0.0,True,False,22,False,1,1.0,terminal,0.55,1.0,in=1/12300 KZT; out=0/0 KZT; tx=1/0; d=3; нет выхода в наблюдаемой выборке,0.13854890511223597,0.029007293138962602,0.05578858913022596,0.0,0.0,0.0,0.223345,Оборот 12300 (+0.139); связей 1 (+0.029); seed 1 (+0.056); внешних групп 0 (+0.000); 1–2д 0% (+0.000); цикл +0.00
100000005092518100,1,False,1,0,26144.0,0.0,1,0,1,0,0.0,0.0,0,0.0002894832889048947,0.0,True,False,22,False,1,1.0,terminal,0.55,1.0,in=1/26144 KZT; out=0/0 KZT; tx=1/0; d=1; нет выхода в наблюдаемой выборке,0.14964138783374817,0.029007293138962602,0.05578858913022596,0.0,0.0,0.0,0.234437,Оборот 26144 (+0.150); связей 1 (+0.029); seed 1 (+0.056); внешних групп 0 (+0.000); 1–2д 0% (+0.000); цикл +0.00
100000005093521100,1,False,1,0,15200.0,0.0,1,0,4,0,0.0,0.0,0,0.000287056247755962,0.0,True,False,2,False,1,1.0,terminal,0.55,1.0,in=1/15200 KZT; out=0/0 KZT; tx=1/0; d=1; нет выхода в наблюдаемой выборке,0.14166314167552402,0.029007293138962602,0.12953709247559939,0.0,0.0,0.0,0.300208,Оборот 15200 (+0.142); связей 1 (+0.029); seed 4 (+0.130); внешних групп 0 (+0.000); 1–2д 0% (+0.000); цикл +0.00
100000005100475100,3,False,1,0,40000.0,0.0,1,0,1,0,0.0,0.0,0,0.00033587564349482017,0.0,True,False,41,False,1,1.0,terminal,0.55,1.0,in=1/40000 KZT; out=0/0 KZT; tx=1/0; d=3; нет выхода в наблюдаемой выборке,0.15589759558164798,0.029007293138962602,0.05578858913022596,0.0,0.0,0.0,0.240693,Оборот 40000 (+0.156); связей 1 (+0.029); seed 1 (+0.056); внешних групп 0 (+0.000); 1–2д 0% (+0.000); цикл +0.00
100000005105153100,2,False,1,0,30000.0,0.0,1,0,3,0,0.0,0.0,0,0.00039991171781832656,0.0,True,False,0,False,1,1.0,terminal,0.55,1.0,in=1/30000 KZT; out=0/0 KZT; tx=1/0; d=2; нет выхода в наблюдаемой выборке,0.15166535208139753,0.029007293138962602,0.11157717826045192,0.0,0.0,0.0,0.29225,Оборот 30000 (+0.152); связей 1 (+0.029); seed 3 (+0.112); внешних групп 0 (+0.000); 1–2д 0% (+0.000); цикл +0.00
100000005124479100,1,False,2,2,137753.0,22000.0,2,2,4,1,0.0,0.0,0,0.00030155894770149584,0.15970614070110994,True,False,0,False,4,0.25,peripheral,0.4,1.0,in=2/137753 KZT; out=2/22000 KZT; tx=2/2; d=1; недостаточно признаков других ролей,0.1762696928947286,0.06735284889599069,0.12953709247559939,0.039397430255579034,0.0,0.0,0.412557,Оборот 159753 (+0.176); связей 4 (+0.067); seed 4 (+0.130); внешних групп 1 (+0.039); 1–2д 0% (+0.000); цикл +0.00
100000005127767100,3,False,1,0,7000.0,0.0,1,0,1,0,0.0,0.0,0,0.0004200068811906391,0.0,True,False,19,False,1,1.0,terminal,0.55,1.0,in=1/7000 KZT; out=0/0 KZT; tx=1/0; d=3; нет выхода в наблюдаемой выборке,0.13025684098731208,0.029007293138962602,0.05578858913022596,0.0,0.0,0.0,0.215053,Оборот 7000 (+0.130); связей 1 (+0.029); seed 1 (+0.056); внешних групп 0 (+0.000); 1–2д 0% (+0.000); цикл +0.00
100000005133757100,1,False,2,0,65000.0,0.0,2,0,4,1,0.0,0.0,0,0.00029777000832415814,0.0,True,False,8,False,2,0.5,terminal,0.55,1.0,in=2/65000 KZT; out=0/0 KZT; tx=2/0; d=1; нет выхода в наблюдаемой выборке,0.16304022392303275,0.04597547187268181,0.12953709247559939,0.039397430255579034,0.0,0.0,0.37795,Оборот 65000 (+0.163); связей 2 (+0.046); seed 4 (+0.130); внешних групп 1 (+0.039); 1–2д 0% (+0.000); цикл +0.00
100000005140601100,2,False,3,2,52685.0,195300.0,4,5,1,1,13685.0,0.259751352377337,2,0.002836930113116558,3.706937458479643,True,False,8,True,6,0.3333333333333333,peripheral,0.4,1.0,in=3/52685 KZT; out=2/195300 KZT; tx=4/5; d=2; недостаточно признаков других ролей,0.18273908681691808,0.0749827650116444,0.05578858913022596,0.039397430255579034,0.0259751352377337,0.1,0.478883,Оборот 247985 (+0.183); связей 5 (+0.075); seed 1 (+0.056); внешних групп 1 (+0.039); 1–2д 26% (+0.026); цикл +0.10
100000005142492100,3,False,1,1,10000.0,57000.0,1,1,1,0,0.0,0.0,0,0.0020081399308093818,5.7,True,False,41,True,1,1.0,peripheral,0.4,1.0,in=1/10000 KZT; out=1/57000 KZT; tx=1/1; d=3; недостаточно признаков других ролей,0.16348606814612215,0.04597547187268181,0.05578858913022596,0.0,0.0,0.1,0.36525,Оборот 67000 (+0.163); связей 2 (+0.046); seed 1 (+0.056); внешних групп 0 (+0.000); 1–2д 0% (+0.000); цикл +0.10
100000005142589100,2,False,1,0,50000.0,0.0,2,0,2,0,0.0,0.0,0,0.0003086736411298622,0.0,True,False,0,False,1,1.0,terminal,0.55,1.0,in=1/50000 KZT; out=0/0 KZT; tx=2/0; d=2; нет выхода в наблюдаемой выборке,0.1591804002131276,0.029007293138962602,0.08842282173954807,0.0,0.0,0.0,0.276611,Оборот 50000 (+0.159); связей 1 (+0.029); seed 2 (+0.088); внешних групп 0 (+0.000); 1–2д 0% (+0.000); цикл +0.00
100000005146665100,4,False,1,0,5500.0,0.0,1,0,1,0,0.0,0.0,0,0.00028491608706595115,0.0,True,True,44,False,1,1.0,peripheral,0.2,1.0,in=1/5500 KZT; out=0/0 KZT; tx=1/0; d=4; граница выгрузки; роль неизвестна,0.12670944843109427,0.029007293138962602,0.05578858913022596,0.0,0.0,0.0,0.211505,Оборот 5500 (+0.127); связей 1 (+0.029); seed 1 (+0.056); внешних групп 0 (+0.000); 1–2д 0% (+0.000); цикл +0.00
100000005168487100,2,False,1,1,15000.0,103510.0,1,14,4,0,15000.0,1.0,2,0.0019051314086689442,6.900666666666667,True,False,11,True,12,0.13333333333333333,peripheral,0.4,1.0,in=1/15000 KZT; out=1/103510 KZT; tx=1/14; d=2; недостаточно признаков других ролей,0.17187627094654015,0.04597547187268181,0.12953709247559939,0.0,0.1,0.1,0.547389,Оборот 118510 (+0.172); связей 2 (+0.046); seed 4 (+0.130); внешних групп 0 (+0.000); 1–2д 100% (+0.100); цикл +0.10
100000005171642100,3,False,2,1,696800.0,683600.0,5,4,1,0,0.0,0.0,0,0.002916192688780188,0.9810562571756601,True,False,41,True,7,0.2222222222222222,peripheral,0.4,1.0,in=2/696800 KZT; out=1/683600 KZT; tx=5/4; d=3; недостаточно признаков других ролей,0.20799594122054535,0.058014586277925204,0.05578858913022596,0.0,0.0,0.1,0.421799,Оборот 1380400 (+0.208); связей 3 (+0.058); seed 1 (+0.056); внешних групп 0 (+0.000); 1–2д 0% (+0.000); цикл +0.10
100000005172860100,3,False,1,0,15209.2,0.0,1,0,1,0,0.0,0.0,0,0.000290218043441728,0.0,True,False,0,False,1,1.0,terminal,0.55,1.0,in=1/15209 KZT; out=0/0 KZT; tx=1/0; d=3; нет выхода в наблюдаемой выборке,0.1416720430015268,0.029007293138962602,0.05578858913022596,0.0,0.0,0.0,0.226468,Оборот 15209 (+0.142); связей 1 (+0.029); seed 1 (+0.056); внешних групп 0 (+0.000); 1–2д 0% (+0.000); цикл +0.00
100000005175148100,2,False,2,1,79000.0,15000.0,4,1,3,0,15000.0,0.189873417721519,1,0.0007168602433955909,0.189873417721519,True,False,3,True,4,0.4,peripheral,0.4,1.0,in=2/79000 KZT; out=1/15000 KZT; tx=4/1; d=2; недостаточно признаков других ролей,0.16846750532033802,0.058014586277925204,0.11157717826045192,0.0,0.018987341772151903,0.1,0.457047,Оборот 94000 (+0.168); связей 3 (+0.058); seed 3 (+0.112); внешних групп 0 (+0.000); 1–2д 19% (+0.019); цикл +0.10
100000005182219100,3,False,2,0,55000.0,0.0,2,0,3,1,0.0,0.0,0,0.0003520938072901849,0.0,True,False,10,False,2,0.5,terminal,0.55,1.0,in=2/55000 KZT; out=0/0 KZT; tx=2/0; d=3; нет выхода в наблюдаемой выборке,0.16058257267085202,0.04597547187268181,0.11157717826045192,0.039397430255579034,0.0,0.0,0.357533,Оборот 55000 (+0.161); связей 2 (+0.046); seed 3 (+0.112); внешних групп 1 (+0.039); 1–2д 0% (+0.000); цикл +0.00
100000005183943100,1,False,1,0,680900.0,0.0,9,0,1,0,0.0,0.0,0,0.0006064501177117044,0.0,True,False,23,False,9,0.1111111111111111,terminal,0.55,1.0,in=1/680900 KZT; out=0/0 KZT; tx=9/0; d=1; нет выхода в наблюдаемой выборке,0.19759881931123208,0.029007293138962602,0.05578858913022596,0.0,0.0,0.0,0.282395,Оборот 680900 (+0.198); связей 1 (+0.029); seed 1 (+0.056); внешних групп 0 (+0.000); 1–2д 0% (+0.000); цикл +0.00
100000005186109100,3,False,1,0,5000.0,0.0,1,0,3,0,0.0,0.0,0,0.0006020725206943361,0.0,True,False,3,False,1,1.0,terminal,0.55,1.0,in=1/5000 KZT; out=0/0 KZT; tx=1/0; d=3; нет выхода в наблюдаемой выборке,0.12530751666392811,0.029007293138962602,0.11157717826045192,0.0,0.0,0.0,0.265892,Оборот 5000 (+0.125); связей 1 (+0.029); seed 3 (+0.112); внешних групп 0 (+0.000); 1–2д 0% (+0.000); цикл +0.00
100000005186131100,3,False,1,1,10000.0,10000.0,1,1,2,0,0.0,0.0,0,0.0002845965535418033,1.0,True,False,0,False,1,1.0,peripheral,0.4,1.0,in=1/10000 KZT; out=1/10000 KZT; tx=1/1; d=3; недостаточно признаков других ролей,0.14570041229327152,0.04597547187268181,0.08842282173954807,0.0,0.0,0.0,0.280099,Оборот 20000 (+0.146); связей 2 (+0.046); seed 2 (+0.088); внешних групп 0 (+0.000); 1–2д 0% (+0.000); цикл +0.00
100000005187208100,3,False,1,0,14160.0,0.0,1,0,1,0,0.0,0.0,0,0.00031025462873734353,0.0,True,False,10,False,1,1.0,terminal,0.55,1.0,in=1/14160 KZT; out=0/0 KZT; tx=1/0; d=3; нет выхода в наблюдаемой выборке,0.14062051256752772,0.029007293138962602,0.05578858913022596,0.0,0.0,0.0,0.225416,Оборот 14160 (+0.141); связей 1 (+0.029); seed 1 (+0.056); внешних групп 0 (+0.000); 1–2д 0% (+0.000); цикл +0.00
100000005189258100,4,False,1,0,50000.0,0.0,1,0,1,0,0.0,0.0,0,0.0003142059086967553,0.0,True,True,10,False,1,1.0,peripheral,0.2,1.0,in=1/50000 KZT; out=0/0 KZT; tx=1/0; d=4; граница выгрузки; роль неизвестна,0.1591804002131276,0.029007293138962602,0.05578858913022596,0.0,0.0,0.0,0.243976,Оборот 50000 (+0.159); связей 1 (+0.029); seed 1 (+0.056); внешних групп 0 (+0.000); 1–2д 0% (+0.000); цикл +0.00
100000005198498100,3,False,1,0,28800.0,0.0,1,0,1,0,0.0,0.0,0,0.00028849938801545,0.0,True,False,22,False,1,1.0,terminal,0.55,1.0,in=1/28800 KZT; out=0/0 KZT; tx=1/0; d=3; нет выхода в наблюдаемой выборке,0.15106480111194476,0.029007293138962602,0.05578858913022596,0.0,0.0,0.0,0.235861,Оборот 28800 (+0.151); связей 1 (+0.029); seed 1 (+0.056); внешних групп 0 (+0.000); 1–2д 0% (+0.000); цикл +0.00
100000005198906100,3,False,1,1,227970.0,60000.0,1,1,3,0,0.0,0.0,0,0.00029136440251144823,0.26319252533228055,True,False,10,False,2,0.5,peripheral,0.4,1.0,in=1/227970 KZT; out=1/60000 KZT; tx=1/1; d=3; недостаточно признаков других ролей,0.18493834021221964,0.04597547187268181,0.11157717826045192,0.0,0.0,0.0,0.342491,Оборот 287970 (+0.185); связей 2 (+0.046); seed 3 (+0.112); внешних групп 0 (+0.000); 1–2д 0% (+0.000); цикл +0.00
100000005203590100,2,False,1,0,90000.0,0.0,1,0,1,0,0.0,0.0,0,0.00030098025865204646,0.0,True,False,41,False,1,1.0,terminal,0.55,1.0,in=1/90000 KZT; out=0/0 KZT; tx=1/0; d=2; нет выхода в наблюдаемой выборке,0.16782776120697507,0.029007293138962602,0.05578858913022596,0.0,0.0,0.0,0.252624,Оборот 90000 (+0.168); связей 1 (+0.029); seed 1 (+0.056); внешних групп 0 (+0.000); 1–2д 0% (+0.000); цикл +0.00
100000005205745100,2,False,1,0,6000.0,0.0,1,0,3,0,0.0,0.0,0,0.0003105468913481464,0.0,True,False,41,False,1,1.0,terminal,0.55,1.0,in=1/6000 KZT; out=0/0 KZT; tx=1/0; d=2; нет выхода в наблюдаемой выборке,0.12798933314284874,0.029007293138962602,0.11157717826045192,0.0,0.0,0.0,0.268574,Оборот 6000 (+0.128); связей 1 (+0.029); seed 3 (+0.112); внешних групп 0 (+0.000); 1–2д 0% (+0.000); цикл +0.00
100000005209352100,4,False,1,0,5000.0,0.0,1,0,2,0,0.0,0.0,0,0.0004178251473398623,0.0,True,True,0,False,1,1.0,peripheral,0.2,1.0,in=1/5000 KZT; out=0/0 KZT; tx=1/0; d=4; граница выгрузки; роль неизвестна,0.12530751666392811,0.029007293138962602,0.08842282173954807,0.0,0.0,0.0,0.242738,Оборот 5000 (+0.125); связей 1 (+0.029); seed 2 (+0.088); внешних групп 0 (+0.000); 1–2д 0% (+0.000); цикл +0.00
100000005222360100,3,False,1,1,5000.0,27000.0,1,1,1,1,0.0,0.0,0,0.0006006689436615323,5.4,True,False,40,True,2,0.5,peripheral,0.4,1.0,in=1/5000 KZT; out=1/27000 KZT; tx=1/1; d=3; недостаточно признаков других ролей,0.15261480933918287,0.04597547187268181,0.05578858913022596,0.039397430255579034,0.0,0.1,0.393776,Оборот 32000 (+0.153); связей 2 (+0.046); seed 1 (+0.056); внешних групп 1 (+0.039); 1–2д 0% (+0.000); цикл +0.10
100000005226217100,4,False,1,0,17500.0,0.0,1,0,2,0,0.0,0.0,0,0.0003808223989310146,0.0,True,True,4,False,1,1.0,peripheral,0.2,1.0,in=1/17500 KZT; out=0/0 KZT; tx=1/0; d=4; граница выгрузки; роль неизвестна,0.1437360093516701,0.029007293138962602,0.08842282173954807,0.0,0.0,0.0,0.261166,Оборот 17500 (+0.144); связей 1 (+0.029); seed 2 (+0.088); внешних групп 0 (+0.000); 1–2д 0% (+0.000); цикл +0.00
100000005228059100,1,False,1,0,26000.0,0.0,1,0,1,0,0.0,0.0,0,0.00028945329255679965,0.0,True,False,22,False,1,1.0,terminal,0.55,1.0,in=1/26000 KZT; out=0/0 KZT; tx=1/0; d=1; нет выхода в наблюдаемой выборке,0.1495601341574777,0.029007293138962602,0.05578858913022596,0.0,0.0,0.0,0.234356,Оборот 26000 (+0.150); связей 1 (+0.029); seed 1 (+0.056); внешних групп 0 (+0.000); 1–2д 0% (+0.000); цикл +0.00
100000005233755100,3,False,1,1,25000.0,5000.0,1,1,1,0,0.0,0.0,0,0.0002900337835286478,0.2,True,False,28,False,1,1.0,peripheral,0.4,1.0,in=1/25000 KZT; out=1/5000 KZT; tx=1/1; d=3; недостаточно признаков других ролей,0.15166535208139753,0.04597547187268181,0.05578858913022596,0.0,0.0,0.0,0.253429,Оборот 30000 (+0.152); связей 2 (+0.046); seed 1 (+0.056); внешних групп 0 (+0.000); 1–2д 0% (+0.000); цикл +0.00
100000005235389100,0,True,0,0,0.0,0.0,0,0,0,0,0.0,0.0,0,0.0002840372852618645,0.0,False,False,77,False,0,0.0,peripheral,0.3,1.0,in=0/0 KZT; out=0/0 KZT; tx=0/0; d=0; нет наблюдаемых связей,0.0,0.0,0.0,0.0,0.0,0.0,0.0,Оборот 0 (+0.000); связей 0 (+0.000); seed 0 (+0.000); внешних групп 0 (+0.000); 1–2д 0% (+0.000); цикл +0.00
100000005237935150,2,False,1,0,34508.0,0.0,1,0,1,0,0.0,0.0,0,0.0002963642990197873,0.0,True,False,24,False,1,1.0,terminal,0.55,1.0,in=1/34508 KZT; out=0/0 KZT; tx=1/0; d=2; нет выхода в наблюдаемой выборке,0.15372487068959953,0.029007293138962602,0.05578858913022596,0.0,0.0,0.0,0.238521,Оборот 34508 (+0.154); связей 1 (+0.029); seed 1 (+0.056); внешних групп 0 (+0.000); 1–2д 0% (+0.000); цикл +0.00
100000005241556100,3,False,1,0,100000.0,0.0,1,0,1,0,0.0,0.0,0,0.0005457881780648777,0.0,True,False,35,False,1,1.0,terminal,0.55,1.0,in=1/100000 KZT; out=0/0 KZT; tx=1/0; d=3; нет выхода в наблюдаемой выборке,0.16937780416926437,0.029007293138962602,0.05578858913022596,0.0,0.0,0.0,0.254174,Оборот 100000 (+0.169); связей 1 (+0.029); seed 1 (+0.056); внешних групп 0 (+0.000); 1–2д 0% (+0.000); цикл +0.00
100000005242320100,2,False,2,21,365700.0,8936295.0,2,29,2,1,365700.0,1.0,2,0.0004971822551126905,24.43613617719442,True,False,24,False,16,0.12903225806451613,distributor,0.8,1.0,in=2/365700 KZT; out=21/8936295 KZT; tx=2/29; d=2; рассылка многим получателям,0.23606422019946438,0.13299735128956963,0.08842282173954807,0.039397430255579034,0.1,0.0,0.596882,Оборот 9301995 (+0.236); связей 23 (+0.133); seed 2 (+0.088); внешних групп 1 (+0.039); 1–2д 100% (+0.100); цикл +0.00
100000005264874100,3,False,1,2,30000.0,78000.0,1,3,1,0,0.0,0.0,0,0.00042569821711005483,2.6,True,False,26,True,4,0.25,peripheral,0.4,1.0,in=1/30000 KZT; out=2/78000 KZT; tx=1/3; d=3; недостаточно признаков других ролей,0.17051004075046508,0.058014586277925204,0.05578858913022596,0.0,0.0,0.1,0.384313,Оборот 108000 (+0.171); связей 3 (+0.058); seed 1 (+0.056); внешних групп 0 (+0.000); 1–2д 0% (+0.000); цикл +0.10
100000005264990100,0,True,1,2,17070.0,122000.0,1,2,2,0,0.0,0.0,0,0.0003618904038755077,7.147041593438781,True,False,49,False,3,0.3333333333333333,peripheral,0.4,1.0,in=1/17070 KZT; out=2/122000 KZT; tx=1/2; d=0; недостаточно признаков других ролей,0.17422987223027284,0.058014586277925204,0.08842282173954807,0.0,0.0,0.0,0.320667,Оборот 139070 (+0.174); связей 3 (+0.058); seed 2 (+0.088); внешних групп 0 (+0.000); 1–2д 0% (+0.000); цикл +0.00
100000005265073100,3,False,1,1,5000.0,9000.0,1,1,2,0,0.0,0.0,0,0.00029750162393256104,1.8,True,False,49,False,2,0.5,peripheral,0.4,1.0,in=1/5000 KZT; out=1/9000 KZT; tx=1/1; d=3; недостаточно признаков других ролей,0.14045334131935877,0.04597547187268181,0.08842282173954807,0.0,0.0,0.0,0.274852,Оборот 14000 (+0.140); связей 2 (+0.046); seed 2 (+0.088); внешних групп 0 (+0.000); 1–2д 0% (+0.000); цикл +0.00
100000005268319100,3,False,1,5,19712.8,91000.0,2,10,1,1,9000.0,0.4565561462602979,1,0.00029204822928574566,4.6162899232985675,True,False,0,True,8,0.25,distributor,0.8,0.6666666666666666,in=1/19713 KZT; out=5/91000 KZT; tx=2/10; d=3; рассылка многим получателям,0.1708750150647089,0.08143376716923444,0.05578858913022596,0.039397430255579034,0.045655614626029795,0.1,0.49315,Оборот 110713 (+0.171); связей 6 (+0.081); seed 1 (+0.056); внешних групп 1 (+0.039); 1–2д 46% (+0.046); цикл +0.10
100000005272139100,4,False,1,0,165000.0,0.0,1,0,1,0,0.0,0.0,0,0.0007505718828659008,0.0,True,True,16,False,1,1.0,peripheral,0.2,1.0,in=1/165000 KZT; out=0/0 KZT; tx=1/0; d=4; граница выгрузки; роль неизвестна,0.1767451303969459,0.029007293138962602,0.05578858913022596,0.0,0.0,0.0,0.261541,Оборот 165000 (+0.177); связей 1 (+0.029); seed 1 (+0.056); внешних групп 0 (+0.000); 1–2д 0% (+0.000); цикл +0.00
100000005287097100,1,False,2,9,127173.0,697300.0,5,42,3,2,15500.0,0.12188121692497621,2,0.00030105672182123523,5.483082100760382,True,False,16,True,18,0.10638297872340426,distributor,0.8,1.0,in=2/127173 KZT; out=9/697300 KZT; tx=5/42; d=1; рассылка многим получателям,0.20041363859221661,0.10399005815060701,0.11157717826045192,0.062443449579869886,0.012188121692497621,0.1,0.590612,Оборот 824473 (+0.200); связей 11 (+0.104); seed 3 (+0.112); внешних групп 2 (+0.062); 1–2д 12% (+0.012); цикл +0.10
100000005293969100,4,False,1,0,5466.97,0.0,1,0,1,0,0.0,0.0,0,0.0005273558296109769,0.0,True,True,0,False,1,1.0,peripheral,0.2,1.0,in=1/5467 KZT; out=0/0 KZT; tx=1/0; d=4; граница выгрузки; роль неизвестна,0.12662084624011186,0.029007293138962602,0.05578858913022596,0.0,0.0,0.0,0.211417,Оборот 5467 (+0.127); связей 1 (+0.029); seed 1 (+0.056); внешних групп 0 (+0.000); 1–2д 0% (+0.000); цикл +0.00
100000005308954100,3,False,1,1,69020.0,30000.0,1,1,1,0,0.0,0.0,0,0.00035736902846797436,0.43465662126919735,True,False,16,False,2,0.5,peripheral,0.4,1.0,in=1/69020 KZT; out=1/30000 KZT; tx=1/1; d=3; недостаточно признаков других ролей,0.16923291733500465,0.04597547187268181,0.05578858913022596,0.0,0.0,0.0,0.270997,Оборот 99020 (+0.169); связей 2 (+0.046); seed 1 (+0.056); внешних групп 0 (+0.000); 1–2д 0% (+0.000); цикл +0.00
100000005314565100,3,False,1,0,218500.0,0.0,3,0,1,0,0.0,0.0,0,0.00037283193996429293,0.0,True,False,0,False,1,1.0,terminal,0.55,1.0,in=1/218500 KZT; out=0/0 KZT; tx=3/0; d=3; нет выхода в наблюдаемой выборке,0.18087682234406605,0.029007293138962602,0.05578858913022596,0.0,0.0,0.0,0.265673,Оборот 218500 (+0.181); связей 1 (+0.029); seed 1 (+0.056); внешних групп 0 (+0.000); 1–2д 0% (+0.000); цикл +0.00
100000005316708100,1,False,1,2,90000.0,257500.0,1,4,1,1,0.0,0.0,0,0.00029607954030465164,2.861111111111111,True,False,24,False,4,0.4,peripheral,0.4,1.0,in=1/90000 KZT; out=2/257500 KZT; tx=1/4; d=1; недостаточно признаков других ролей,0.18770283100815546,0.058014586277925204,0.05578858913022596,0.039397430255579034,0.0,0.0,0.340903,Оборот 347500 (+0.188); связей 3 (+0.058); seed 1 (+0.056); внешних групп 1 (+0.039); 1–2д 0% (+0.000); цикл +0.00
100000005317181100,3,False,1,1,141250.0,14500.0,1,1,2,0,0.0,0.0,0,0.0003205833485438103,0.10265486725663717,True,False,0,False,2,0.5,peripheral,0.4,1.0,in=1/141250 KZT; out=1/14500 KZT; tx=1/1; d=3; недостаточно признаков других ролей,0.17589635414147625,0.04597547187268181,0.08842282173954807,0.0,0.0,0.0,0.310295,Оборот 155750 (+0.176); связей 2 (+0.046); seed 2 (+0.088); внешних групп 0 (+0.000); 1–2д 0% (+0.000); цикл +0.00
100000005326681100,2,False,1,0,31228.0,0.0,1,0,3,0,0.0,0.0,0,0.00029389550316218246,0.0,True,False,3,False,1,1.0,terminal,0.55,1.0,in=1/31228 KZT; out=0/0 KZT; tx=1/0; d=2; нет выхода в наблюдаемой выборке,0.15225554333504857,0.029007293138962602,0.11157717826045192,0.0,0.0,0.0,0.29284,Оборот 31228 (+0.152); связей 1 (+0.029); seed 3 (+0.112); внешних групп 0 (+0.000); 1–2д 0% (+0.000); цикл +0.00
100000005328215100,2,False,1,0,27000.0,0.0,1,0,1,0,0.0,0.0,0,0.00029680865079590124,0.0,True,False,11,False,1,1.0,terminal,0.55,1.0,in=1/27000 KZT; out=0/0 KZT; tx=1/0; d=2; нет выхода в наблюдаемой выборке,0.15011534725947276,0.029007293138962602,0.05578858913022596,0.0,0.0,0.0,0.234911,Оборот 27000 (+0.150); связей 1 (+0.029); seed 1 (+0.056); внешних групп 0 (+0.000); 1–2д 0% (+0.000); цикл +0.00
100000005339662100,1,False,4,4,202939.0,295160.0,9,15,3,2,78850.0,0.38854039883906,5,0.0016550208762444898,1.4544271924075707,True,False,3,True,12,0.16666666666666666,peripheral,0.4,0.6666666666666666,in=4/202939 KZT; out=4/295160 KZT; tx=9/15; d=1; недостаточно признаков других ролей,0.1929996254626651,0.09195094374536363,0.11157717826045192,0.062443449579869886,0.038854039883906004,0.1,0.597825,Оборот 498099 (+0.193); связей 8 (+0.092); seed 3 (+0.112); внешних групп 2 (+0.062); 1–2д 39% (+0.039); цикл +0.10
100000005342513100,3,False,1,1,235000.0,30000.0,2,1,1,0,0.0,0.0,0,0.0011366998270111311,0.1276595744680851,True,False,22,True,2,0.6666666666666666,peripheral,0.4,1.0,in=1/235000 KZT; out=1/30000 KZT; tx=2/1; d=3; недостаточно признаков других ролей,0.18371539146388421,0.04597547187268181,0.05578858913022596,0.0,0.0,0.1,0.385479,Оборот 265000 (+0.184); связей 2 (+0.046); seed 1 (+0.056); внешних групп 0 (+0.000); 1–2д 0% (+0.000); цикл +0.10
100000005357034100,3,False,1,0,9754.0,0.0,1,0,2,0,0.0,0.0,0,0.0002845827955421168,0.0,True,False,0,False,1,1.0,terminal,0.55,1.0,in=1/9754 KZT; out=0/0 KZT; tx=1/0; d=3; нет выхода в наблюдаемой выборке,0.1351371938132356,0.029007293138962602,0.08842282173954807,0.0,0.0,0.0,0.252567,Оборот 9754 (+0.135); связей 1 (+0.029); seed 2 (+0.088); внешних групп 0 (+0.000); 1–2д 0% (+0.000); цикл +0.00
100000005357705100,3,False,1,4,52595.0,387080.0,1,5,1,0,0.0,0.0,0,0.0002946538934335013,7.35963494628767,True,False,8,False,4,0.5,peripheral,0.4,0.6666666666666666,in=1/52595 KZT; out=4/387080 KZT; tx=1/5; d=3; недостаточно признаков других ролей,0.19116412106336192,0.0749827650116444,0.05578858913022596,0.0,0.0,0.0,0.321935,Оборот 439675 (+0.191); связей 5 (+0.075); seed 1 (+0.056); внешних групп 0 (+0.000); 1–2д 0% (+0.000); цикл +0.00
100000005360814100,4,False,1,0,144000.0,0.0,3,0,1,0,0.0,0.0,0,0.00043116934297136964,0.0,True,True,8,False,3,0.3333333333333333,peripheral,0.2,1.0,in=1/144000 KZT; out=0/0 KZT; tx=3/0; d=4; граница выгрузки; роль неизвестна,0.17474237279159754,0.029007293138962602,0.05578858913022596,0.0,0.0,0.0,0.259538,Оборот 144000 (+0.175); связей 1 (+0.029); seed 1 (+0.056); внешних групп 0 (+0.000); 1–2д 0% (+0.000); цикл +0.00
100000005362848100,3,False,1,0,29000.0,0.0,1,0,1,0,0.0,0.0,0,0.00029476708241355946,0.0,True,False,18,False,1,1.0,terminal,0.55,1.0,in=1/29000 KZT; out=0/0 KZT; tx=1/0; d=3; нет выхода в наблюдаемой выборке,0.1511666108422302,0.029007293138962602,0.05578858913022596,0.0,0.0,0.0,0.235962,Оборот 29000 (+0.151); связей 1 (+0.029); seed 1 (+0.056); внешних групп 0 (+0.000); 1–2д 0% (+0.000); цикл +0.00
100000005363908100,1,False,1,1,19500.0,19500.0,1,1,1,0,0.0,0.0,0,0.00033663972105341344,1.0,True,False,71,False,1,1.0,peripheral,0.4,1.0,in=1/19500 KZT; out=1/19500 KZT; tx=1/1; d=1; недостаточно признаков других ролей,0.15552513052588027,0.04597547187268181,0.05578858913022596,0.0,0.0,0.0,0.257289,Оборот 39000 (+0.156); связей 2 (+0.046); seed 1 (+0.056); внешних групп 0 (+0.000); 1–2д 0% (+0.000); цикл +0.00
100000005367180100,4,False,1,0,7700.0,0.0,1,0,1,0,0.0,0.0,0,0.0007774995611696132,0.0,True,True,8,False,1,1.0,peripheral,0.2,1.0,in=1/7700 KZT; out=0/0 KZT; tx=1/0; d=4; граница выгрузки; роль неизвестна,0.1316588491552197,0.029007293138962602,0.05578858913022596,0.0,0.0,0.0,0.216455,Оборот 7700 (+0.132); связей 1 (+0.029); seed 1 (+0.056); внешних групп 0 (+0.000); 1–2д 0% (+0.000); цикл +0.00
100000005367284100,3,False,1,2,13700.0,48300.0,1,5,2,0,0.0,0.0,0,0.000287581929983724,3.5255474452554743,True,False,0,False,5,0.3333333333333333,peripheral,0.4,1.0,in=1/13700 KZT; out=2/48300 KZT; tx=1/5; d=3; недостаточно признаков других ролей,0.16234505249474443,0.058014586277925204,0.08842282173954807,0.0,0.0,0.0,0.308782,Оборот 62000 (+0.162); связей 3 (+0.058); seed 2 (+0.088); внешних групп 0 (+0.000); 1–2д 0% (+0.000); цикл +0.00
100000005367445100,3,False,1,1,5000.0,5000.0,1,1,1,0,5000.0,1.0,1,0.0019379271078226272,1.0,True,False,4,True,2,0.5,transit,0.65,1.0,in=1/5000 KZT; out=1/5000 KZT; tx=1/1; d=3; вход≈выход; сценарий 1–2д 100% входа,0.13550359676243048,0.04597547187268181,0.05578858913022596,0.0,0.1,0.1,0.437268,Оборот 10000 (+0.136); связей 2 (+0.046); seed 1 (+0.056); внешних групп 0 (+0.000); 1–2д 100% (+0.100); цикл +0.10
100000005370558100,4,False,1,0,5000.0,0.0,1,0,1,0,0.0,0.0,0,0.00029767690036624394,0.0,True,True,0,False,1,1.0,peripheral,0.2,1.0,in=1/5000 KZT; out=0/0 KZT; tx=1/0; d=4; граница выгрузки; роль неизвестна,0.12530751666392811,0.029007293138962602,0.05578858913022596,0.0,0.0,0.0,0.210103,Оборот 5000 (+0.125); связей 1 (+0.029); seed 1 (+0.056); внешних групп 0 (+0.000); 1–2д 0% (+0.000); цикл +0.00
100000005370580100,0,True,1,0,24075.0,0.0,1,0,2,0,0.0,0.0,0,0.0003439960620062242,0.0,True,False,12,False,1,1.0,peripheral,0.4,1.0,in=1/24075 KZT; out=0/0 KZT; tx=1/0; d=0; недостаточно признаков других ролей,0.1484284977544756,0.029007293138962602,0.08842282173954807,0.0,0.0,0.0,0.265859,Оборот 24075 (+0.148); связей 1 (+0.029); seed 2 (+0.088); внешних групп 0 (+0.000); 1–2д 0% (+0.000); цикл +0.00
100000005375968100,3,False,1,2,170082.0,86000.0,1,4,2,0,10000.0,0.05879516938888301,1,0.00029354943202071986,0.5056384567443939,True,False,0,False,4,0.4,peripheral,0.4,1.0,in=1/170082 KZT; out=2/86000 KZT; tx=1/4; d=3; недостаточно признаков других ролей,0.18321177193723576,0.058014586277925204,0.08842282173954807,0.0,0.005879516938888302,0.0,0.335529,Оборот 256082 (+0.183); связей 3 (+0.058); seed 2 (+0.088); внешних групп 0 (+0.000); 1–2д 6% (+0.006); цикл +0.00
100000005382566100,0,True,7,1,393066.0,50000.0,11,1,11,1,29000.0,0.07377895824110964,1,0.002097760988514033,0.12720510041570626,True,False,49,True,7,0.16666666666666666,peripheral,0.4,1.0,in=7/393066 KZT; out=1/50000 KZT; tx=11/1; d=0; недостаточно признаков других ролей,0.19127715167232268,0.09195094374536363,0.2,0.039397430255579034,0.0,0.1,0.622626,Оборот 443066 (+0.191); связей 8 (+0.092); seed 11 (+0.200); внешних групп 1 (+0.039); 1–2д 7% (+0.000); цикл +0.10
100000005386383100,0,True,2,1,37500.0,29000.0,2,1,4,2,0.0,0.0,0,0.0005212203483569149,0.7733333333333333,True,False,49,False,2,0.6666666666666666,peripheral,0.4,1.0,in=2/37500 KZT; out=1/29000 KZT; tx=2/1; d=0; недостаточно признаков других ролей,0.1633758673614772,0.058014586277925204,0.12953709247559939,0.062443449579869886,0.0,0.0,0.413371,Оборот 66500 (+0.163); связей 3 (+0.058); seed 4 (+0.130); внешних групп 2 (+0.062); 1–2д 0% (+0.000); цикл +0.00
100000005392290100,0,True,0,1,0.0,81465.0,0,1,0,0,0.0,0.0,0,0.0002840372852618645,0.0,False,False,68,False,1,1.0,peripheral,0.4,1.0,in=0/0 KZT; out=1/81465 KZT; tx=0/1; d=0; недостаточно признаков других ролей,0.16636193505092062,0.029007293138962602,0.0,0.0,0.0,0.0,0.195369,Оборот 81465 (+0.166); связей 1 (+0.029); seed 0 (+0.000); внешних групп 0 (+0.000); 1–2д 0% (+0.000); цикл +0.00
100000005394708100,1,False,1,1,26000.0,65000.0,1,1,1,0,26000.0,1.0,1,0.0003432563796435454,2.5,True,False,49,False,2,0.5,peripheral,0.4,1.0,in=1/26000 KZT; out=1/65000 KZT; tx=1/1; d=1; недостаточно признаков других ролей,0.16799032411845796,0.04597547187268181,0.05578858913022596,0.0,0.1,0.0,0.369754,Оборот 91000 (+0.168); связей 2 (+0.046); seed 1 (+0.056); внешних групп 0 (+0.000); 1–2д 100% (+0.100); цикл +0.00
100000005395727100,0,True,1,0,17000.0,0.0,1,0,3,0,0.0,0.0,0,0.00036910738069411255,0.0,True,False,3,False,1,1.0,peripheral,0.4,1.0,in=1/17000 KZT; out=0/0 KZT; tx=1/0; d=0; недостаточно признаков других ролей,0.1433095706986651,0.029007293138962602,0.11157717826045192,0.0,0.0,0.0,0.283894,Оборот 17000 (+0.143); связей 1 (+0.029); seed 3 (+0.112); внешних групп 0 (+0.000); 1–2д 0% (+0.000); цикл +0.00
100000005402643100,2,False,1,1,127800.0,90000.0,1,1,1,0,0.0,0.0,0,0.00029598287594536727,0.704225352112676,True,False,4,False,2,0.5,peripheral,0.4,1.0,in=1/127800 KZT; out=1/90000 KZT; tx=1/1; d=2; недостаточно признаков других ролей,0.18082961477549958,0.04597547187268181,0.05578858913022596,0.0,0.0,0.0,0.282594,Оборот 217800 (+0.181); связей 2 (+0.046); seed 1 (+0.056); внешних групп 0 (+0.000); 1–2д 0% (+0.000); цикл +0.00
100000005409156100,3,False,2,0,260080.0,0.0,2,0,3,0,0.0,0.0,0,0.0004214259198803029,0.0,True,False,10,False,2,0.5,terminal,0.55,1.0,in=2/260080 KZT; out=0/0 KZT; tx=2/0; d=3; нет выхода в наблюдаемой выборке,0.18343968236042724,0.04597547187268181,0.11157717826045192,0.0,0.0,0.0,0.340992,Оборот 260080 (+0.183); связей 2 (+0.046); seed 3 (+0.112); внешних групп 0 (+0.000); 1–2д 0% (+0.000); цикл +0.00
100000005409680100,0,True,2,0,55060.0,0.0,2,0,4,1,0.0,0.0,0,0.000629323306000812,0.0,True,False,43,False,2,0.5,peripheral,0.4,1.0,in=2/55060 KZT; out=0/0 KZT; tx=2/0; d=0; недостаточно признаков других ролей,0.16059861303844883,0.04597547187268181,0.12953709247559939,0.039397430255579034,0.0,0.0,0.375509,Оборот 55060 (+0.161); связей 2 (+0.046); seed 4 (+0.130); внешних групп 1 (+0.039); 1–2д 0% (+0.000); цикл +0.00
100000005413948100,2,False,2,1,28215.0,5000.0,2,1,1,0,0.0,0.0,0,0.00194575273301975,0.177210703526493,True,False,4,True,3,0.3333333333333333,peripheral,0.4,1.0,in=2/28215 KZT; out=1/5000 KZT; tx=2/1; d=2; недостаточно признаков других ролей,0.15316304355540084,0.058014586277925204,0.05578858913022596,0.0,0.0,0.1,0.366966,Оборот 33215 (+0.153); связей 3 (+0.058); seed 1 (+0.056); внешних групп 0 (+0.000); 1–2д 0% (+0.000); цикл +0.10
100000005417257100,0,True,0,2,0.0,106000.0,0,2,0,0,0.0,0.0,0,0.0002840372852618645,0.0,False,False,49,False,2,0.5,peripheral,0.4,1.0,in=0/0 KZT; out=2/106000 KZT; tx=0/2; d=0; недостаточно признаков других ролей,0.17023504547545898,0.04597547187268181,0.0,0.0,0.0,0.0,0.216211,Оборот 106000 (+0.170); связей 2 (+0.046); seed 0 (+0.000); внешних групп 0 (+0.000); 1–2д 0% (+0.000); цикл +0.00
100000005432267100,1,False,2,0,350001.0,0.0,2,0,4,1,0.0,0.0,0,0.00034035122203138283,0.0,True,False,2,False,1,1.0,terminal,0.55,1.0,in=2/350001 KZT; out=0/0 KZT; tx=2/0; d=1; нет выхода в наблюдаемой выборке,0.18780833524413074,0.04597547187268181,0.12953709247559939,0.039397430255579034,0.0,0.0,0.402718,Оборот 350001 (+0.188); связей 2 (+0.046); seed 4 (+0.130); внешних групп 1 (+0.039); 1–2д 0% (+0.000); цикл +0.00
100000005454368100,0,True,2,0,48600.0,0.0,2,0,2,1,0.0,0.0,0,0.00039188588976669567,0.0,True,False,12,False,2,0.5,peripheral,0.4,1.0,in=2/48600 KZT; out=0/0 KZT; tx=2/0; d=0; недостаточно признаков других ролей,0.15876259685908622,0.04597547187268181,0.08842282173954807,0.039397430255579034,0.0,0.0,0.332558,Оборот 48600 (+0.159); связей 2 (+0.046); seed 2 (+0.088); внешних групп 1 (+0.039); 1–2д 0% (+0.000); цикл +0.00
100000005456919100,1,False,2,1,479950.0,5000.0,10,1,1,0,5000.0,0.010417751849150954,1,0.0014326810455822898,0.010417751849150954,True,False,9,True,7,0.2727272727272727,peripheral,0.4,1.0,in=2/479950 KZT; out=1/5000 KZT; tx=10/1; d=1; недостаточно признаков других ролей,0.1926060364179742,0.058014586277925204,0.05578858913022596,0.0,0.0010417751849150954,0.1,0.407451,Оборот 484950 (+0.193); связей 3 (+0.058); seed 1 (+0.056); внешних групп 0 (+0.000); 1–2д 1% (+0.001); цикл +0.10
100000005473151100,1,False,3,4,1220000.0,225000.0,4,6,2,2,25000.0,0.020491803278688523,1,0.00046560601161674573,0.18442622950819673,True,False,18,True,4,0.5,peripheral,0.4,1.0,in=3/1220000 KZT; out=4/225000 KZT; tx=4/6; d=1; недостаточно признаков других ролей,0.20866880691745204,0.08702187941688781,0.08842282173954807,0.062443449579869886,0.0020491803278688526,0.1,0.548606,Оборот 1445000 (+0.209); связей 7 (+0.087); seed 2 (+0.088); внешних групп 2 (+0.062); 1–2д 2% (+0.002); цикл +0.10
100000005474472100,2,False,1,0,100000.0,0.0,1,0,1,0,0.0,0.0,0,0.0005417066816380902,0.0,True,False,21,False,1,1.0,terminal,0.55,1.0,in=1/100000 KZT; out=0/0 KZT; tx=1/0; d=2; нет выхода в наблюдаемой выборке,0.16937780416926437,0.029007293138962602,0.05578858913022596,0.0,0.0,0.0,0.254174,Оборот 100000 (+0.169); связей 1 (+0.029); seed 1 (+0.056); внешних групп 0 (+0.000); 1–2д 0% (+0.000); цикл +0.00
100000005475379100,3,False,1,3,108370.0,81000.0,1,3,1,0,0.0,0.0,0,0.0004191138574273586,0.7474393282273692,True,False,11,False,4,0.25,peripheral,0.4,1.0,in=1/108370 KZT; out=3/81000 KZT; tx=1/3; d=3; недостаточно признаков других ролей,0.1787717982996589,0.06735284889599069,0.05578858913022596,0.0,0.0,0.0,0.301913,Оборот 189370 (+0.179); связей 4 (+0.067); seed 1 (+0.056); внешних групп 0 (+0.000); 1–2д 0% (+0.000); цикл +0.00
100000005480435100,0,True,0,0,0.0,0.0,0,0,0,0,0.0,0.0,0,0.0002840372852618645,0.0,False,False,78,False,0,0.0,peripheral,0.3,1.0,in=0/0 KZT; out=0/0 KZT; tx=0/0; d=0; нет наблюдаемых связей,0.0,0.0,0.0,0.0,0.0,0.0,0.0,Оборот 0 (+0.000); связей 0 (+0.000); seed 0 (+0.000); внешних групп 0 (+0.000); 1–2д 0% (+0.000); цикл +0.00
100000005481280100,2,False,1,3,32700.0,50000.0,1,3,3,1,17000.0,0.5198776758409785,1,0.00029436019179895933,1.529051987767584,True,False,3,False,4,0.25,peripheral,0.4,1.0,in=1/32700 KZT; out=3/50000 KZT; tx=1/3; d=2; недостаточно признаков других ролей,0.16658329024253093,0.06735284889599069,0.11157717826045192,0.039397430255579034,0.05198776758409786,0.0,0.436899,Оборот 82700 (+0.167); связей 4 (+0.067); seed 3 (+0.112); внешних групп 1 (+0.039); 1–2д 52% (+0.052); цикл +0.00
100000005485830100,0,True,0,5,0.0,275885.0,0,9,0,0,0.0,0.0,0,0.0002840372852618645,0.0,False,False,55,False,7,0.3333333333333333,distributor,0.8,0.6666666666666666,in=0/0 KZT; out=5/275885 KZT; tx=0/9; d=0; рассылка многим получателям,0.1843076085759895,0.0749827650116444,0.0,0.0,0.0,0.0,0.25929,Оборот 275885 (+0.184); связей 5 (+0.075); seed 0 (+0.000); внешних групп 0 (+0.000); 1–2д 0% (+0.000); цикл +0.00
100000005493505100,0,True,3,0,62020.0,0.0,3,0,6,1,0.0,0.0,0,0.0006136658085401846,0.0,True,False,12,False,3,0.3333333333333333,peripheral,0.4,1.0,in=3/62020 KZT; out=0/0 KZT; tx=3/0; d=0; недостаточно признаков других ролей,0.16234979744531464,0.058014586277925204,0.1566183702893892,0.039397430255579034,0.0,0.0,0.41638,Оборот 62020 (+0.162); связей 3 (+0.058); seed 6 (+0.157); внешних групп 1 (+0.039); 1–2д 0% (+0.000); цикл +0.00
100000005495211100,4,False,1,0,14500.0,0.0,1,0,2,0,0.0,0.0,0,0.0005565331315319111,0.0,True,True,0,False,1,1.0,peripheral,0.2,1.0,in=1/14500 KZT; out=0/0 KZT; tx=1/0; d=4; граница выгрузки; роль неизвестна,0.14096956705133798,0.029007293138962602,0.08842282173954807,0.0,0.0,0.0,0.2584,Оборот 14500 (+0.141); связей 1 (+0.029); seed 2 (+0.088); внешних групп 0 (+0.000); 1–2д 0% (+0.000); цикл +0.00
100000005495722100,0,True,0,0,0.0,0.0,0,0,0,0,0.0,0.0,0,0.0002840372852618645,0.0,False,False,79,False,0,0.0,peripheral,0.3,1.0,in=0/0 KZT; out=0/0 KZT; tx=0/0; d=0; нет наблюдаемых связей,0.0,0.0,0.0,0.0,0.0,0.0,0.0,Оборот 0 (+0.000); связей 0 (+0.000); seed 0 (+0.000); внешних групп 0 (+0.000); 1–2д 0% (+0.000); цикл +0.00
100000005496254100,1,False,1,0,12700.0,0.0,1,0,1,0,0.0,0.0,0,0.00028640187445476504,0.0,True,False,0,False,1,1.0,terminal,0.55,1.0,in=1/12700 KZT; out=0/0 KZT; tx=1/0; d=1; нет выхода в наблюдаемой выборке,0.13901969022623262,0.029007293138962602,0.05578858913022596,0.0,0.0,0.0,0.223816,Оборот 12700 (+0.139); связей 1 (+0.029); seed 1 (+0.056); внешних групп 0 (+0.000); 1–2д 0% (+0.000); цикл +0.00
100000005497148100,4,False,1,0,24000.0,0.0,2,0,3,0,0.0,0.0,0,0.0004871241243711795,0.0,True,True,10,False,2,0.5,peripheral,0.2,1.0,in=1/24000 KZT; out=0/0 KZT; tx=2/0; d=4; граница выгрузки; роль неизвестна,0.1483825964868302,0.029007293138962602,0.11157717826045192,0.0,0.0,0.0,0.288967,Оборот 24000 (+0.148); связей 1 (+0.029); seed 3 (+0.112); внешних групп 0 (+0.000); 1–2д 0% (+0.000); цикл +0.00
100000005498992100,0,True,0,16,0.0,2262868.0,0,19,0,3,0.0,0.0,0,0.0002840372852618645,0.0,False,False,4,False,10,0.2631578947368421,distributor,0.8,1.0,in=0/0 KZT; out=16/2262868 KZT; tx=0/19; d=0; рассылка многим получателям,0.21526746454184567,0.11856623283076556,0.0,0.07879486051115807,0.0,0.0,0.412629,Оборот 2262868 (+0.215); связей 16 (+0.119); seed 0 (+0.000); внешних групп 3 (+0.079); 1–2д 0% (+0.000); цикл +0.00
100000005505655100,1,False,2,1,33070.0,20000.0,2,1,2,1,0.0,0.0,0,0.0003196999461879124,0.6047777441790142,True,False,13,True,2,0.6666666666666666,peripheral,0.4,1.0,in=2/33070 KZT; out=1/20000 KZT; tx=2/1; d=1; недостаточно признаков других ролей,0.16005705089124503,0.058014586277925204,0.08842282173954807,0.039397430255579034,0.0,0.1,0.445892,Оборот 53070 (+0.160); связей 3 (+0.058); seed 2 (+0.088); внешних групп 1 (+0.039); 1–2д 0% (+0.000); цикл +0.10
100000005507142100,2,False,3,3,51000.0,100000.0,3,4,1,1,0.0,0.0,0,0.0005555330660543224,1.9607843137254901,True,False,26,True,7,0.14285714285714285,peripheral,0.4,1.0,in=3/51000 KZT; out=3/100000 KZT; tx=3/4; d=2; недостаточно признаков других ролей,0.1754406936799996,0.08143376716923444,0.05578858913022596,0.039397430255579034,0.0,0.1,0.45206,Оборот 151000 (+0.175); связей 6 (+0.081); seed 1 (+0.056); внешних групп 1 (+0.039); 1–2д 0% (+0.000); цикл +0.10
100000005514161100,1,False,4,1,401500.0,50000.0,7,1,6,2,0.0,0.0,0,0.0008011820844826384,0.12453300124533001,True,False,24,False,5,0.25,consolidator,0.75,1.0,in=4/401500 KZT; out=1/50000 KZT; tx=7/1; d=1; сбор; выход 12% наблюдаемого входа,0.19155456896550838,0.0749827650116444,0.1566183702893892,0.062443449579869886,0.0,0.0,0.485599,Оборот 451500 (+0.192); связей 5 (+0.075); seed 6 (+0.157); внешних групп 2 (+0.062); 1–2д 0% (+0.000); цикл +0.00
100000005519347100,0,True,2,1,73100.0,99000.0,2,1,4,0,0.0,0.0,0,0.0005531508069346041,1.3543091655266757,True,False,16,False,3,0.3333333333333333,peripheral,0.4,1.0,in=2/73100 KZT; out=1/99000 KZT; tx=2/1; d=0; недостаточно признаков других ролей,0.17736494481379644,0.058014586277925204,0.12953709247559939,0.0,0.0,0.0,0.364917,Оборот 172100 (+0.177); связей 3 (+0.058); seed 4 (+0.130); внешних групп 0 (+0.000); 1–2д 0% (+0.000); цикл +0.00
100000005519998100,2,False,3,3,182000.0,188000.0,5,8,1,0,62000.0,0.34065934065934067,3,0.0006478016609438263,1.032967032967033,True,False,62,True,11,0.15384615384615385,peripheral,0.4,1.0,in=3/182000 KZT; out=3/188000 KZT; tx=5/8; d=2; недостаточно признаков других ролей,0.18862583216332404,0.08143376716923444,0.05578858913022596,0.0,0.03406593406593407,0.1,0.459914,Оборот 370000 (+0.189); связей 6 (+0.081); seed 1 (+0.056); внешних групп 0 (+0.000); 1–2д 34% (+0.034); цикл +0.10
100000005523088100,0,True,1,0,700000.0,0.0,2,0,7,0,0.0,0.0,0,0.0017042968750550951,0.0,True,False,49,False,1,1.0,peripheral,0.4,1.0,in=1/700000 KZT; out=0/0 KZT; tx=2/0; d=0; недостаточно признаков других ролей,0.19800582326660798,0.029007293138962602,0.1673657673906779,0.0,0.0,0.0,0.394379,Оборот 700000 (+0.198); связей 1 (+0.029); seed 7 (+0.167); внешних групп 0 (+0.000); 1–2д 0% (+0.000); цикл +0.00
100000005527892100,1,False,3,8,220001.0,552419.0,3,8,4,5,100000.0,0.45454338843914344,2,0.0003107186802219501,2.510984040981632,True,False,35,False,8,0.2727272727272727,distributor,0.8,1.0,in=3/220001 KZT; out=8/552419 KZT; tx=3/8; d=1; рассылка многим получателям,0.19945418557230254,0.10399005815060701,0.12953709247559939,0.10184087983544891,0.045454338843914345,0.0,0.580277,Оборот 772420 (+0.199); связей 11 (+0.104); seed 4 (+0.130); внешних групп 5 (+0.102); 1–2д 45% (+0.045); цикл +0.00
100000005530114100,3,False,2,1,136970.0,25000.0,2,1,1,1,25000.0,0.1825217200846901,1,0.000491960171716366,0.1825217200846901,True,False,28,False,3,0.3333333333333333,peripheral,0.4,1.0,in=2/136970 KZT; out=1/25000 KZT; tx=2/1; d=3; недостаточно признаков других ролей,0.1764724556488885,0.058014586277925204,0.05578858913022596,0.039397430255579034,0.01825217200846901,0.0,0.347925,Оборот 161970 (+0.176); связей 3 (+0.058); seed 1 (+0.056); внешних групп 1 (+0.039); 1–2д 18% (+0.018); цикл +0.00
100000005532138100,3,False,1,0,25046.0,0.0,1,0,1,0,0.0,0.0,0,0.0002922015118177836,0.0,True,False,1,False,1,1.0,terminal,0.55,1.0,in=1/25046 KZT; out=0/0 KZT; tx=1/0; d=3; нет выхода в наблюдаемой выборке,0.14901018741498162,0.029007293138962602,0.05578858913022596,0.0,0.0,0.0,0.233806,Оборот 25046 (+0.149); связей 1 (+0.029); seed 1 (+0.056); внешних групп 0 (+0.000); 1–2д 0% (+0.000); цикл +0.00
100000005539201100,1,False,1,1,45504.0,25000.0,1,1,2,0,0.0,0.0,0,0.00028889760495752275,0.5494022503516175,True,False,16,False,2,0.5,peripheral,0.4,1.0,in=1/45504 KZT; out=1/25000 KZT; tx=1/1; d=1; недостаточно признаков других ролей,0.16423602607884757,0.04597547187268181,0.08842282173954807,0.0,0.0,0.0,0.298634,Оборот 70504 (+0.164); связей 2 (+0.046); seed 2 (+0.088); внешних групп 0 (+0.000); 1–2д 0% (+0.000); цикл +0.00
100000005539910100,2,False,1,2,102000.0,22000.0,1,2,4,0,0.0,0.0,0,0.0004957703414509768,0.21568627450980393,True,False,2,False,2,0.6666666666666666,peripheral,0.4,1.0,in=1/102000 KZT; out=2/22000 KZT; tx=1/2; d=2; недостаточно признаков других ролей,0.17254248492486388,0.058014586277925204,0.12953709247559939,0.0,0.0,0.0,0.360094,Оборот 124000 (+0.173); связей 3 (+0.058); seed 4 (+0.130); внешних групп 0 (+0.000); 1–2д 0% (+0.000); цикл +0.00
100000005543136100,0,True,0,1,0.0,10000.0,0,1,0,0,0.0,0.0,0,0.0002840372852618645,0.0,False,False,12,False,1,1.0,peripheral,0.4,1.0,in=0/0 KZT; out=1/10000 KZT; tx=0/1; d=0; недостаточно признаков других ролей,0.13550359676243048,0.029007293138962602,0.0,0.0,0.0,0.0,0.164511,Оборот 10000 (+0.136); связей 1 (+0.029); seed 0 (+0.000); внешних групп 0 (+0.000); 1–2д 0% (+0.000); цикл +0.00
100000005546031100,1,False,3,1,66800.0,8000.0,6,1,1,0,8000.0,0.11976047904191617,1,0.0007080421639003868,0.11976047904191617,True,False,71,True,4,0.5714285714285714,consolidator,0.75,0.6666666666666666,in=3/66800 KZT; out=1/8000 KZT; tx=6/1; d=1; сбор; выход 12% наблюдаемого входа,0.16510620335072596,0.06735284889599069,0.05578858913022596,0.0,0.011976047904191617,0.1,0.400224,Оборот 74800 (+0.165); связей 4 (+0.067); seed 1 (+0.056); внешних групп 0 (+0.000); 1–2д 12% (+0.012); цикл +0.10
100000005547096100,2,False,1,2,8000.0,226300.0,1,3,1,0,0.0,0.0,0,0.0008858731245961232,28.2875,True,False,71,True,3,0.5,peripheral,0.4,1.0,in=1/8000 KZT; out=2/226300 KZT; tx=1/3; d=2; недостаточно признаков других ролей,0.18190395261835557,0.058014586277925204,0.05578858913022596,0.0,0.0,0.1,0.395707,Оборот 234300 (+0.182); связей 3 (+0.058); seed 1 (+0.056); внешних групп 0 (+0.000); 1–2д 0% (+0.000); цикл +0.10
100000005550592100,0,True,0,0,0.0,0.0,0,0,0,0,0.0,0.0,0,0.0002840372852618645,0.0,False,False,80,False,0,0.0,peripheral,0.3,1.0,in=0/0 KZT; out=0/0 KZT; tx=0/0; d=0; нет наблюдаемых связей,0.0,0.0,0.0,0.0,0.0,0.0,0.0,Оборот 0 (+0.000); связей 0 (+0.000); seed 0 (+0.000); внешних групп 0 (+0.000); 1–2д 0% (+0.000); цикл +0.00
100000005553088100,4,False,1,0,17500.0,0.0,1,0,1,0,0.0,0.0,0,0.00029269503375219775,0.0,True,True,8,False,1,1.0,peripheral,0.2,1.0,in=1/17500 KZT; out=0/0 KZT; tx=1/0; d=4; граница выгрузки; роль неизвестна,0.1437360093516701,0.029007293138962602,0.05578858913022596,0.0,0.0,0.0,0.228532,Оборот 17500 (+0.144); связей 1 (+0.029); seed 1 (+0.056); внешних групп 0 (+0.000); 1–2д 0% (+0.000); цикл +0.00
100000005560900100,0,True,0,0,0.0,0.0,0,0,0,0,0.0,0.0,0,0.0002840372852618645,0.0,False,False,81,False,0,0.0,peripheral,0.3,1.0,in=0/0 KZT; out=0/0 KZT; tx=0/0; d=0; нет наблюдаемых связей,0.0,0.0,0.0,0.0,0.0,0.0,0.0,Оборот 0 (+0.000); связей 0 (+0.000); seed 0 (+0.000); внешних групп 0 (+0.000); 1–2д 0% (+0.000); цикл +0.00
100000005561741100,2,False,1,0,25000.0,0.0,1,0,2,0,0.0,0.0,0,0.00032801118636040634,0.0,True,False,18,False,1,1.0,terminal,0.55,1.0,in=1/25000 KZT; out=0/0 KZT; tx=1/0; d=2; нет выхода в наблюдаемой выборке,0.14898314336993435,0.029007293138962602,0.08842282173954807,0.0,0.0,0.0,0.266413,Оборот 25000 (+0.149); связей 1 (+0.029); seed 2 (+0.088); внешних групп 0 (+0.000); 1–2д 0% (+0.000); цикл +0.00
100000005567828100,4,False,1,0,94000.0,0.0,1,0,2,0,0.0,0.0,0,0.00031895697418195593,0.0,True,True,18,False,1,1.0,peripheral,0.2,1.0,in=1/94000 KZT; out=0/0 KZT; tx=1/0; d=4; граница выгрузки; роль неизвестна,0.16846750532033802,0.029007293138962602,0.08842282173954807,0.0,0.0,0.0,0.285898,Оборот 94000 (+0.168); связей 1 (+0.029); seed 2 (+0.088); внешних групп 0 (+0.000); 1–2д 0% (+0.000); цикл +0.00
100000005568407100,0,True,0,0,0.0,0.0,0,0,0,0,0.0,0.0,0,0.0002840372852618645,0.0,False,False,82,False,0,0.0,peripheral,0.3,1.0,in=0/0 KZT; out=0/0 KZT; tx=0/0; d=0; нет наблюдаемых связей,0.0,0.0,0.0,0.0,0.0,0.0,0.0,Оборот 0 (+0.000); связей 0 (+0.000); seed 0 (+0.000); внешних групп 0 (+0.000); 1–2д 0% (+0.000); цикл +0.00
100000005572303100,2,False,1,1,75000.0,20000.0,1,1,3,0,0.0,0.0,0,0.0003115611143406634,0.26666666666666666,True,False,16,False,2,0.5,peripheral,0.4,1.0,in=1/75000 KZT; out=1/20000 KZT; tx=1/1; d=2; недостаточно признаков других ролей,0.1686231872035787,0.04597547187268181,0.11157717826045192,0.0,0.0,0.0,0.326176,Оборот 95000 (+0.169); связей 2 (+0.046); seed 3 (+0.112); внешних групп 0 (+0.000); 1–2д 0% (+0.000); цикл +0.00
100000005578559100,2,False,2,21,131000.0,893163.6699999999,2,23,2,4,131000.0,1.0,4,0.000388781541666682,6.818043282442748,True,False,18,True,12,0.32,distributor,0.8,1.0,in=2/131000 KZT; out=21/893164 KZT; tx=2/23; d=2; рассылка многим получателям,0.20360447061274098,0.13299735128956963,0.08842282173954807,0.09147800017679435,0.1,0.1,0.716503,Оборот 1024164 (+0.204); связей 23 (+0.133); seed 2 (+0.088); внешних групп 4 (+0.091); 1–2д 100% (+0.100); цикл +0.10
100000005584222100,1,False,2,2,192717.0,108587.0,6,3,1,0,40000.0,0.207558233056762,1,0.0008687511465880345,0.5634531463233653,True,False,0,True,6,0.4444444444444444,peripheral,0.4,1.0,in=2/192717 KZT; out=2/108587 KZT; tx=6/3; d=1; недостаточно признаков других ролей,0.1856042513201429,0.06735284889599069,0.05578858913022596,0.0,0.0207558233056762,0.1,0.429502,Оборот 301304 (+0.186); связей 4 (+0.067); seed 1 (+0.056); внешних групп 0 (+0.000); 1–2д 21% (+0.021); цикл +0.10
100000005588444100,1,False,1,0,12300.0,0.0,1,0,1,0,0.0,0.0,0,0.0002847379939052888,0.0,True,False,1,False,1,1.0,terminal,0.55,1.0,in=1/12300 KZT; out=0/0 KZT; tx=1/0; d=1; нет выхода в наблюдаемой выборке,0.13854890511223597,0.029007293138962602,0.05578858913022596,0.0,0.0,0.0,0.223345,Оборот 12300 (+0.139); связей 1 (+0.029); seed 1 (+0.056); внешних групп 0 (+0.000); 1–2д 0% (+0.000); цикл +0.00
100000005589319100,4,False,1,0,26000.0,0.0,1,0,1,0,0.0,0.0,0,0.0003082637148989768,0.0,True,True,2,False,1,1.0,peripheral,0.2,1.0,in=1/26000 KZT; out=0/0 KZT; tx=1/0; d=4; граница выгрузки; роль неизвестна,0.1495601341574777,0.029007293138962602,0.05578858913022596,0.0,0.0,0.0,0.234356,Оборот 26000 (+0.150); связей 1 (+0.029); seed 1 (+0.056); внешних групп 0 (+0.000); 1–2д 0% (+0.000); цикл +0.00
100000005602999100,2,False,1,2,5000.0,16000.0,1,3,4,0,5000.0,1.0,1,0.0003031220230476809,3.2,True,False,53,True,3,0.5,peripheral,0.4,1.0,in=1/5000 KZT; out=2/16000 KZT; tx=1/3; d=2; недостаточно признаков других ролей,0.146418176032715,0.058014586277925204,0.12953709247559939,0.0,0.1,0.1,0.53397,Оборот 21000 (+0.146); связей 3 (+0.058); seed 4 (+0.130); внешних групп 0 (+0.000); 1–2д 100% (+0.100); цикл +0.10
100000005608515100,2,False,1,0,64000.0,0.0,4,0,1,0,0.0,0.0,0,0.0002915710787462316,0.0,True,False,1,False,3,0.5,terminal,0.55,1.0,in=1/64000 KZT; out=0/0 KZT; tx=4/0; d=2; нет выхода в наблюдаемой выборке,0.16281213054374585,0.029007293138962602,0.05578858913022596,0.0,0.0,0.0,0.247608,Оборот 64000 (+0.163); связей 1 (+0.029); seed 1 (+0.056); внешних групп 0 (+0.000); 1–2д 0% (+0.000); цикл +0.00
100000005610717100,3,False,4,1,484500.0,265200.0,6,7,3,1,104900.0,0.21651186790505675,2,0.0003425365284315661,0.5473684210526316,True,False,0,False,8,0.23076923076923078,peripheral,0.4,0.6666666666666666,in=4/484500 KZT; out=1/265200 KZT; tx=6/7; d=3; недостаточно признаков других ролей,0.19901495602817512,0.0749827650116444,0.11157717826045192,0.039397430255579034,0.021651186790505678,0.0,0.446624,Оборот 749700 (+0.199); связей 5 (+0.075); seed 3 (+0.112); внешних групп 1 (+0.039); 1–2д 22% (+0.022); цикл +0.00
100000005612411100,1,False,3,8,115500.0,506997.0,4,8,3,1,115500.0,1.0,4,0.0003253995233385582,4.389584415584416,True,False,2,False,7,0.25,distributor,0.8,1.0,in=3/115500 KZT; out=8/506997 KZT; tx=4/8; d=1; рассылка многим получателям,0.1962795024733284,0.10399005815060701,0.11157717826045192,0.039397430255579034,0.1,0.0,0.551244,Оборот 622497 (+0.196); связей 11 (+0.104); seed 3 (+0.112); внешних групп 1 (+0.039); 1–2д 100% (+0.100); цикл +0.00
100000005614315100,2,False,1,0,455000.0,0.0,1,0,1,0,0.0,0.0,0,0.0005716224281904461,0.0,True,False,16,False,1,1.0,terminal,0.55,1.0,in=1/455000 KZT; out=0/0 KZT; tx=1/0; d=2; нет выхода в наблюдаемой выборке,0.19166817512002424,0.029007293138962602,0.05578858913022596,0.0,0.0,0.0,0.276464,Оборот 455000 (+0.192); связей 1 (+0.029); seed 1 (+0.056); внешних групп 0 (+0.000); 1–2д 0% (+0.000); цикл +0.00
100000005616568100,4,False,1,0,530000.0,0.0,1,0,3,0,0.0,0.0,0,0.0004294439435847156,0.0,True,True,10,False,1,1.0,peripheral,0.2,1.0,in=1/530000 KZT; out=0/0 KZT; tx=1/0; d=4; граница выгрузки; роль неизвестна,0.19391291477904818,0.029007293138962602,0.11157717826045192,0.0,0.0,0.0,0.334497,Оборот 530000 (+0.194); связей 1 (+0.029); seed 3 (+0.112); внешних групп 0 (+0.000); 1–2д 0% (+0.000); цикл +0.00
100000005619339100,2,False,1,1,5000.0,5442.6,1,1,2,1,0.0,0.0,0,0.00031906074797273385,1.0885200000000002,True,False,16,False,2,0.5,peripheral,0.4,1.0,in=1/5000 KZT; out=1/5443 KZT; tx=1/1; d=2; недостаточно признаков других ролей,0.1361406871842333,0.04597547187268181,0.08842282173954807,0.039397430255579034,0.0,0.0,0.309936,Оборот 10443 (+0.136); связей 2 (+0.046); seed 2 (+0.088); внешних групп 1 (+0.039); 1–2д 0% (+0.000); цикл +0.00
100000005620225100,1,False,2,0,49845.66,0.0,2,0,1,0,0.0,0.0,0,0.0002946220937988986,0.0,True,False,0,False,2,0.5,terminal,0.55,1.0,in=2/49846 KZT; out=0/0 KZT; tx=2/0; d=1; нет выхода в наблюдаемой выборке,0.159134918022488,0.04597547187268181,0.05578858913022596,0.0,0.0,0.0,0.260899,Оборот 49846 (+0.159); связей 2 (+0.046); seed 1 (+0.056); внешних групп 0 (+0.000); 1–2д 0% (+0.000); цикл +0.00
100000005621418100,4,False,1,0,30000.0,0.0,1,0,1,0,0.0,0.0,0,0.00030610072785396293,0.0,True,True,14,False,1,1.0,peripheral,0.2,1.0,in=1/30000 KZT; out=0/0 KZT; tx=1/0; d=4; граница выгрузки; роль неизвестна,0.15166535208139753,0.029007293138962602,0.05578858913022596,0.0,0.0,0.0,0.236461,Оборот 30000 (+0.152); связей 1 (+0.029); seed 1 (+0.056); внешних групп 0 (+0.000); 1–2д 0% (+0.000); цикл +0.00
100000005628518100,3,False,1,0,77000.0,0.0,3,0,1,0,0.0,0.0,0,0.000529840457648284,0.0,True,False,43,False,3,0.3333333333333333,terminal,0.55,1.0,in=1/77000 KZT; out=0/0 KZT; tx=3/0; d=3; нет выхода в наблюдаемой выборке,0.16553266110880818,0.029007293138962602,0.05578858913022596,0.0,0.0,0.0,0.250329,Оборот 77000 (+0.166); связей 1 (+0.029); seed 1 (+0.056); внешних групп 0 (+0.000); 1–2д 0% (+0.000); цикл +0.00
100000005634552100,1,False,1,3,25850.0,1196000.0,1,4,2,1,0.0,0.0,0,0.000286798345039747,46.2669245647969,True,False,0,False,4,0.4,peripheral,0.4,1.0,in=1/25850 KZT; out=3/1196000 KZT; tx=1/4; d=1; недостаточно признаков других ролей,0.20620097787437291,0.06735284889599069,0.08842282173954807,0.039397430255579034,0.0,0.0,0.401374,Оборот 1221850 (+0.206); связей 4 (+0.067); seed 2 (+0.088); внешних групп 1 (+0.039); 1–2д 0% (+0.000); цикл +0.00
100000005636951100,4,False,1,0,40000.0,0.0,1,0,1,0,0.0,0.0,0,0.0006314134519763883,0.0,True,True,41,False,1,1.0,peripheral,0.2,1.0,in=1/40000 KZT; out=0/0 KZT; tx=1/0; d=4; граница выгрузки; роль неизвестна,0.15589759558164798,0.029007293138962602,0.05578858913022596,0.0,0.0,0.0,0.240693,Оборот 40000 (+0.156); связей 1 (+0.029); seed 1 (+0.056); внешних групп 0 (+0.000); 1–2д 0% (+0.000); цикл +0.00
100000005660203100,2,False,1,2,572899.0,41000.0,12,5,3,0,36000.0,0.06283830134107408,3,0.0009413495995700462,0.07156584319400104,True,False,16,True,13,0.11764705882352941,peripheral,0.4,1.0,in=1/572899 KZT; out=2/41000 KZT; tx=12/5; d=2; недостаточно признаков других ролей,0.19607488318422603,0.058014586277925204,0.11157717826045192,0.0,0.006283830134107409,0.1,0.47195,Оборот 613899 (+0.196); связей 3 (+0.058); seed 3 (+0.112); внешних групп 0 (+0.000); 1–2д 6% (+0.006); цикл +0.10
100000005661528100,3,False,1,0,25000.0,0.0,1,0,1,0,0.0,0.0,0,0.0002895168629014379,0.0,True,False,8,False,1,1.0,terminal,0.55,1.0,in=1/25000 KZT; out=0/0 KZT; tx=1/0; d=3; нет выхода в наблюдаемой выборке,0.14898314336993435,0.029007293138962602,0.05578858913022596,0.0,0.0,0.0,0.233779,Оборот 25000 (+0.149); связей 1 (+0.029); seed 1 (+0.056); внешних групп 0 (+0.000); 1–2д 0% (+0.000); цикл +0.00
100000005661829100,3,False,1,2,37790.0,40362.0,1,4,1,1,17290.0,0.4575284466790156,1,0.00029045408486878983,1.0680603334215402,True,False,43,False,3,0.6,peripheral,0.4,0.6666666666666666,in=1/37790 KZT; out=2/40362 KZT; tx=1/4; d=3; недостаточно признаков других ролей,0.16575113417666212,0.058014586277925204,0.05578858913022596,0.039397430255579034,0.04575284466790156,0.0,0.364705,Оборот 78152 (+0.166); связей 3 (+0.058); seed 1 (+0.056); внешних групп 1 (+0.039); 1–2д 46% (+0.046); цикл +0.00
100000005664632100,2,False,1,0,198620.0,0.0,18,0,4,0,0.0,0.0,0,0.00036308191160147705,0.0,True,False,74,False,5,0.4444444444444444,terminal,0.55,1.0,in=1/198620 KZT; out=0/0 KZT; tx=18/0; d=2; нет выхода в наблюдаемой выборке,0.1794734178582022,0.029007293138962602,0.12953709247559939,0.0,0.0,0.0,0.338018,Оборот 198620 (+0.179); связей 1 (+0.029); seed 4 (+0.130); внешних групп 0 (+0.000); 1–2д 0% (+0.000); цикл +0.00
100000005664922100,2,False,2,3,22000.0,537000.0,2,4,1,1,0.0,0.0,0,0.0008009596370616583,24.40909090909091,True,False,21,True,5,0.3333333333333333,peripheral,0.4,1.0,in=2/22000 KZT; out=3/537000 KZT; tx=2/4; d=2; недостаточно признаков других ролей,0.19469665554308713,0.0749827650116444,0.05578858913022596,0.039397430255579034,0.0,0.1,0.464865,Оборот 559000 (+0.195); связей 5 (+0.075); seed 1 (+0.056); внешних групп 1 (+0.039); 1–2д 0% (+0.000); цикл +0.10
100000005665181100,2,False,4,11,45498.0,181915.0,5,11,3,3,0.0,0.0,0,0.00039625523747124106,3.998307617917271,True,False,10,True,7,0.25,distributor,0.8,0.6666666666666666,in=4/45498 KZT; out=11/181915 KZT; tx=5/11; d=2; рассылка многим получателям,0.18146502921831242,0.11602917255585041,0.11157717826045192,0.07879486051115807,0.0,0.1,0.587866,Оборот 227413 (+0.181); связей 15 (+0.116); seed 3 (+0.112); внешних групп 3 (+0.079); 1–2д 0% (+0.000); цикл +0.10
100000005667841100,3,False,2,0,186000.0,0.0,2,0,2,0,0.0,0.0,0,0.0003106147195739554,0.0,True,False,4,False,1,1.0,terminal,0.55,1.0,in=2/186000 KZT; out=0/0 KZT; tx=2/0; d=3; нет выхода в наблюдаемой выборке,0.1785076303540424,0.04597547187268181,0.08842282173954807,0.0,0.0,0.0,0.312906,Оборот 186000 (+0.179); связей 2 (+0.046); seed 2 (+0.088); внешних групп 0 (+0.000); 1–2д 0% (+0.000); цикл +0.00
100000005668605100,0,True,3,0,94500.0,0.0,3,0,7,0,0.0,0.0,0,0.0008327527433204806,0.0,True,False,49,False,3,0.3333333333333333,peripheral,0.4,1.0,in=3/94500 KZT; out=0/0 KZT; tx=3/0; d=0; недостаточно признаков других ролей,0.16854555218915704,0.058014586277925204,0.1673657673906779,0.0,0.0,0.0,0.393926,Оборот 94500 (+0.169); связей 3 (+0.058); seed 7 (+0.167); внешних групп 0 (+0.000); 1–2д 0% (+0.000); цикл +0.00
100000005669845100,1,False,1,0,20000.0,0.0,1,0,1,0,0.0,0.0,0,0.0003157270741125639,0.0,True,False,27,False,1,1.0,terminal,0.55,1.0,in=1/20000 KZT; out=0/0 KZT; tx=1/0; d=1; нет выхода в наблюдаемой выборке,0.14570041229327152,0.029007293138962602,0.05578858913022596,0.0,0.0,0.0,0.230496,Оборот 20000 (+0.146); связей 1 (+0.029); seed 1 (+0.056); внешних групп 0 (+0.000); 1–2д 0% (+0.000); цикл +0.00
100000005674387100,3,False,1,0,26200.0,0.0,1,0,1,0,0.0,0.0,0,0.0002880965592946402,0.0,True,False,22,False,1,1.0,terminal,0.55,1.0,in=1/26200 KZT; out=0/0 KZT; tx=1/0; d=3; нет выхода в наблюдаемой выборке,0.14967286568766733,0.029007293138962602,0.05578858913022596,0.0,0.0,0.0,0.234469,Оборот 26200 (+0.150); связей 1 (+0.029); seed 1 (+0.056); внешних групп 0 (+0.000); 1–2д 0% (+0.000); цикл +0.00
100000005685783100,4,False,1,0,26150.0,0.0,1,0,1,0,0.0,0.0,0,0.0005289127759687646,0.0,True,True,22,False,1,1.0,peripheral,0.2,1.0,in=1/26150 KZT; out=0/0 KZT; tx=1/0; d=4; граница выгрузки; роль неизвестна,0.14964476368423635,0.029007293138962602,0.05578858913022596,0.0,0.0,0.0,0.234441,Оборот 26150 (+0.150); связей 1 (+0.029); seed 1 (+0.056); внешних групп 0 (+0.000); 1–2д 0% (+0.000); цикл +0.00
100000005704413100,3,False,3,32,97834.67,1363593.0,4,35,2,4,97834.67,1.0,3,0.000595947977122765,13.9377278014021,True,False,18,True,12,0.15384615384615385,distributor,0.8,1.0,in=3/97835 KZT; out=32/1363593 KZT; tx=4/35; d=3; рассылка многим получателям,0.20883511800381752,0.1499655300232888,0.08842282173954807,0.09147800017679435,0.1,0.1,0.738701,Оборот 1461428 (+0.209); связей 35 (+0.150); seed 2 (+0.088); внешних групп 4 (+0.091); 1–2д 100% (+0.100); цикл +0.10
100000005709551100,3,False,1,0,24560.0,0.0,1,0,3,0,0.0,0.0,0,0.0002930611113554194,0.0,True,False,12,False,1,1.0,terminal,0.55,1.0,in=1/24560 KZT; out=0/0 KZT; tx=1/0; d=3; нет выхода в наблюдаемой выборке,0.14872191779910882,0.029007293138962602,0.11157717826045192,0.0,0.0,0.0,0.289306,Оборот 24560 (+0.149); связей 1 (+0.029); seed 3 (+0.112); внешних групп 0 (+0.000); 1–2д 0% (+0.000); цикл +0.00
100000005711521100,4,False,1,0,238000.0,0.0,1,0,2,0,0.0,0.0,0,0.0005306782532442466,0.0,True,True,12,False,1,1.0,peripheral,0.2,1.0,in=1/238000 KZT; out=0/0 KZT; tx=1/0; d=4; граница выгрузки; роль неизвестна,0.1821344634023321,0.029007293138962602,0.08842282173954807,0.0,0.0,0.0,0.299565,Оборот 238000 (+0.182); связей 1 (+0.029); seed 2 (+0.088); внешних групп 0 (+0.000); 1–2д 0% (+0.000); цикл +0.00
100000005723580100,4,False,1,0,35000.0,0.0,1,0,1,0,0.0,0.0,0,0.0003424476758787795,0.0,True,True,4,False,1,1.0,peripheral,0.2,1.0,in=1/35000 KZT; out=0/0 KZT; tx=1/0; d=4; граница выгрузки; роль неизвестна,0.1539331401015672,0.029007293138962602,0.05578858913022596,0.0,0.0,0.0,0.238729,Оборот 35000 (+0.154); связей 1 (+0.029); seed 1 (+0.056); внешних групп 0 (+0.000); 1–2д 0% (+0.000); цикл +0.00
100000005730108100,2,False,1,0,8000.0,0.0,1,0,2,0,0.0,0.0,0,0.0003566401708565667,0.0,True,False,0,False,1,1.0,terminal,0.55,1.0,in=1/8000 KZT; out=0/0 KZT; tx=1/0; d=2; нет выхода в наблюдаемой выборке,0.13222108633036048,0.029007293138962602,0.08842282173954807,0.0,0.0,0.0,0.249651,Оборот 8000 (+0.132); связей 1 (+0.029); seed 2 (+0.088); внешних групп 0 (+0.000); 1–2д 0% (+0.000); цикл +0.00
100000005744674100,0,True,0,1,0.0,50066.0,0,2,0,0,0.0,0.0,0,0.0002840372852618645,0.0,False,False,49,False,2,0.5,peripheral,0.4,1.0,in=0/0 KZT; out=1/50066 KZT; tx=0/2; d=0; недостаточно признаков других ролей,0.15919980680186227,0.029007293138962602,0.0,0.0,0.0,0.0,0.188207,Оборот 50066 (+0.159); связей 1 (+0.029); seed 0 (+0.000); внешних групп 0 (+0.000); 1–2д 0% (+0.000); цикл +0.00
100000005745873100,4,False,1,0,223000.0,0.0,1,0,2,0,0.0,0.0,0,0.0003145884713545885,0.0,True,True,65,False,1,1.0,peripheral,0.2,1.0,in=1/223000 KZT; out=0/0 KZT; tx=1/0; d=4; граница выгрузки; роль неизвестна,0.181176735351661,0.029007293138962602,0.08842282173954807,0.0,0.0,0.0,0.298607,Оборот 223000 (+0.181); связей 1 (+0.029); seed 2 (+0.088); внешних групп 0 (+0.000); 1–2д 0% (+0.000); цикл +0.00
100000005754335100,3,False,1,0,44037.0,0.0,1,0,1,0,0.0,0.0,0,0.0004022190312436212,0.0,True,False,66,False,1,1.0,terminal,0.55,1.0,in=1/44037 KZT; out=0/0 KZT; tx=1/0; d=3; нет выхода в наблюдаемой выборке,0.15731212729062674,0.029007293138962602,0.05578858913022596,0.0,0.0,0.0,0.242108,Оборот 44037 (+0.157); связей 1 (+0.029); seed 1 (+0.056); внешних групп 0 (+0.000); 1–2д 0% (+0.000); цикл +0.00
100000005756189100,3,False,1,1,65000.0,49050.0,1,1,3,0,0.0,0.0,0,0.00028612643129521514,0.7546153846153846,True,False,10,False,1,1.0,peripheral,0.4,1.0,in=1/65000 KZT; out=1/49050 KZT; tx=1/1; d=3; недостаточно признаков других ролей,0.1713119193221845,0.04597547187268181,0.11157717826045192,0.0,0.0,0.0,0.328865,Оборот 114050 (+0.171); связей 2 (+0.046); seed 3 (+0.112); внешних групп 0 (+0.000); 1–2д 0% (+0.000); цикл +0.00
100000005756535100,3,False,1,0,20000.0,0.0,1,0,1,0,0.0,0.0,0,0.000538362025874259,0.0,True,False,22,False,1,1.0,terminal,0.55,1.0,in=1/20000 KZT; out=0/0 KZT; tx=1/0; d=3; нет выхода в наблюдаемой выборке,0.14570041229327152,0.029007293138962602,0.05578858913022596,0.0,0.0,0.0,0.230496,Оборот 20000 (+0.146); связей 1 (+0.029); seed 1 (+0.056); внешних групп 0 (+0.000); 1–2д 0% (+0.000); цикл +0.00
100000005767403100,4,False,1,0,1100000.0,0.0,2,0,1,0,0.0,0.0,0,0.0010729063194684471,0.0,True,True,62,False,2,0.5,peripheral,0.2,1.0,in=1/1100000 KZT; out=0/0 KZT; tx=2/0; d=4; граница выгрузки; роль неизвестна,0.2046554010412486,0.029007293138962602,0.05578858913022596,0.0,0.0,0.0,0.289451,Оборот 1100000 (+0.205); связей 1 (+0.029); seed 1 (+0.056); внешних групп 0 (+0.000); 1–2д 0% (+0.000); цикл +0.00
100000005778283100,1,False,3,0,615760.0,0.0,3,0,4,1,0.0,0.0,0,0.00043497652536648556,0.0,True,False,1,False,3,0.3333333333333333,consolidator,0.75,0.6666666666666666,in=3/615760 KZT; out=0/0 KZT; tx=3/0; d=1; сбор; выход 0% наблюдаемого входа,0.1961194141105462,0.058014586277925204,0.12953709247559939,0.039397430255579034,0.0,0.0,0.423069,Оборот 615760 (+0.196); связей 3 (+0.058); seed 4 (+0.130); внешних групп 1 (+0.039); 1–2д 0% (+0.000); цикл +0.00
100000005782781100,2,False,6,10,171888.0,1263597.0,10,10,3,5,67968.0,0.39542027366657356,4,0.00048458094438321743,7.351281066741134,True,False,1,True,9,0.3,coordinator,0.75,1.0,in=6/171888 KZT; out=10/1263597 KZT; tx=10/10; d=2; связь с 3 seed и 5 внеш. группами,0.20857161170432012,0.11856623283076556,0.11157717826045192,0.10184087983544891,0.03954202736665736,0.1,0.680098,Оборот 1435485 (+0.209); связей 16 (+0.119); seed 3 (+0.112); внешних групп 5 (+0.102); 1–2д 40% (+0.040); цикл +0.10
100000005782886100,4,False,1,0,14000.0,0.0,1,0,2,0,0.0,0.0,0,0.00036146537619718457,0.0,True,True,4,False,1,1.0,peripheral,0.2,1.0,in=1/14000 KZT; out=0/0 KZT; tx=1/0; d=4; граница выгрузки; роль неизвестна,0.14045334131935877,0.029007293138962602,0.08842282173954807,0.0,0.0,0.0,0.257883,Оборот 14000 (+0.140); связей 1 (+0.029); seed 2 (+0.088); внешних групп 0 (+0.000); 1–2д 0% (+0.000); цикл +0.00
100000005783452100,4,False,2,0,286500.0,0.0,2,0,2,1,0.0,0.0,0,0.0003126942003858475,0.0,True,True,24,False,1,1.0,peripheral,0.2,1.0,in=2/286500 KZT; out=0/0 KZT; tx=2/0; d=4; граница выгрузки; роль неизвестна,0.18486304803764528,0.04597547187268181,0.08842282173954807,0.039397430255579034,0.0,0.0,0.358659,Оборот 286500 (+0.185); связей 2 (+0.046); seed 2 (+0.088); внешних групп 1 (+0.039); 1–2д 0% (+0.000); цикл +0.00
100000005799271100,2,False,1,0,45000.0,0.0,2,0,4,0,0.0,0.0,0,0.0005334399960184879,0.0,True,False,11,False,2,0.5,terminal,0.55,1.0,in=1/45000 KZT; out=0/0 KZT; tx=2/0; d=2; нет выхода в наблюдаемой выборке,0.15763037359693888,0.029007293138962602,0.12953709247559939,0.0,0.0,0.0,0.316175,Оборот 45000 (+0.158); связей 1 (+0.029); seed 4 (+0.130); внешних групп 0 (+0.000); 1–2д 0% (+0.000); цикл +0.00
100000005807278100,1,False,1,0,8385.0,0.0,1,0,1,0,0.0,0.0,0,0.00029137514249019425,0.0,True,False,55,False,1,1.0,terminal,0.55,1.0,in=1/8385 KZT; out=0/0 KZT; tx=1/0; d=1; нет выхода в наблюдаемой выборке,0.13291250583366773,0.029007293138962602,0.05578858913022596,0.0,0.0,0.0,0.217708,Оборот 8385 (+0.133); связей 1 (+0.029); seed 1 (+0.056); внешних групп 0 (+0.000); 1–2д 0% (+0.000); цикл +0.00
100000005809252100,2,False,1,0,25000.0,0.0,1,0,3,0,0.0,0.0,0,0.0005636418777816681,0.0,True,False,10,False,1,1.0,terminal,0.55,1.0,in=1/25000 KZT; out=0/0 KZT; tx=1/0; d=2; нет выхода в наблюдаемой выборке,0.14898314336993435,0.029007293138962602,0.11157717826045192,0.0,0.0,0.0,0.289568,Оборот 25000 (+0.149); связей 1 (+0.029); seed 3 (+0.112); внешних групп 0 (+0.000); 1–2д 0% (+0.000); цикл +0.00
100000005815602100,3,False,1,1,20000.0,165000.0,1,1,2,0,0.0,0.0,0,0.0005488642324587953,8.25,True,False,16,False,2,0.5,peripheral,0.4,1.0,in=1/20000 KZT; out=1/165000 KZT; tx=1/1; d=3; недостаточно признаков других ролей,0.17842832085171345,0.04597547187268181,0.08842282173954807,0.0,0.0,0.0,0.312827,Оборот 185000 (+0.178); связей 2 (+0.046); seed 2 (+0.088); внешних групп 0 (+0.000); 1–2д 0% (+0.000); цикл +0.00
100000005820746100,3,False,1,1,1989000.0,60000.0,2,1,1,0,0.0,0.0,0,0.0009809454470825984,0.030165912518853696,True,False,21,True,2,0.6666666666666666,peripheral,0.4,1.0,in=1/1989000 KZT; out=1/60000 KZT; tx=2/1; d=3; недостаточно признаков других ролей,0.21380684503796818,0.04597547187268181,0.05578858913022596,0.0,0.0,0.1,0.415571,Оборот 2049000 (+0.214); связей 2 (+0.046); seed 1 (+0.056); внешних групп 0 (+0.000); 1–2д 0% (+0.000); цикл +0.10
100000005830339100,3,False,5,1,476341.0,339251.0,12,1,2,3,0.0,0.0,0,0.00036147824319247217,0.7122019729563485,True,False,2,False,12,0.15384615384615385,peripheral,0.4,1.0,in=5/476341 KZT; out=1/339251 KZT; tx=12/1; d=3; недостаточно признаков других ролей,0.20025430588014737,0.08143376716923444,0.08842282173954807,0.07879486051115807,0.0,0.0,0.448906,Оборот 815592 (+0.200); связей 6 (+0.081); seed 2 (+0.088); внешних групп 3 (+0.079); 1–2д 0% (+0.000); цикл +0.00
100000005834479100,2,False,1,2,7500.0,14470.0,1,2,2,1,0.0,0.0,0,0.0002852116813231413,1.9293333333333333,True,False,8,False,3,0.3333333333333333,peripheral,0.4,1.0,in=1/7500 KZT; out=2/14470 KZT; tx=1/2; d=2; недостаточно признаков других ролей,0.14708247009366487,0.058014586277925204,0.08842282173954807,0.039397430255579034,0.0,0.0,0.332917,Оборот 21970 (+0.147); связей 3 (+0.058); seed 2 (+0.088); внешних групп 1 (+0.039); 1–2д 0% (+0.000); цикл +0.00
100000005844459100,1,False,2,0,243400.0,0.0,2,0,2,0,0.0,0.0,0,0.0003361311841502259,0.0,True,False,0,False,2,0.5,terminal,0.55,1.0,in=2/243400 KZT; out=0/0 KZT; tx=2/0; d=1; нет выхода в наблюдаемой выборке,0.18246453222915762,0.04597547187268181,0.08842282173954807,0.0,0.0,0.0,0.316863,Оборот 243400 (+0.182); связей 2 (+0.046); seed 2 (+0.088); внешних групп 0 (+0.000); 1–2д 0% (+0.000); цикл +0.00
100000005847078100,3,False,1,0,16300.0,0.0,1,0,1,0,0.0,0.0,0,0.0002865627114730952,0.0,True,False,22,False,1,1.0,terminal,0.55,1.0,in=1/16300 KZT; out=0/0 KZT; tx=1/0; d=3; нет выхода в наблюдаемой выборке,0.14269099604449131,0.029007293138962602,0.05578858913022596,0.0,0.0,0.0,0.227487,Оборот 16300 (+0.143); связей 1 (+0.029); seed 1 (+0.056); внешних групп 0 (+0.000); 1–2д 0% (+0.000); цикл +0.00
100000005849100100,2,False,1,0,33300.0,0.0,1,0,4,0,0.0,0.0,0,0.0004877854418247543,0.0,True,False,2,False,1,1.0,terminal,0.55,1.0,in=1/33300 KZT; out=0/0 KZT; tx=1/0; d=2; нет выхода в наблюдаемой выборке,0.15320064347636925,0.029007293138962602,0.12953709247559939,0.0,0.0,0.0,0.311745,Оборот 33300 (+0.153); связей 1 (+0.029); seed 4 (+0.130); внешних групп 0 (+0.000); 1–2д 0% (+0.000); цикл +0.00
100000005849862100,4,False,1,0,13000.0,0.0,2,0,1,0,0.0,0.0,0,0.00054514122371513,0.0,True,True,1,False,2,0.5,peripheral,0.2,1.0,in=1/13000 KZT; out=0/0 KZT; tx=2/0; d=4; граница выгрузки; роль неизвестна,0.13936314889581666,0.029007293138962602,0.05578858913022596,0.0,0.0,0.0,0.224159,Оборот 13000 (+0.139); связей 1 (+0.029); seed 1 (+0.056); внешних групп 0 (+0.000); 1–2д 0% (+0.000); цикл +0.00
100000005852946100,1,False,1,0,23746.0,0.0,1,0,4,0,0.0,0.0,0,0.00028875361969507763,0.0,True,False,2,False,1,1.0,terminal,0.55,1.0,in=1/23746 KZT; out=0/0 KZT; tx=1/0; d=1; нет выхода в наблюдаемой выборке,0.14822607172494576,0.029007293138962602,0.12953709247559939,0.0,0.0,0.0,0.30677,Оборот 23746 (+0.148); связей 1 (+0.029); seed 4 (+0.130); внешних групп 0 (+0.000); 1–2д 0% (+0.000); цикл +0.00
100000005857058100,3,False,3,0,80222.0,0.0,3,0,3,1,0.0,0.0,0,0.0003876405083123721,0.0,True,False,0,False,3,0.3333333333333333,consolidator,0.75,0.6666666666666666,in=3/80222 KZT; out=0/0 KZT; tx=3/0; d=3; сбор; выход 0% наблюдаемого входа,0.16613573138808718,0.058014586277925204,0.11157717826045192,0.039397430255579034,0.0,0.0,0.375125,Оборот 80222 (+0.166); связей 3 (+0.058); seed 3 (+0.112); внешних групп 1 (+0.039); 1–2д 0% (+0.000); цикл +0.00
100000005873152100,3,False,1,1,10000.0,10000.0,1,1,4,0,0.0,0.0,0,0.0004638746283381704,1.0,True,False,11,True,2,0.5,peripheral,0.4,1.0,in=1/10000 KZT; out=1/10000 KZT; tx=1/1; d=3; недостаточно признаков других ролей,0.14570041229327152,0.04597547187268181,0.12953709247559939,0.0,0.0,0.1,0.421213,Оборот 20000 (+0.146); связей 2 (+0.046); seed 4 (+0.130); внешних групп 0 (+0.000); 1–2д 0% (+0.000); цикл +0.10
100000005877725100,1,False,1,0,70000.0,0.0,1,0,1,0,0.0,0.0,0,0.00029861884336361306,0.0,True,False,22,False,1,1.0,terminal,0.55,1.0,in=1/70000 KZT; out=0/0 KZT; tx=1/0; d=1; нет выхода в наблюдаемой выборке,0.16413048100875918,0.029007293138962602,0.05578858913022596,0.0,0.0,0.0,0.248926,Оборот 70000 (+0.164); связей 1 (+0.029); seed 1 (+0.056); внешних групп 0 (+0.000); 1–2д 0% (+0.000); цикл +0.00
100000005878334100,4,False,1,0,76400.0,0.0,2,0,2,0,0.0,0.0,0,0.00039667354665114184,0.0,True,True,35,False,2,0.5,peripheral,0.2,1.0,in=1/76400 KZT; out=0/0 KZT; tx=2/0; d=4; граница выгрузки; роль неизвестна,0.16541757501043294,0.029007293138962602,0.08842282173954807,0.0,0.0,0.0,0.282848,Оборот 76400 (+0.165); связей 1 (+0.029); seed 2 (+0.088); внешних групп 0 (+0.000); 1–2д 0% (+0.000); цикл +0.00
100000005882013100,2,False,2,1,135000.0,10000.0,3,1,5,0,10000.0,0.07407407407407407,1,0.0005229986412188898,0.07407407407407407,True,False,12,True,4,0.25,peripheral,0.4,1.0,in=2/135000 KZT; out=1/10000 KZT; tx=3/1; d=2; недостаточно признаков других ролей,0.17484418534014842,0.058014586277925204,0.14421141086977404,0.0,0.007407407407407408,0.1,0.484478,Оборот 145000 (+0.175); связей 3 (+0.058); seed 5 (+0.144); внешних групп 0 (+0.000); 1–2д 7% (+0.007); цикл +0.10
100000005888829100,4,False,1,0,197000.0,0.0,1,0,2,0,0.0,0.0,0,0.00030977493426468766,0.0,True,True,4,False,1,1.0,peripheral,0.2,1.0,in=1/197000 KZT; out=0/0 KZT; tx=1/0; d=4; граница выгрузки; роль неизвестна,0.17935293162377525,0.029007293138962602,0.08842282173954807,0.0,0.0,0.0,0.296783,Оборот 197000 (+0.179); связей 1 (+0.029); seed 2 (+0.088); внешних групп 0 (+0.000); 1–2д 0% (+0.000); цикл +0.00
100000005893892100,3,False,1,0,102780.0,0.0,1,0,3,0,0.0,0.0,0,0.0002873407072512149,0.0,True,False,10,False,1,1.0,terminal,0.55,1.0,in=1/102780 KZT; out=0/0 KZT; tx=1/0; d=3; нет выхода в наблюдаемой выборке,0.16978121079556413,0.029007293138962602,0.11157717826045192,0.0,0.0,0.0,0.310366,Оборот 102780 (+0.170); связей 1 (+0.029); seed 3 (+0.112); внешних групп 0 (+0.000); 1–2д 0% (+0.000); цикл +0.00
100000005895525100,1,False,1,0,120000.0,0.0,3,0,1,0,0.0,0.0,0,0.00038905134219681663,0.0,True,False,55,False,3,0.3333333333333333,terminal,0.55,1.0,in=1/120000 KZT; out=0/0 KZT; tx=3/0; d=1; нет выхода в наблюдаемой выборке,0.17206008643713802,0.029007293138962602,0.05578858913022596,0.0,0.0,0.0,0.256856,Оборот 120000 (+0.172); связей 1 (+0.029); seed 1 (+0.056); внешних групп 0 (+0.000); 1–2д 0% (+0.000); цикл +0.00
100000005897462100,1,False,1,0,98400.0,0.0,1,0,5,0,0.0,0.0,0,0.0002988782713327284,0.0,True,False,11,False,1,1.0,terminal,0.55,1.0,in=1/98400 KZT; out=0/0 KZT; tx=1/0; d=1; нет выхода в наблюдаемой выборке,0.1691405117983146,0.029007293138962602,0.14421141086977404,0.0,0.0,0.0,0.342359,Оборот 98400 (+0.169); связей 1 (+0.029); seed 5 (+0.144); внешних групп 0 (+0.000); 1–2д 0% (+0.000); цикл +0.00
100000005901606100,1,False,1,0,35660.0,0.0,1,0,1,0,0.0,0.0,0,0.00029146554757484097,0.0,True,False,22,False,1,1.0,terminal,0.55,1.0,in=1/35660 KZT; out=0/0 KZT; tx=1/0; d=1; нет выхода в наблюдаемой выборке,0.1542079744843527,0.029007293138962602,0.05578858913022596,0.0,0.0,0.0,0.239004,Оборот 35660 (+0.154); связей 1 (+0.029); seed 1 (+0.056); внешних групп 0 (+0.000); 1–2д 0% (+0.000); цикл +0.00
100000005904580100,2,False,2,0,72000.0,0.0,2,0,1,0,0.0,0.0,0,0.0005192563707850243,0.0,True,False,7,False,1,1.0,terminal,0.55,1.0,in=2/72000 KZT; out=0/0 KZT; tx=2/0; d=2; нет выхода в наблюдаемой выборке,0.1645449238834033,0.04597547187268181,0.05578858913022596,0.0,0.0,0.0,0.266309,Оборот 72000 (+0.165); связей 2 (+0.046); seed 1 (+0.056); внешних групп 0 (+0.000); 1–2д 0% (+0.000); цикл +0.00
100000005910114100,3,False,3,19,326144.0,1469993.0,3,56,4,6,266160.0,0.816081240188383,5,0.00035952663042575705,4.507190075549451,True,False,0,True,20,0.11864406779661017,distributor,0.8,1.0,in=3/326144 KZT; out=19/1469993 KZT; tx=3/56; d=3; рассылка многим получателям,0.2118690809944871,0.13121628769160484,0.12953709247559939,0.11060256974442097,0.08160812401883831,0.1,0.764833,Оборот 1796137 (+0.212); связей 22 (+0.131); seed 4 (+0.130); внешних групп 6 (+0.111); 1–2д 82% (+0.082); цикл +0.10
100000005910895100,4,False,1,0,5100.0,0.0,1,0,1,0,0.0,0.0,0,0.0005939082470115685,0.0,True,True,53,False,1,1.0,peripheral,0.2,1.0,in=1/5100 KZT; out=0/0 KZT; tx=1/0; d=4; граница выгрузки; роль неизвестна,0.125598794370058,0.029007293138962602,0.05578858913022596,0.0,0.0,0.0,0.210395,Оборот 5100 (+0.126); связей 1 (+0.029); seed 1 (+0.056); внешних групп 0 (+0.000); 1–2д 0% (+0.000); цикл +0.00
100000005911352100,2,False,2,3,15000.0,24000.0,2,3,1,0,0.0,0.0,0,0.0005484487902845048,1.6,True,False,19,True,5,0.2,peripheral,0.4,1.0,in=2/15000 KZT; out=3/24000 KZT; tx=2/3; d=2; недостаточно признаков других ролей,0.15552513052588027,0.0749827650116444,0.05578858913022596,0.0,0.0,0.1,0.386296,Оборот 39000 (+0.156); связей 5 (+0.075); seed 1 (+0.056); внешних групп 0 (+0.000); 1–2д 0% (+0.000); цикл +0.10
100000005931985100,2,False,1,0,76000.0,0.0,1,0,1,0,0.0,0.0,0,0.000311186150614888,0.0,True,False,24,False,1,1.0,terminal,0.55,1.0,in=1/76000 KZT; out=0/0 KZT; tx=1/0; d=2; нет выхода в наблюдаемой выборке,0.16534034772918849,0.029007293138962602,0.05578858913022596,0.0,0.0,0.0,0.250136,Оборот 76000 (+0.165); связей 1 (+0.029); seed 1 (+0.056); внешних групп 0 (+0.000); 1–2д 0% (+0.000); цикл +0.00
100000005932987100,2,False,1,0,25000.0,0.0,3,0,1,0,0.0,0.0,0,0.0004092182957527603,0.0,True,False,62,False,3,0.3333333333333333,terminal,0.55,1.0,in=1/25000 KZT; out=0/0 KZT; tx=3/0; d=2; нет выхода в наблюдаемой выборке,0.14898314336993435,0.029007293138962602,0.05578858913022596,0.0,0.0,0.0,0.233779,Оборот 25000 (+0.149); связей 1 (+0.029); seed 1 (+0.056); внешних групп 0 (+0.000); 1–2д 0% (+0.000); цикл +0.00
100000005933757100,2,False,4,34,1246000.0,3002628.0,6,46,2,9,1034262.0,0.8300658105939005,6,0.0009950508623217497,2.409813804173355,True,False,40,True,15,0.19230769230769232,distributor,0.8,0.6666666666666666,in=4/1246000 KZT; out=34/3002628 KZT; tx=6/46; d=2; рассылка многим получателям,0.22453545072850215,0.15331521151986063,0.08842282173954807,0.1308754304323734,0.08300658105939006,0.1,0.780155,Оборот 4248628 (+0.225); связей 38 (+0.153); seed 2 (+0.088); внешних групп 9 (+0.131); 1–2д 83% (+0.083); цикл +0.10
100000005939154100,2,False,1,0,22000.0,0.0,2,0,3,0,0.0,0.0,0,0.0002921109417916455,0.0,True,False,16,False,2,0.5,terminal,0.55,1.0,in=1/22000 KZT; out=0/0 KZT; tx=2/0; d=2; нет выхода в наблюдаемой выборке,0.14710254463015937,0.029007293138962602,0.11157717826045192,0.0,0.0,0.0,0.287687,Оборот 22000 (+0.147); связей 1 (+0.029); seed 3 (+0.112); внешних групп 0 (+0.000); 1–2д 0% (+0.000); цикл +0.00
100000005940652100,1,False,1,0,8395.0,0.0,1,0,4,0,0.0,0.0,0,0.00028653172471167676,0.0,True,False,51,False,1,1.0,terminal,0.55,1.0,in=1/8395 KZT; out=0/0 KZT; tx=1/0; d=1; нет выхода в наблюдаемой выборке,0.13293003885488597,0.029007293138962602,0.12953709247559939,0.0,0.0,0.0,0.291474,Оборот 8395 (+0.133); связей 1 (+0.029); seed 4 (+0.130); внешних групп 0 (+0.000); 1–2д 0% (+0.000); цикл +0.00
100000005941908100,3,False,1,0,10000.0,0.0,1,0,2,0,0.0,0.0,0,0.000687433738991397,0.0,True,False,40,False,1,1.0,terminal,0.55,1.0,in=1/10000 KZT; out=0/0 KZT; tx=1/0; d=3; нет выхода в наблюдаемой выборке,0.13550359676243048,0.029007293138962602,0.08842282173954807,0.0,0.0,0.0,0.252934,Оборот 10000 (+0.136); связей 1 (+0.029); seed 2 (+0.088); внешних групп 0 (+0.000); 1–2д 0% (+0.000); цикл +0.00
100000005942793100,2,False,4,0,55000.0,0.0,4,0,3,1,0.0,0.0,0,0.00033038693116797753,0.0,True,False,0,False,2,0.5,consolidator,0.75,1.0,in=4/55000 KZT; out=0/0 KZT; tx=4/0; d=2; сбор; выход 0% наблюдаемого входа,0.16058257267085202,0.06735284889599069,0.11157717826045192,0.039397430255579034,0.0,0.0,0.37891,Оборот 55000 (+0.161); связей 4 (+0.067); seed 3 (+0.112); внешних групп 1 (+0.039); 1–2д 0% (+0.000); цикл +0.00
100000005958064100,1,False,1,2,5746.0,163986.84,1,3,2,1,0.0,0.0,0,0.00028465102025156325,28.539303863557258,True,False,40,False,2,0.75,peripheral,0.4,1.0,in=1/5746 KZT; out=2/163987 KZT; tx=1/3; d=1; недостаточно признаков других ролей,0.17716118494360822,0.058014586277925204,0.08842282173954807,0.039397430255579034,0.0,0.0,0.362996,Оборот 169733 (+0.177); связей 3 (+0.058); seed 2 (+0.088); внешних групп 1 (+0.039); 1–2д 0% (+0.000); цикл +0.00
100000005961971100,1,False,1,0,47353.0,0.0,1,0,1,0,0.0,0.0,0,0.0002939012927017516,0.0,True,False,22,False,1,1.0,terminal,0.55,1.0,in=1/47353 KZT; out=0/0 KZT; tx=1/0; d=1; нет выхода в наблюдаемой выборке,0.15838019172162962,0.029007293138962602,0.05578858913022596,0.0,0.0,0.0,0.243176,Оборот 47353 (+0.158); связей 1 (+0.029); seed 1 (+0.056); внешних групп 0 (+0.000); 1–2д 0% (+0.000); цикл +0.00
100000005974542100,3,False,1,0,94500.0,0.0,3,0,2,0,0.0,0.0,0,0.0004824887162321402,0.0,True,False,29,False,3,0.3333333333333333,terminal,0.55,1.0,in=1/94500 KZT; out=0/0 KZT; tx=3/0; d=3; нет выхода в наблюдаемой выборке,0.16854555218915704,0.029007293138962602,0.08842282173954807,0.0,0.0,0.0,0.285976,Оборот 94500 (+0.169); связей 1 (+0.029); seed 2 (+0.088); внешних групп 0 (+0.000); 1–2д 0% (+0.000); цикл +0.00
100000005979037100,4,False,1,0,60300.0,0.0,1,0,1,0,0.0,0.0,0,0.00032305372968769765,0.0,True,True,8,False,1,1.0,peripheral,0.2,1.0,in=1/60300 KZT; out=0/0 KZT; tx=1/0; d=4; граница выгрузки; роль неизвестна,0.16193603323494046,0.029007293138962602,0.05578858913022596,0.0,0.0,0.0,0.246732,Оборот 60300 (+0.162); связей 1 (+0.029); seed 1 (+0.056); внешних групп 0 (+0.000); 1–2д 0% (+0.000); цикл +0.00
100000005995391100,3,False,1,0,17200.0,0.0,1,0,1,0,0.0,0.0,0,0.00028670215218414474,0.0,True,False,22,False,1,1.0,terminal,0.55,1.0,in=1/17200 KZT; out=0/0 KZT; tx=1/0; d=3; нет выхода в наблюдаемой выборке,0.14348163226297123,0.029007293138962602,0.05578858913022596,0.0,0.0,0.0,0.228278,Оборот 17200 (+0.143); связей 1 (+0.029); seed 1 (+0.056); внешних групп 0 (+0.000); 1–2д 0% (+0.000); цикл +0.00
100000005996909100,3,False,1,0,5500.0,0.0,1,0,2,0,0.0,0.0,0,0.0003144353662289393,0.0,True,False,3,False,1,1.0,terminal,0.55,1.0,in=1/5500 KZT; out=0/0 KZT; tx=1/0; d=3; нет выхода в наблюдаемой выборке,0.12670944843109427,0.029007293138962602,0.08842282173954807,0.0,0.0,0.0,0.24414,Оборот 5500 (+0.127); связей 1 (+0.029); seed 2 (+0.088); внешних групп 0 (+0.000); 1–2д 0% (+0.000); цикл +0.00
100000006008169100,1,False,1,0,70000.0,0.0,1,0,1,0,0.0,0.0,0,0.00029557835966978854,0.0,True,False,7,False,1,1.0,terminal,0.55,1.0,in=1/70000 KZT; out=0/0 KZT; tx=1/0; d=1; нет выхода в наблюдаемой выборке,0.16413048100875918,0.029007293138962602,0.05578858913022596,0.0,0.0,0.0,0.248926,Оборот 70000 (+0.164); связей 1 (+0.029); seed 1 (+0.056); внешних групп 0 (+0.000); 1–2д 0% (+0.000); цикл +0.00
100000006020215100,3,False,1,2,30000.0,33800.0,1,2,3,1,0.0,0.0,0,0.00029505987413835666,1.1266666666666667,True,False,12,False,3,0.3333333333333333,peripheral,0.4,1.0,in=1/30000 KZT; out=2/33800 KZT; tx=1/2; d=3; недостаточно признаков других ролей,0.16276608441497573,0.058014586277925204,0.11157717826045192,0.039397430255579034,0.0,0.0,0.371755,Оборот 63800 (+0.163); связей 3 (+0.058); seed 3 (+0.112); внешних групп 1 (+0.039); 1–2д 0% (+0.000); цикл +0.00
100000006030946100,1,False,1,0,73289.0,0.0,1,0,1,0,0.0,0.0,0,0.00029930396828642235,0.0,True,False,22,False,1,1.0,terminal,0.55,1.0,in=1/73289 KZT; out=0/0 KZT; tx=1/0; d=1; нет выхода в наблюдаемой выборке,0.16480597528119384,0.029007293138962602,0.05578858913022596,0.0,0.0,0.0,0.249602,Оборот 73289 (+0.165); связей 1 (+0.029); seed 1 (+0.056); внешних групп 0 (+0.000); 1–2д 0% (+0.000); цикл +0.00
100000006048193100,3,False,1,0,41559.0,0.0,1,0,2,0,0.0,0.0,0,0.00029478997796228494,0.0,True,False,0,False,1,1.0,terminal,0.55,1.0,in=1/41559 KZT; out=0/0 KZT; tx=1/0; d=3; нет выхода в наблюдаемой выборке,0.15646008829050528,0.029007293138962602,0.08842282173954807,0.0,0.0,0.0,0.27389,Оборот 41559 (+0.156); связей 1 (+0.029); seed 2 (+0.088); внешних групп 0 (+0.000); 1–2д 0% (+0.000); цикл +0.00
100000006069103100,1,False,3,3,228818.0,270000.0,3,4,2,1,25000.0,0.1092571388614532,1,0.0011426650946129884,1.1799770997036947,True,False,5,True,5,0.2857142857142857,peripheral,0.4,1.0,in=3/228818 KZT; out=3/270000 KZT; tx=3/4; d=1; недостаточно признаков других ролей,0.1930208466420368,0.08143376716923444,0.08842282173954807,0.039397430255579034,0.01092571388614532,0.1,0.513201,Оборот 498818 (+0.193); связей 6 (+0.081); seed 2 (+0.088); внешних групп 1 (+0.039); 1–2д 11% (+0.011); цикл +0.10
100000006100920100,3,False,1,0,100000.0,0.0,1,0,1,0,0.0,0.0,0,0.00032467557116686605,0.0,True,False,0,False,1,1.0,terminal,0.55,1.0,in=1/100000 KZT; out=0/0 KZT; tx=1/0; d=3; нет выхода в наблюдаемой выборке,0.16937780416926437,0.029007293138962602,0.05578858913022596,0.0,0.0,0.0,0.254174,Оборот 100000 (+0.169); связей 1 (+0.029); seed 1 (+0.056); внешних групп 0 (+0.000); 1–2д 0% (+0.000); цикл +0.00
100000006111439100,3,False,3,4,20570.0,24000.0,3,4,2,2,0.0,0.0,0,0.0003633712139970613,1.166747690811862,True,False,10,True,7,0.14285714285714285,peripheral,0.4,1.0,in=3/20570 KZT; out=4/24000 KZT; tx=3/4; d=3; недостаточно признаков других ролей,0.15748911986064187,0.08702187941688781,0.08842282173954807,0.062443449579869886,0.0,0.1,0.495377,Оборот 44570 (+0.157); связей 7 (+0.087); seed 2 (+0.088); внешних групп 2 (+0.062); 1–2д 0% (+0.000); цикл +0.10
100000006111442100,3,False,1,0,64000.0,0.0,1,0,1,0,0.0,0.0,0,0.0002940002268437732,0.0,True,False,4,False,1,1.0,terminal,0.55,1.0,in=1/64000 KZT; out=0/0 KZT; tx=1/0; d=3; нет выхода в наблюдаемой выборке,0.16281213054374585,0.029007293138962602,0.05578858913022596,0.0,0.0,0.0,0.247608,Оборот 64000 (+0.163); связей 1 (+0.029); seed 1 (+0.056); внешних групп 0 (+0.000); 1–2д 0% (+0.000); цикл +0.00
100000006122699100,2,False,2,0,45865.0,0.0,2,0,2,0,0.0,0.0,0,0.00040235541948031525,0.0,True,False,16,False,1,1.0,terminal,0.55,1.0,in=2/45865 KZT; out=0/0 KZT; tx=2/0; d=2; нет выхода в наблюдаемой выборке,0.15791048027321042,0.04597547187268181,0.08842282173954807,0.0,0.0,0.0,0.292309,Оборот 45865 (+0.158); связей 2 (+0.046); seed 2 (+0.088); внешних групп 0 (+0.000); 1–2д 0% (+0.000); цикл +0.00
100000006126743100,3,False,1,0,55000.0,0.0,1,0,3,0,0.0,0.0,0,0.0002858050242131612,0.0,True,False,10,False,1,1.0,terminal,0.55,1.0,in=1/55000 KZT; out=0/0 KZT; tx=1/0; d=3; нет выхода в наблюдаемой выборке,0.16058257267085202,0.029007293138962602,0.11157717826045192,0.0,0.0,0.0,0.301167,Оборот 55000 (+0.161); связей 1 (+0.029); seed 3 (+0.112); внешних групп 0 (+0.000); 1–2д 0% (+0.000); цикл +0.00
100000006161893100,2,False,1,0,14000.0,0.0,1,0,1,0,0.0,0.0,0,0.0005287119679530246,0.0,True,False,16,False,1,1.0,terminal,0.55,1.0,in=1/14000 KZT; out=0/0 KZT; tx=1/0; d=2; нет выхода в наблюдаемой выборке,0.14045334131935877,0.029007293138962602,0.05578858913022596,0.0,0.0,0.0,0.225249,Оборот 14000 (+0.140); связей 1 (+0.029); seed 1 (+0.056); внешних групп 0 (+0.000); 1–2д 0% (+0.000); цикл +0.00
100000006165886100,3,False,2,1,184481.0,75000.0,2,1,2,0,0.0,0.0,0,0.00029693446580969567,0.4065459315593476,True,False,0,False,2,0.6666666666666666,peripheral,0.4,1.0,in=2/184481 KZT; out=1/75000 KZT; tx=2/1; d=3; недостаточно признаков других ролей,0.18340575975329088,0.058014586277925204,0.08842282173954807,0.0,0.0,0.0,0.329843,Оборот 259481 (+0.183); связей 3 (+0.058); seed 2 (+0.088); внешних групп 0 (+0.000); 1–2д 0% (+0.000); цикл +0.00
100000006169033100,3,False,1,3,49000.0,1140271.0,1,10,1,0,0.0,0.0,0,0.0004155381947948953,23.270836734693876,True,False,66,True,10,0.18181818181818182,peripheral,0.4,1.0,in=1/49000 KZT; out=3/1140271 KZT; tx=1/10; d=3; недостаточно признаков других ролей,0.2058033789143129,0.06735284889599069,0.05578858913022596,0.0,0.0,0.1,0.428945,Оборот 1189271 (+0.206); связей 4 (+0.067); seed 1 (+0.056); внешних групп 0 (+0.000); 1–2д 0% (+0.000); цикл +0.10
100000006171671100,4,False,1,0,10000.0,0.0,1,0,2,0,0.0,0.0,0,0.0005259443557789896,0.0,True,True,0,False,1,1.0,peripheral,0.2,1.0,in=1/10000 KZT; out=0/0 KZT; tx=1/0; d=4; граница выгрузки; роль неизвестна,0.13550359676243048,0.029007293138962602,0.08842282173954807,0.0,0.0,0.0,0.252934,Оборот 10000 (+0.136); связей 1 (+0.029); seed 2 (+0.088); внешних групп 0 (+0.000); 1–2д 0% (+0.000); цикл +0.00
100000006177176100,1,False,1,0,8911.0,0.0,1,0,2,0,0.0,0.0,0,0.0002849890765067663,0.0,True,False,16,False,1,1.0,terminal,0.55,1.0,in=1/8911 KZT; out=0/0 KZT; tx=1/0; d=1; нет выхода в наблюдаемой выборке,0.13380750820563347,0.029007293138962602,0.08842282173954807,0.0,0.0,0.0,0.251238,Оборот 8911 (+0.134); связей 1 (+0.029); seed 2 (+0.088); внешних групп 0 (+0.000); 1–2д 0% (+0.000); цикл +0.00
100000006209210100,3,False,1,0,229111.0,0.0,1,0,1,0,0.0,0.0,0,0.0003587204326887263,0.0,True,False,1,False,1,1.0,terminal,0.55,1.0,in=1/229111 KZT; out=0/0 KZT; tx=1/0; d=3; нет выхода в наблюдаемой выборке,0.18157446884321696,0.029007293138962602,0.05578858913022596,0.0,0.0,0.0,0.26637,Оборот 229111 (+0.182); связей 1 (+0.029); seed 1 (+0.056); внешних групп 0 (+0.000); 1–2д 0% (+0.000); цикл +0.00
100000006225798100,3,False,3,2,722000.0,26300.0,4,2,3,2,0.0,0.0,0,0.0003578858499598971,0.03642659279778394,True,False,28,False,5,0.3333333333333333,peripheral,0.4,1.0,in=3/722000 KZT; out=2/26300 KZT; tx=4/2; d=3; недостаточно признаков других ролей,0.19898745707302717,0.0749827650116444,0.11157717826045192,0.062443449579869886,0.0,0.0,0.447991,Оборот 748300 (+0.199); связей 5 (+0.075); seed 3 (+0.112); внешних групп 2 (+0.062); 1–2д 0% (+0.000); цикл +0.00
100000006232642100,4,False,1,0,456000.0,0.0,4,0,1,0,0.0,0.0,0,0.0004252866937860983,0.0,True,True,66,False,4,0.25,peripheral,0.2,1.0,in=1/456000 KZT; out=0/0 KZT; tx=4/0; d=4; граница выгрузки; роль неизвестна,0.19170047353928543,0.029007293138962602,0.05578858913022596,0.0,0.0,0.0,0.276496,Оборот 456000 (+0.192); связей 1 (+0.029); seed 1 (+0.056); внешних групп 0 (+0.000); 1–2д 0% (+0.000); цикл +0.00
100000006232815100,0,True,1,5,160000.0,296500.0,2,5,0,0,0.0,0.0,0,0.0005527071996415808,1.853125,True,False,27,True,6,0.2857142857142857,distributor,0.8,0.6666666666666666,in=1/160000 KZT; out=5/296500 KZT; tx=2/5; d=0; рассылка многим получателям,0.19171659619746628,0.08143376716923444,0.0,0.0,0.0,0.1,0.37315,Оборот 456500 (+0.192); связей 6 (+0.081); seed 0 (+0.000); внешних групп 0 (+0.000); 1–2д 0% (+0.000); цикл +0.10
100000006240939100,2,False,1,5,160000.0,778015.0,1,5,1,1,0.0,0.0,0,0.0003169964521427725,4.86259375,True,False,41,False,4,0.3333333333333333,distributor,0.8,0.6666666666666666,in=1/160000 KZT; out=5/778015 KZT; tx=1/5; d=2; рассылка многим получателям,0.20231179578699718,0.08143376716923444,0.05578858913022596,0.039397430255579034,0.0,0.0,0.378932,Оборот 938015 (+0.202); связей 6 (+0.081); seed 1 (+0.056); внешних групп 1 (+0.039); 1–2д 0% (+0.000); цикл +0.00
100000006248077100,2,False,1,0,50000.0,0.0,1,0,4,0,0.0,0.0,0,0.0002922623959098734,0.0,True,False,16,False,1,1.0,terminal,0.55,1.0,in=1/50000 KZT; out=0/0 KZT; tx=1/0; d=2; нет выхода в наблюдаемой выборке,0.1591804002131276,0.029007293138962602,0.12953709247559939,0.0,0.0,0.0,0.317725,Оборот 50000 (+0.159); связей 1 (+0.029); seed 4 (+0.130); внешних групп 0 (+0.000); 1–2д 0% (+0.000); цикл +0.00
100000006249740100,0,True,0,3,0.0,93007.0,0,5,0,0,0.0,0.0,0,0.0002840372852618645,0.0,False,False,83,False,5,0.2,peripheral,0.4,1.0,in=0/0 KZT; out=3/93007 KZT; tx=0/5; d=0; недостаточно признаков других ролей,0.16831126567442628,0.058014586277925204,0.0,0.0,0.0,0.0,0.226326,Оборот 93007 (+0.168); связей 3 (+0.058); seed 0 (+0.000); внешних групп 0 (+0.000); 1–2д 0% (+0.000); цикл +0.00
100000006257675100,4,False,1,0,70000.0,0.0,2,0,1,0,0.0,0.0,0,0.0003803390580874999,0.0,True,True,32,False,1,1.0,peripheral,0.2,1.0,in=1/70000 KZT; out=0/0 KZT; tx=2/0; d=4; граница выгрузки; роль неизвестна,0.16413048100875918,0.029007293138962602,0.05578858913022596,0.0,0.0,0.0,0.248926,Оборот 70000 (+0.164); связей 1 (+0.029); seed 1 (+0.056); внешних групп 0 (+0.000); 1–2д 0% (+0.000); цикл +0.00
100000006274203100,3,False,2,3,3417512.0,72000.0,41,3,4,1,0.0,0.0,0,0.000628041326242788,0.02106795821053445,True,False,43,True,21,0.09090909090909091,peripheral,0.4,1.0,in=2/3417512 KZT; out=3/72000 KZT; tx=41/3; d=3; недостаточно признаков других ролей,0.22163963518927118,0.0749827650116444,0.12953709247559939,0.039397430255579034,0.0,0.1,0.565557,Оборот 3489512 (+0.222); связей 5 (+0.075); seed 4 (+0.130); внешних групп 1 (+0.039); 1–2д 0% (+0.000); цикл +0.10
100000006288612100,4,False,1,0,30805.0,0.0,3,0,1,0,0.0,0.0,0,0.0002960118354205473,0.0,True,True,7,False,3,0.3333333333333333,peripheral,0.2,1.0,in=1/30805 KZT; out=0/0 KZT; tx=3/0; d=4; граница выгрузки; роль неизвестна,0.1520549064689895,0.029007293138962602,0.05578858913022596,0.0,0.0,0.0,0.236851,Оборот 30805 (+0.152); связей 1 (+0.029); seed 1 (+0.056); внешних групп 0 (+0.000); 1–2д 0% (+0.000); цикл +0.00
100000006308406100,4,False,1,0,183000.0,0.0,2,0,1,0,0.0,0.0,0,0.0005357976342203114,0.0,True,True,32,False,2,0.5,peripheral,0.2,1.0,in=1/183000 KZT; out=0/0 KZT; tx=2/0; d=4; граница выгрузки; роль неизвестна,0.17826840757719564,0.029007293138962602,0.05578858913022596,0.0,0.0,0.0,0.263064,Оборот 183000 (+0.178); связей 1 (+0.029); seed 1 (+0.056); внешних групп 0 (+0.000); 1–2д 0% (+0.000); цикл +0.00
100000006326645100,1,False,1,0,25264.0,0.0,1,0,1,0,0.0,0.0,0,0.00028929997788875844,0.0,True,False,22,False,1,1.0,terminal,0.55,1.0,in=1/25264 KZT; out=0/0 KZT; tx=1/0; d=1; нет выхода в наблюдаемой выборке,0.14913768091786944,0.029007293138962602,0.05578858913022596,0.0,0.0,0.0,0.233934,Оборот 25264 (+0.149); связей 1 (+0.029); seed 1 (+0.056); внешних групп 0 (+0.000); 1–2д 0% (+0.000); цикл +0.00
100000006351075100,4,False,1,0,40000.0,0.0,2,0,2,0,0.0,0.0,0,0.0002895173186417253,0.0,True,True,65,False,1,1.0,peripheral,0.2,1.0,in=1/40000 KZT; out=0/0 KZT; tx=2/0; d=4; граница выгрузки; роль неизвестна,0.15589759558164798,0.029007293138962602,0.08842282173954807,0.0,0.0,0.0,0.273328,Оборот 40000 (+0.156); связей 1 (+0.029); seed 2 (+0.088); внешних групп 0 (+0.000); 1–2д 0% (+0.000); цикл +0.00
100000006369769100,1,False,1,0,40000.0,0.0,1,0,1,0,0.0,0.0,0,0.0002923696041771494,0.0,True,False,22,False,1,1.0,terminal,0.55,1.0,in=1/40000 KZT; out=0/0 KZT; tx=1/0; d=1; нет выхода в наблюдаемой выборке,0.15589759558164798,0.029007293138962602,0.05578858913022596,0.0,0.0,0.0,0.240693,Оборот 40000 (+0.156); связей 1 (+0.029); seed 1 (+0.056); внешних групп 0 (+0.000); 1–2д 0% (+0.000); цикл +0.00
100000006381453100,4,False,1,0,45000.0,0.0,1,0,1,0,0.0,0.0,0,0.0005727660001496349,0.0,True,True,4,False,1,1.0,peripheral,0.2,1.0,in=1/45000 KZT; out=0/0 KZT; tx=1/0; d=4; граница выгрузки; роль неизвестна,0.15763037359693888,0.029007293138962602,0.05578858913022596,0.0,0.0,0.0,0.242426,Оборот 45000 (+0.158); связей 1 (+0.029); seed 1 (+0.056); внешних групп 0 (+0.000); 1–2д 0% (+0.000); цикл +0.00
100000006385877100,2,False,1,1,53706.62,36602.93,5,5,1,0,0.0,0.0,0,0.0021948714147765054,0.6815347903107661,True,False,4,True,5,0.4,peripheral,0.4,1.0,in=1/53707 KZT; out=1/36603 KZT; tx=5/5; d=2; недостаточно признаков других ролей,0.1678782747826849,0.04597547187268181,0.05578858913022596,0.0,0.0,0.1,0.369642,Оборот 90310 (+0.168); связей 2 (+0.046); seed 1 (+0.056); внешних групп 0 (+0.000); 1–2д 0% (+0.000); цикл +0.10
100000006412162100,4,False,1,0,15000.0,0.0,2,0,1,0,0.0,0.0,0,0.00029201159723144714,0.0,True,True,47,False,1,1.0,peripheral,0.2,1.0,in=1/15000 KZT; out=0/0 KZT; tx=2/0; d=4; граница выгрузки; роль неизвестна,0.14146829138193068,0.029007293138962602,0.05578858913022596,0.0,0.0,0.0,0.226264,Оборот 15000 (+0.141); связей 1 (+0.029); seed 1 (+0.056); внешних групп 0 (+0.000); 1–2д 0% (+0.000); цикл +0.00
100000006416061100,4,False,1,0,30000.0,0.0,1,0,1,0,0.0,0.0,0,0.00043232061134837387,0.0,True,True,0,False,1,1.0,peripheral,0.2,1.0,in=1/30000 KZT; out=0/0 KZT; tx=1/0; d=4; граница выгрузки; роль неизвестна,0.15166535208139753,0.029007293138962602,0.05578858913022596,0.0,0.0,0.0,0.236461,Оборот 30000 (+0.152); связей 1 (+0.029); seed 1 (+0.056); внешних групп 0 (+0.000); 1–2д 0% (+0.000); цикл +0.00
100000006424479100,2,False,1,2,500000.0,220000.0,2,3,5,0,0.0,0.0,0,0.0009366829618461992,0.44,True,False,12,False,3,0.6,peripheral,0.4,1.0,in=1/500000 KZT; out=2/220000 KZT; tx=2/3; d=2; недостаточно признаков других ролей,0.19842027139544083,0.058014586277925204,0.14421141086977404,0.0,0.0,0.0,0.400646,Оборот 720000 (+0.198); связей 3 (+0.058); seed 5 (+0.144); внешних групп 0 (+0.000); 1–2д 0% (+0.000); цикл +0.00
100000006443391100,1,False,3,2,86775.93,60041.71000000001,7,6,1,0,0.0,0.0,0,0.002513212986101413,0.6919166409394865,True,False,4,True,8,0.3076923076923077,peripheral,0.4,1.0,in=3/86776 KZT; out=2/60042 KZT; tx=7/6; d=1; недостаточно признаков других ролей,0.17502745872220404,0.0749827650116444,0.05578858913022596,0.0,0.0,0.1,0.405799,Оборот 146818 (+0.175); связей 5 (+0.075); seed 1 (+0.056); внешних групп 0 (+0.000); 1–2д 0% (+0.000); цикл +0.10
100000006444163100,3,False,1,0,6026.0,0.0,1,0,1,0,0.0,0.0,0,0.0003184270023155027,0.0,True,False,0,False,1,1.0,terminal,0.55,1.0,in=1/6026 KZT; out=0/0 KZT; tx=1/0; d=3; нет выхода в наблюдаемой выборке,0.12805293664487954,0.029007293138962602,0.05578858913022596,0.0,0.0,0.0,0.212849,Оборот 6026 (+0.128); связей 1 (+0.029); seed 1 (+0.056); внешних групп 0 (+0.000); 1–2д 0% (+0.000); цикл +0.00
100000006445501100,1,False,1,0,91000.0,0.0,1,0,5,0,0.0,0.0,0,0.0002977621809168301,0.0,True,False,11,False,1,1.0,terminal,0.55,1.0,in=1/91000 KZT; out=0/0 KZT; tx=1/0; d=1; нет выхода в наблюдаемой выборке,0.16799032411845796,0.029007293138962602,0.14421141086977404,0.0,0.0,0.0,0.341209,Оборот 91000 (+0.168); связей 1 (+0.029); seed 5 (+0.144); внешних групп 0 (+0.000); 1–2д 0% (+0.000); цикл +0.00
100000006446271100,1,False,2,0,80000.0,0.0,2,0,4,0,0.0,0.0,0,0.00031216085171787214,0.0,True,False,2,False,1,1.0,terminal,0.55,1.0,in=2/80000 KZT; out=0/0 KZT; tx=2/0; d=1; нет выхода в наблюдаемой выборке,0.16609496275913513,0.04597547187268181,0.12953709247559939,0.0,0.0,0.0,0.341608,Оборот 80000 (+0.166); связей 2 (+0.046); seed 4 (+0.130); внешних групп 0 (+0.000); 1–2д 0% (+0.000); цикл +0.00
100000006471232100,3,False,1,0,41800.0,0.0,1,0,1,0,0.0,0.0,0,0.0002905135316194991,0.0,True,False,22,False,1,1.0,terminal,0.55,1.0,in=1/41800 KZT; out=0/0 KZT; tx=1/0; d=3; нет выхода в наблюдаемой выборке,0.15654515424128904,0.029007293138962602,0.05578858913022596,0.0,0.0,0.0,0.241341,Оборот 41800 (+0.157); связей 1 (+0.029); seed 1 (+0.056); внешних групп 0 (+0.000); 1–2д 0% (+0.000); цикл +0.00
100000006476758100,3,False,1,0,5200.0,0.0,1,0,2,0,0.0,0.0,0,0.0005143533007228762,0.0,True,False,11,False,1,1.0,terminal,0.55,1.0,in=1/5200 KZT; out=0/0 KZT; tx=1/0; d=3; нет выхода в наблюдаемой выборке,0.1258844169376617,0.029007293138962602,0.08842282173954807,0.0,0.0,0.0,0.243315,Оборот 5200 (+0.126); связей 1 (+0.029); seed 2 (+0.088); внешних групп 0 (+0.000); 1–2д 0% (+0.000); цикл +0.00
100000006490557100,2,False,1,0,5000.0,0.0,1,0,1,0,0.0,0.0,0,0.00028462586287783065,0.0,True,False,1,False,1,1.0,terminal,0.55,1.0,in=1/5000 KZT; out=0/0 KZT; tx=1/0; d=2; нет выхода в наблюдаемой выборке,0.12530751666392811,0.029007293138962602,0.05578858913022596,0.0,0.0,0.0,0.210103,Оборот 5000 (+0.125); связей 1 (+0.029); seed 1 (+0.056); внешних групп 0 (+0.000); 1–2д 0% (+0.000); цикл +0.00
100000006490615100,4,False,1,0,41600.0,0.0,6,0,2,0,0.0,0.0,0,0.0003924929061758008,0.0,True,True,12,False,5,0.3333333333333333,peripheral,0.2,1.0,in=1/41600 KZT; out=0/0 KZT; tx=6/0; d=4; граница выгрузки; роль неизвестна,0.15647459485631746,0.029007293138962602,0.08842282173954807,0.0,0.0,0.0,0.273905,Оборот 41600 (+0.156); связей 1 (+0.029); seed 2 (+0.088); внешних групп 0 (+0.000); 1–2д 0% (+0.000); цикл +0.00
100000006491272100,3,False,1,0,26200.0,0.0,1,0,1,0,0.0,0.0,0,0.0002880965592946402,0.0,True,False,22,False,1,1.0,terminal,0.55,1.0,in=1/26200 KZT; out=0/0 KZT; tx=1/0; d=3; нет выхода в наблюдаемой выборке,0.14967286568766733,0.029007293138962602,0.05578858913022596,0.0,0.0,0.0,0.234469,Оборот 26200 (+0.150); связей 1 (+0.029); seed 1 (+0.056); внешних групп 0 (+0.000); 1–2д 0% (+0.000); цикл +0.00
100000006491963100,4,False,1,0,16000.0,0.0,3,0,1,0,0.0,0.0,0,0.0002925432180294193,0.0,True,True,47,False,3,0.3333333333333333,peripheral,0.2,1.0,in=1/16000 KZT; out=0/0 KZT; tx=3/0; d=4; граница выгрузки; роль неизвестна,0.14241771799277592,0.029007293138962602,0.05578858913022596,0.0,0.0,0.0,0.227214,Оборот 16000 (+0.142); связей 1 (+0.029); seed 1 (+0.056); внешних групп 0 (+0.000); 1–2д 0% (+0.000); цикл +0.00
100000006492770100,3,False,1,1,269000.0,20000.0,1,1,2,0,20000.0,0.07434944237918216,1,0.0002990816019922187,0.07434944237918216,True,False,0,False,2,0.5,peripheral,0.4,1.0,in=1/269000 KZT; out=1/20000 KZT; tx=1/1; d=3; недостаточно признаков других ролей,0.18499086730591255,0.04597547187268181,0.08842282173954807,0.0,0.007434944237918216,0.0,0.326824,Оборот 289000 (+0.185); связей 2 (+0.046); seed 2 (+0.088); внешних групп 0 (+0.000); 1–2д 7% (+0.007); цикл +0.00
100000006512787100,4,False,1,0,20000.0,0.0,2,0,2,0,0.0,0.0,0,0.0005269165038666267,0.0,True,True,0,False,2,0.5,peripheral,0.2,1.0,in=1/20000 KZT; out=0/0 KZT; tx=2/0; d=4; граница выгрузки; роль неизвестна,0.14570041229327152,0.029007293138962602,0.08842282173954807,0.0,0.0,0.0,0.263131,Оборот 20000 (+0.146); связей 1 (+0.029); seed 2 (+0.088); внешних групп 0 (+0.000); 1–2д 0% (+0.000); цикл +0.00
100000006518161100,1,False,3,2,594200.0,595899.0,13,13,3,1,189899.0,0.31958768091551665,7,0.000804354387827167,1.002859306630764,True,False,16,True,16,0.11538461538461539,peripheral,0.4,1.0,in=3/594200 KZT; out=2/595899 KZT; tx=13/13; d=1; недостаточно признаков других ролей,0.20581361817102453,0.0749827650116444,0.11157717826045192,0.039397430255579034,0.03195876809155167,0.1,0.56373,Оборот 1190099 (+0.206); связей 5 (+0.075); seed 3 (+0.112); внешних групп 1 (+0.039); 1–2д 32% (+0.032); цикл +0.10
100000006522972100,3,False,1,0,9515.0,0.0,1,0,1,0,0.0,0.0,0,0.00030165437729358645,0.0,True,False,10,False,1,1.0,terminal,0.55,1.0,in=1/9515 KZT; out=0/0 KZT; tx=1/0; d=3; нет выхода в наблюдаемой выборке,0.13477225812106475,0.029007293138962602,0.05578858913022596,0.0,0.0,0.0,0.219568,Оборот 9515 (+0.135); связей 1 (+0.029); seed 1 (+0.056); внешних групп 0 (+0.000); 1–2д 0% (+0.000); цикл +0.00
100000006523053100,2,False,1,0,5000.0,0.0,1,0,5,0,0.0,0.0,0,0.0005354372636196683,0.0,True,False,2,False,1,1.0,terminal,0.55,1.0,in=1/5000 KZT; out=0/0 KZT; tx=1/0; d=2; нет выхода в наблюдаемой выборке,0.12530751666392811,0.029007293138962602,0.14421141086977404,0.0,0.0,0.0,0.298526,Оборот 5000 (+0.125); связей 1 (+0.029); seed 5 (+0.144); внешних групп 0 (+0.000); 1–2д 0% (+0.000); цикл +0.00
100000006527156100,4,False,1,0,48500.0,0.0,1,0,1,0,0.0,0.0,0,0.0002944676731261861,0.0,True,True,57,False,1,1.0,peripheral,0.2,1.0,in=1/48500 KZT; out=0/0 KZT; tx=1/0; d=4; граница выгрузки; роль неизвестна,0.15873229478175718,0.029007293138962602,0.05578858913022596,0.0,0.0,0.0,0.243528,Оборот 48500 (+0.159); связей 1 (+0.029); seed 1 (+0.056); внешних групп 0 (+0.000); 1–2д 0% (+0.000); цикл +0.00
100000006530134100,3,False,2,0,144663.0,0.0,2,0,3,1,0.0,0.0,0,0.000297452730432215,0.0,True,False,10,False,2,0.5,terminal,0.55,1.0,in=2/144663 KZT; out=0/0 KZT; tx=2/0; d=3; нет выхода в наблюдаемой выборке,0.17480995316483405,0.04597547187268181,0.11157717826045192,0.039397430255579034,0.0,0.0,0.37176,Оборот 144663 (+0.175); связей 2 (+0.046); seed 3 (+0.112); внешних групп 1 (+0.039); 1–2д 0% (+0.000); цикл +0.00
100000006532229100,3,False,1,0,105000.0,0.0,1,0,3,0,0.0,0.0,0,0.0002990037592164903,0.0,True,False,4,False,1,1.0,terminal,0.55,1.0,in=1/105000 KZT; out=0/0 KZT; tx=1/0; d=3; нет выхода в наблюдаемой выборке,0.17009559592984067,0.029007293138962602,0.11157717826045192,0.0,0.0,0.0,0.31068,Оборот 105000 (+0.170); связей 1 (+0.029); seed 3 (+0.112); внешних групп 0 (+0.000); 1–2д 0% (+0.000); цикл +0.00
100000006534886100,2,False,1,1,71700.0,167500.0,5,8,1,0,17800.0,0.2482566248256625,2,0.0011239520181949218,2.336122733612273,True,False,16,True,8,0.3076923076923077,peripheral,0.4,1.0,in=1/71700 KZT; out=1/167500 KZT; tx=5/8; d=2; недостаточно признаков других ролей,0.1822084546464934,0.04597547187268181,0.05578858913022596,0.0,0.02482566248256625,0.1,0.408798,Оборот 239200 (+0.182); связей 2 (+0.046); seed 1 (+0.056); внешних групп 0 (+0.000); 1–2д 25% (+0.025); цикл +0.10
100000006557763100,2,False,1,0,10000.0,0.0,1,0,4,0,0.0,0.0,0,0.00034522291786333293,0.0,True,False,2,False,1,1.0,terminal,0.55,1.0,in=1/10000 KZT; out=0/0 KZT; tx=1/0; d=2; нет выхода в наблюдаемой выборке,0.13550359676243048,0.029007293138962602,0.12953709247559939,0.0,0.0,0.0,0.294048,Оборот 10000 (+0.136); связей 1 (+0.029); seed 4 (+0.130); внешних групп 0 (+0.000); 1–2д 0% (+0.000); цикл +0.00
100000006562026100,1,False,2,0,75000.0,0.0,6,0,2,0,0.0,0.0,0,0.0006812196368177574,0.0,True,False,83,False,6,0.16666666666666666,terminal,0.55,1.0,in=2/75000 KZT; out=0/0 KZT; tx=6/0; d=1; нет выхода в наблюдаемой выборке,0.1651454871122357,0.04597547187268181,0.08842282173954807,0.0,0.0,0.0,0.299544,Оборот 75000 (+0.165); связей 2 (+0.046); seed 2 (+0.088); внешних групп 0 (+0.000); 1–2д 0% (+0.000); цикл +0.00
100000006564102100,2,False,1,0,233235.0,0.0,1,0,3,0,0.0,0.0,0,0.00042547696612685494,0.0,True,False,2,False,1,1.0,terminal,0.55,1.0,in=1/233235 KZT; out=0/0 KZT; tx=1/0; d=2; нет выхода в наблюдаемой выборке,0.18183692793099857,0.029007293138962602,0.11157717826045192,0.0,0.0,0.0,0.322421,Оборот 233235 (+0.182); связей 1 (+0.029); seed 3 (+0.112); внешних групп 0 (+0.000); 1–2д 0% (+0.000); цикл +0.00
100000006567935100,2,False,1,0,200000.0,0.0,1,0,3,0,0.0,0.0,0,0.0003087953180972056,0.0,True,False,33,False,1,1.0,terminal,0.55,1.0,in=1/200000 KZT; out=0/0 KZT; tx=1/0; d=2; нет выхода в наблюдаемой выборке,0.17957528168352788,0.029007293138962602,0.11157717826045192,0.0,0.0,0.0,0.32016,Оборот 200000 (+0.180); связей 1 (+0.029); seed 3 (+0.112); внешних групп 0 (+0.000); 1–2д 0% (+0.000); цикл +0.00
100000006573438100,3,False,1,0,5000.0,0.0,1,0,1,0,0.0,0.0,0,0.00029745574541829617,0.0,True,False,66,False,1,1.0,terminal,0.55,1.0,in=1/5000 KZT; out=0/0 KZT; tx=1/0; d=3; нет выхода в наблюдаемой выборке,0.12530751666392811,0.029007293138962602,0.05578858913022596,0.0,0.0,0.0,0.210103,Оборот 5000 (+0.125); связей 1 (+0.029); seed 1 (+0.056); внешних групп 0 (+0.000); 1–2д 0% (+0.000); цикл +0.00
100000006579678100,1,False,2,6,192930.0,1668800.0,2,15,2,0,0.0,0.0,0,0.0006216101951976353,8.649769346395066,True,False,16,True,6,0.35294117647058826,distributor,0.8,1.0,in=2/192930 KZT; out=6/1668800 KZT; tx=2/15; d=1; рассылка многим получателям,0.21239676791173923,0.09195094374536363,0.08842282173954807,0.0,0.0,0.1,0.492771,Оборот 1861730 (+0.212); связей 8 (+0.092); seed 2 (+0.088); внешних групп 0 (+0.000); 1–2д 0% (+0.000); цикл +0.10
100000006595426100,2,False,1,0,84800.0,0.0,3,0,1,0,0.0,0.0,0,0.0003324688056450477,0.0,True,False,0,False,3,0.3333333333333333,terminal,0.55,1.0,in=1/84800 KZT; out=0/0 KZT; tx=3/0; d=2; нет выхода в наблюдаемой выборке,0.16695220198349464,0.029007293138962602,0.05578858913022596,0.0,0.0,0.0,0.251748,Оборот 84800 (+0.167); связей 1 (+0.029); seed 1 (+0.056); внешних групп 0 (+0.000); 1–2д 0% (+0.000); цикл +0.00
100000006612238100,2,False,1,1,160000.0,25000.0,1,1,1,0,0.0,0.0,0,0.0003379689898694771,0.15625,True,False,22,True,1,1.0,peripheral,0.4,1.0,in=1/160000 KZT; out=1/25000 KZT; tx=1/1; d=2; недостаточно признаков других ролей,0.17842832085171345,0.04597547187268181,0.05578858913022596,0.0,0.0,0.1,0.380192,Оборот 185000 (+0.178); связей 2 (+0.046); seed 1 (+0.056); внешних групп 0 (+0.000); 1–2д 0% (+0.000); цикл +0.10
100000006638021100,4,False,2,0,388500.0,0.0,2,0,2,0,0.0,0.0,0,0.0005412545785230707,0.0,True,True,60,False,1,1.0,peripheral,0.2,1.0,in=2/388500 KZT; out=0/0 KZT; tx=2/0; d=4; граница выгрузки; роль неизвестна,0.18934362903609978,0.04597547187268181,0.08842282173954807,0.0,0.0,0.0,0.323742,Оборот 388500 (+0.189); связей 2 (+0.046); seed 2 (+0.088); внешних групп 0 (+0.000); 1–2д 0% (+0.000); цикл +0.00
100000006641671100,3,False,2,1,22000.0,25000.0,2,3,1,0,0.0,0.0,0,0.0004374471308180688,1.1363636363636365,True,False,8,False,3,0.4,peripheral,0.4,1.0,in=2/22000 KZT; out=1/25000 KZT; tx=2/3; d=3; недостаточно признаков других ролей,0.15827011075452102,0.058014586277925204,0.05578858913022596,0.0,0.0,0.0,0.272073,Оборот 47000 (+0.158); связей 3 (+0.058); seed 1 (+0.056); внешних групп 0 (+0.000); 1–2д 0% (+0.000); цикл +0.00
100000006656003100,1,False,1,1,20000.0,9000.0,1,1,1,0,0.0,0.0,0,0.00028820344471950694,0.45,True,False,22,True,1,1.0,peripheral,0.4,1.0,in=1/20000 KZT; out=1/9000 KZT; tx=1/1; d=1; недостаточно признаков других ролей,0.1511666108422302,0.04597547187268181,0.05578858913022596,0.0,0.0,0.1,0.352931,Оборот 29000 (+0.151); связей 2 (+0.046); seed 1 (+0.056); внешних групп 0 (+0.000); 1–2д 0% (+0.000); цикл +0.10
100000006658598100,1,False,1,0,9000.0,0.0,1,0,2,0,0.0,0.0,0,0.00028499858267002476,0.0,True,False,16,False,1,1.0,terminal,0.55,1.0,in=1/9000 KZT; out=0/0 KZT; tx=1/0; d=1; нет выхода в наблюдаемой выборке,0.13395370090262443,0.029007293138962602,0.08842282173954807,0.0,0.0,0.0,0.251384,Оборот 9000 (+0.134); связей 1 (+0.029); seed 2 (+0.088); внешних групп 0 (+0.000); 1–2д 0% (+0.000); цикл +0.00
100000006664478100,3,False,1,2,55000.0,60000.0,3,2,1,0,0.0,0.0,0,0.0006130167647713143,1.0909090909090908,True,False,41,False,3,0.6,peripheral,0.4,1.0,in=1/55000 KZT; out=2/60000 KZT; tx=3/2; d=3; недостаточно признаков других ролей,0.17143395657735866,0.058014586277925204,0.05578858913022596,0.0,0.0,0.0,0.285237,Оборот 115000 (+0.171); связей 3 (+0.058); seed 1 (+0.056); внешних групп 0 (+0.000); 1–2д 0% (+0.000); цикл +0.00
100000006679055100,2,False,1,0,25000.0,0.0,1,0,3,0,0.0,0.0,0,0.00029919792591024384,0.0,True,False,2,False,1,1.0,terminal,0.55,1.0,in=1/25000 KZT; out=0/0 KZT; tx=1/0; d=2; нет выхода в наблюдаемой выборке,0.14898314336993435,0.029007293138962602,0.11157717826045192,0.0,0.0,0.0,0.289568,Оборот 25000 (+0.149); связей 1 (+0.029); seed 3 (+0.112); внешних групп 0 (+0.000); 1–2д 0% (+0.000); цикл +0.00
100000006684930100,2,False,1,0,10000.0,0.0,1,0,5,0,0.0,0.0,0,0.0002970901987935512,0.0,True,False,12,False,1,1.0,terminal,0.55,1.0,in=1/10000 KZT; out=0/0 KZT; tx=1/0; d=2; нет выхода в наблюдаемой выборке,0.13550359676243048,0.029007293138962602,0.14421141086977404,0.0,0.0,0.0,0.308722,Оборот 10000 (+0.136); связей 1 (+0.029); seed 5 (+0.144); внешних групп 0 (+0.000); 1–2д 0% (+0.000); цикл +0.00
100000006687202100,1,False,1,0,50000.0,0.0,1,0,1,0,0.0,0.0,0,0.00029334669153312655,0.0,True,False,0,False,1,1.0,terminal,0.55,1.0,in=1/50000 KZT; out=0/0 KZT; tx=1/0; d=1; нет выхода в наблюдаемой выборке,0.1591804002131276,0.029007293138962602,0.05578858913022596,0.0,0.0,0.0,0.243976,Оборот 50000 (+0.159); связей 1 (+0.029); seed 1 (+0.056); внешних групп 0 (+0.000); 1–2д 0% (+0.000); цикл +0.00
100000006689603100,4,False,1,0,400000.0,0.0,2,0,1,0,0.0,0.0,0,0.0003106768123856187,0.0,True,True,8,False,2,0.5,peripheral,0.2,1.0,in=1/400000 KZT; out=0/0 KZT; tx=2/0; d=4; граница выгрузки; роль неизвестна,0.1897727959772685,0.029007293138962602,0.05578858913022596,0.0,0.0,0.0,0.274569,Оборот 400000 (+0.190); связей 1 (+0.029); seed 1 (+0.056); внешних групп 0 (+0.000); 1–2д 0% (+0.000); цикл +0.00
100000006693788100,4,False,1,0,10764.0,0.0,1,0,1,0,0.0,0.0,0,0.0005289450844190319,0.0,True,True,0,False,1,1.0,peripheral,0.2,1.0,in=1/10764 KZT; out=0/0 KZT; tx=1/0; d=4; граница выгрузки; роль неизвестна,0.13658661806008301,0.029007293138962602,0.05578858913022596,0.0,0.0,0.0,0.221383,Оборот 10764 (+0.137); связей 1 (+0.029); seed 1 (+0.056); внешних групп 0 (+0.000); 1–2д 0% (+0.000); цикл +0.00
100000006701983100,3,False,1,0,27000.0,0.0,1,0,1,0,0.0,0.0,0,0.00028822050659335093,0.0,True,False,22,False,1,1.0,terminal,0.55,1.0,in=1/27000 KZT; out=0/0 KZT; tx=1/0; d=3; нет выхода в наблюдаемой выборке,0.15011534725947276,0.029007293138962602,0.05578858913022596,0.0,0.0,0.0,0.234911,Оборот 27000 (+0.150); связей 1 (+0.029); seed 1 (+0.056); внешних групп 0 (+0.000); 1–2д 0% (+0.000); цикл +0.00
100000006704530100,3,False,1,3,450500.0,428000.0,1,5,1,0,0.0,0.0,0,0.0003960043109285183,0.9500554938956715,True,False,14,False,5,0.3333333333333333,peripheral,0.4,1.0,in=1/450500 KZT; out=3/428000 KZT; tx=1/5; d=3; недостаточно признаков других ролей,0.2013474276285344,0.06735284889599069,0.05578858913022596,0.0,0.0,0.0,0.324489,Оборот 878500 (+0.201); связей 4 (+0.067); seed 1 (+0.056); внешних групп 0 (+0.000); 1–2д 0% (+0.000); цикл +0.00
100000006706519100,4,False,1,0,36000.0,0.0,3,0,2,0,0.0,0.0,0,0.00038848626921629255,0.0,True,True,0,False,3,0.3333333333333333,peripheral,0.2,1.0,in=1/36000 KZT; out=0/0 KZT; tx=3/0; d=4; граница выгрузки; роль неизвестна,0.1543475771383801,0.029007293138962602,0.08842282173954807,0.0,0.0,0.0,0.271778,Оборот 36000 (+0.154); связей 1 (+0.029); seed 2 (+0.088); внешних групп 0 (+0.000); 1–2д 0% (+0.000); цикл +0.00
100000006707582100,1,False,2,14,39520.0,961138.0,2,15,1,5,17520.0,0.4433198380566802,1,0.0005348603366573579,24.320293522267207,True,False,11,True,5,0.29411764705882354,distributor,0.8,1.0,in=2/39520 KZT; out=14/961138 KZT; tx=2/15; d=1; рассылка многим получателям,0.203262880446608,0.11856623283076556,0.05578858913022596,0.10184087983544891,0.044331983805668024,0.1,0.623791,Оборот 1000658 (+0.203); связей 16 (+0.119); seed 1 (+0.056); внешних групп 5 (+0.102); 1–2д 44% (+0.044); цикл +0.10
100000006710485100,3,False,1,0,20000.0,0.0,1,0,1,0,0.0,0.0,0,0.0002871359677296322,0.0,True,False,22,False,1,1.0,terminal,0.55,1.0,in=1/20000 KZT; out=0/0 KZT; tx=1/0; d=3; нет выхода в наблюдаемой выборке,0.14570041229327152,0.029007293138962602,0.05578858913022596,0.0,0.0,0.0,0.230496,Оборот 20000 (+0.146); связей 1 (+0.029); seed 1 (+0.056); внешних групп 0 (+0.000); 1–2д 0% (+0.000); цикл +0.00
100000006714366100,3,False,1,1,10500.0,5000.0,1,1,3,0,0.0,0.0,0,0.00028789519136863674,0.47619047619047616,True,False,12,False,1,1.0,peripheral,0.4,1.0,in=1/10500 KZT; out=1/5000 KZT; tx=1/1; d=3; недостаточно признаков других ролей,0.14195066218791036,0.04597547187268181,0.11157717826045192,0.0,0.0,0.0,0.299503,Оборот 15500 (+0.142); связей 2 (+0.046); seed 3 (+0.112); внешних групп 0 (+0.000); 1–2д 0% (+0.000); цикл +0.00
100000006734214100,3,False,5,3,610000.0,36000.0,10,4,3,3,18000.0,0.029508196721311476,1,0.000602458065840577,0.05901639344262295,True,False,10,False,11,0.14285714285714285,peripheral,0.4,0.6666666666666666,in=5/610000 KZT; out=3/36000 KZT; tx=10/4; d=3; недостаточно признаков других ролей,0.19682473693716154,0.09195094374536363,0.11157717826045192,0.07879486051115807,0.002950819672131148,0.0,0.482099,Оборот 646000 (+0.197); связей 8 (+0.092); seed 3 (+0.112); внешних групп 3 (+0.079); 1–2д 3% (+0.003); цикл +0.00
100000006734554100,1,False,1,1,16500.0,25000.0,1,1,1,0,0.0,0.0,0,0.0003101813610636915,1.5151515151515151,True,False,27,False,2,0.5,peripheral,0.4,1.0,in=1/16500 KZT; out=1/25000 KZT; tx=1/1; d=1; недостаточно признаков других ролей,0.15643918785416575,0.04597547187268181,0.05578858913022596,0.0,0.0,0.0,0.258203,Оборот 41500 (+0.156); связей 2 (+0.046); seed 1 (+0.056); внешних групп 0 (+0.000); 1–2д 0% (+0.000); цикл +0.00
100000006735545100,4,False,1,0,5000.0,0.0,1,0,3,0,0.0,0.0,0,0.00029168926300087507,0.0,True,True,8,False,1,1.0,peripheral,0.2,1.0,in=1/5000 KZT; out=0/0 KZT; tx=1/0; d=4; граница выгрузки; роль неизвестна,0.12530751666392811,0.029007293138962602,0.11157717826045192,0.0,0.0,0.0,0.265892,Оборот 5000 (+0.125); связей 1 (+0.029); seed 3 (+0.112); внешних групп 0 (+0.000); 1–2д 0% (+0.000); цикл +0.00
100000006745291100,1,False,1,0,82534.0,0.0,1,0,5,0,0.0,0.0,0,0.0002964853131518307,0.0,True,False,11,False,1,1.0,terminal,0.55,1.0,in=1/82534 KZT; out=0/0 KZT; tx=1/0; d=1; нет выхода в наблюдаемой выборке,0.16655373027281667,0.029007293138962602,0.14421141086977404,0.0,0.0,0.0,0.339772,Оборот 82534 (+0.167); связей 1 (+0.029); seed 5 (+0.144); внешних групп 0 (+0.000); 1–2д 0% (+0.000); цикл +0.00
100000006746688100,3,False,1,0,41000.0,0.0,1,0,1,0,0.0,0.0,0,0.00029038958432078837,0.0,True,False,22,False,1,1.0,terminal,0.55,1.0,in=1/41000 KZT; out=0/0 KZT; tx=1/0; d=3; нет выхода в наблюдаемой выборке,0.15626086325008096,0.029007293138962602,0.05578858913022596,0.0,0.0,0.0,0.241057,Оборот 41000 (+0.156); связей 1 (+0.029); seed 1 (+0.056); внешних групп 0 (+0.000); 1–2д 0% (+0.000); цикл +0.00
100000006755850100,2,False,1,0,443475.8,0.0,3,0,9,0,0.0,0.0,0,0.0006450107113206412,0.0,True,False,10,False,2,0.6666666666666666,terminal,0.55,1.0,in=1/443476 KZT; out=0/0 KZT; tx=3/0; d=2; нет выхода в наблюдаемой выборке,0.1912907527152648,0.029007293138962602,0.18532568160582538,0.0,0.0,0.0,0.405624,Оборот 443476 (+0.191); связей 1 (+0.029); seed 9 (+0.185); внешних групп 0 (+0.000); 1–2д 0% (+0.000); цикл +0.00
100000006756956100,4,False,1,0,121200.0,0.0,9,0,3,0,0.0,0.0,0,0.00030923361848763764,0.0,True,True,0,False,5,0.3333333333333333,peripheral,0.2,1.0,in=1/121200 KZT; out=0/0 KZT; tx=9/0; d=4; граница выгрузки; роль неизвестна,0.17220647405659895,0.029007293138962602,0.11157717826045192,0.0,0.0,0.0,0.312791,Оборот 121200 (+0.172); связей 1 (+0.029); seed 3 (+0.112); внешних групп 0 (+0.000); 1–2д 0% (+0.000); цикл +0.00
100000006787636100,2,False,1,0,20000.0,0.0,1,0,1,0,0.0,0.0,0,0.0003559828652968912,0.0,True,False,5,False,1,1.0,terminal,0.55,1.0,in=1/20000 KZT; out=0/0 KZT; tx=1/0; d=2; нет выхода в наблюдаемой выборке,0.14570041229327152,0.029007293138962602,0.05578858913022596,0.0,0.0,0.0,0.230496,Оборот 20000 (+0.146); связей 1 (+0.029); seed 1 (+0.056); внешних групп 0 (+0.000); 1–2д 0% (+0.000); цикл +0.00
100000006788200100,1,False,4,3,272155.8,64500.0,4,4,3,2,0.0,0.0,0,0.0003352685475522841,0.23699660268125833,True,False,41,False,8,0.125,peripheral,0.4,1.0,in=4/272156 KZT; out=3/64500 KZT; tx=4/4; d=1; недостаточно признаков других ролей,0.1872364100745524,0.08702187941688781,0.11157717826045192,0.062443449579869886,0.0,0.0,0.448279,Оборот 336656 (+0.187); связей 7 (+0.087); seed 3 (+0.112); внешних групп 2 (+0.062); 1–2д 0% (+0.000); цикл +0.00
100000006789108100,1,False,1,0,37500.0,0.0,1,0,5,0,0.0,0.0,0,0.00028969314885594373,0.0,True,False,11,False,1,1.0,terminal,0.55,1.0,in=1/37500 KZT; out=0/0 KZT; tx=1/0; d=1; нет выхода в наблюдаемой выборке,0.15494813219423714,0.029007293138962602,0.14421141086977404,0.0,0.0,0.0,0.328167,Оборот 37500 (+0.155); связей 1 (+0.029); seed 5 (+0.144); внешних групп 0 (+0.000); 1–2д 0% (+0.000); цикл +0.00
100000006831291100,0,True,0,1,0.0,15000.0,0,3,0,0,0.0,0.0,0,0.0002840372852618645,0.0,False,False,83,False,3,0.3333333333333333,peripheral,0.4,1.0,in=0/0 KZT; out=1/15000 KZT; tx=0/3; d=0; недостаточно признаков других ролей,0.14146829138193068,0.029007293138962602,0.0,0.0,0.0,0.0,0.170476,Оборот 15000 (+0.141); связей 1 (+0.029); seed 0 (+0.000); внешних групп 0 (+0.000); 1–2д 0% (+0.000); цикл +0.00
100000006844004100,3,False,1,0,20600.0,0.0,1,0,1,0,0.0,0.0,0,0.0005421888779571068,0.0,True,False,0,False,1,1.0,terminal,0.55,1.0,in=1/20600 KZT; out=0/0 KZT; tx=1/0; d=3; нет выхода в наблюдаемой выборке,0.14613525867786634,0.029007293138962602,0.05578858913022596,0.0,0.0,0.0,0.230931,Оборот 20600 (+0.146); связей 1 (+0.029); seed 1 (+0.056); внешних групп 0 (+0.000); 1–2д 0% (+0.000); цикл +0.00
100000006844768100,2,False,1,2,282000.0,188000.0,5,5,3,0,13000.0,0.04609929078014184,1,0.0013732569512926078,0.6666666666666666,True,False,0,True,9,0.2,peripheral,0.4,1.0,in=1/282000 KZT; out=2/188000 KZT; tx=5/5; d=2; недостаточно признаков других ролей,0.1921453604495916,0.058014586277925204,0.11157717826045192,0.0,0.004609929078014184,0.1,0.466347,Оборот 470000 (+0.192); связей 3 (+0.058); seed 3 (+0.112); внешних групп 0 (+0.000); 1–2д 5% (+0.005); цикл +0.10
100000006852430100,2,False,1,0,37000.0,0.0,1,0,8,0,0.0,0.0,0,0.0005330214737035198,0.0,True,False,11,False,1,1.0,terminal,0.55,1.0,in=1/37000 KZT; out=0/0 KZT; tx=1/0; d=2; нет выхода в наблюдаемой выборке,0.15475065860631537,0.029007293138962602,0.17684564347909615,0.0,0.0,0.0,0.360604,Оборот 37000 (+0.155); связей 1 (+0.029); seed 8 (+0.177); внешних групп 0 (+0.000); 1–2д 0% (+0.000); цикл +0.00
100000006866783100,0,True,13,67,838812.0,3948037.0,31,90,3,13,838812.0,1.0,12,0.0008647971860188414,4.706700667133994,True,False,0,True,16,0.15702479338842976,coordinator,0.75,1.0,in=13/838812 KZT; out=67/3948037 KZT; tx=31/90; d=0; связь с 3 seed и 13 внеш. группами,0.2262902374546468,0.18390188749072725,0.11157717826045192,0.15,0.0,0.1,0.771769,Оборот 4786849 (+0.226); связей 80 (+0.184); seed 3 (+0.112); внешних групп 13 (+0.150); 1–2д 100% (+0.000); цикл +0.10
100000006866831100,4,False,1,0,16500.0,0.0,1,0,1,0,0.0,0.0,0,0.00036559311460944465,0.0,True,True,0,False,1,1.0,peripheral,0.2,1.0,in=1/16500 KZT; out=0/0 KZT; tx=1/0; d=4; граница выгрузки; роль неизвестна,0.14287040143045776,0.029007293138962602,0.05578858913022596,0.0,0.0,0.0,0.227666,Оборот 16500 (+0.143); связей 1 (+0.029); seed 1 (+0.056); внешних групп 0 (+0.000); 1–2д 0% (+0.000); цикл +0.00
100000006882208100,3,False,1,0,18000.0,0.0,1,0,2,0,0.0,0.0,0,0.0006353214041413289,0.0,True,False,16,False,1,1.0,terminal,0.55,1.0,in=1/18000 KZT; out=0/0 KZT; tx=1/0; d=3; нет выхода в наблюдаемой выборке,0.144150434713314,0.029007293138962602,0.08842282173954807,0.0,0.0,0.0,0.261581,Оборот 18000 (+0.144); связей 1 (+0.029); seed 2 (+0.088); внешних групп 0 (+0.000); 1–2д 0% (+0.000); цикл +0.00
100000006888238100,2,False,1,1,18000.0,30000.0,1,1,1,0,0.0,0.0,0,0.0006050016288488285,1.6666666666666667,True,False,52,False,2,0.5,peripheral,0.4,1.0,in=1/18000 KZT; out=1/30000 KZT; tx=1/1; d=2; недостаточно признаков других ролей,0.15857984107081075,0.04597547187268181,0.05578858913022596,0.0,0.0,0.0,0.260344,Оборот 48000 (+0.159); связей 2 (+0.046); seed 1 (+0.056); внешних групп 0 (+0.000); 1–2д 0% (+0.000); цикл +0.00
100000006889963100,1,False,4,1,1431000.0,443475.8,6,3,9,3,226000.0,0.15793151642208245,2,0.0004246746188790644,0.30990621942697416,True,False,10,False,3,0.7777777777777778,consolidator,0.75,1.0,in=4/1431000 KZT; out=1/443476 KZT; tx=6/3; d=1; сбор; выход 31% наблюдаемого входа,0.21249714583014154,0.0749827650116444,0.18532568160582538,0.07879486051115807,0.015793151642208247,0.0,0.567394,Оборот 1874476 (+0.212); связей 5 (+0.075); seed 9 (+0.185); внешних групп 3 (+0.079); 1–2д 16% (+0.016); цикл +0.00
100000006894637100,3,False,1,0,52831.0,0.0,1,0,1,0,0.0,0.0,0,0.00028868681490399494,0.0,True,False,0,False,1,1.0,terminal,0.55,1.0,in=1/52831 KZT; out=0/0 KZT; tx=1/0; d=3; нет выхода в наблюдаемой выборке,0.15999064741749827,0.029007293138962602,0.05578858913022596,0.0,0.0,0.0,0.244787,Оборот 52831 (+0.160); связей 1 (+0.029); seed 1 (+0.056); внешних групп 0 (+0.000); 1–2д 0% (+0.000); цикл +0.00
100000006901046100,2,False,1,1,75800.0,5500.0,3,1,1,0,5500.0,0.07255936675461741,1,0.0031855614831532725,0.07255936675461741,True,False,16,True,3,0.5,peripheral,0.4,1.0,in=1/75800 KZT; out=1/5500 KZT; tx=3/1; d=2; недостаточно признаков других ролей,0.16633210746140434,0.04597547187268181,0.05578858913022596,0.0,0.007255936675461741,0.1,0.375352,Оборот 81300 (+0.166); связей 2 (+0.046); seed 1 (+0.056); внешних групп 0 (+0.000); 1–2д 7% (+0.007); цикл +0.10
100000006903193100,4,False,1,0,9000.0,0.0,1,0,2,0,0.0,0.0,0,0.00029995928488774353,0.0,True,True,0,False,1,1.0,peripheral,0.2,1.0,in=1/9000 KZT; out=0/0 KZT; tx=1/0; d=4; граница выгрузки; роль неизвестна,0.13395370090262443,0.029007293138962602,0.08842282173954807,0.0,0.0,0.0,0.251384,Оборот 9000 (+0.134); связей 1 (+0.029); seed 2 (+0.088); внешних групп 0 (+0.000); 1–2д 0% (+0.000); цикл +0.00
100000006912294100,2,False,1,2,6335.09,30000.0,1,2,1,0,0.0,0.0,0,0.0005094341950943377,4.7355286191672095,True,False,4,True,3,0.3333333333333333,peripheral,0.4,1.0,in=1/6335 KZT; out=2/30000 KZT; tx=1/2; d=2; недостаточно признаков других ролей,0.15448387968304933,0.058014586277925204,0.05578858913022596,0.0,0.0,0.1,0.368287,Оборот 36335 (+0.154); связей 3 (+0.058); seed 1 (+0.056); внешних групп 0 (+0.000); 1–2д 0% (+0.000); цикл +0.10
100000006918814100,4,False,1,0,20000.0,0.0,2,0,1,0,0.0,0.0,0,0.0003026730003673355,0.0,True,True,2,False,2,0.5,peripheral,0.2,1.0,in=1/20000 KZT; out=0/0 KZT; tx=2/0; d=4; граница выгрузки; роль неизвестна,0.14570041229327152,0.029007293138962602,0.05578858913022596,0.0,0.0,0.0,0.230496,Оборот 20000 (+0.146); связей 1 (+0.029); seed 1 (+0.056); внешних групп 0 (+0.000); 1–2д 0% (+0.000); цикл +0.00
100000006919124100,3,False,1,0,25000.0,0.0,1,0,2,0,0.0,0.0,0,0.00028543545596171154,0.0,True,False,0,False,1,1.0,terminal,0.55,1.0,in=1/25000 KZT; out=0/0 KZT; tx=1/0; d=3; нет выхода в наблюдаемой выборке,0.14898314336993435,0.029007293138962602,0.08842282173954807,0.0,0.0,0.0,0.266413,Оборот 25000 (+0.149); связей 1 (+0.029); seed 2 (+0.088); внешних групп 0 (+0.000); 1–2д 0% (+0.000); цикл +0.00
100000006952718100,1,False,1,0,71489.0,0.0,1,0,2,0,0.0,0.0,0,0.0002916730841965277,0.0,True,False,16,False,1,1.0,terminal,0.55,1.0,in=1/71489 KZT; out=0/0 KZT; tx=1/0; d=1; нет выхода в наблюдаемой выборке,0.1644401390330317,0.029007293138962602,0.08842282173954807,0.0,0.0,0.0,0.28187,Оборот 71489 (+0.164); связей 1 (+0.029); seed 2 (+0.088); внешних групп 0 (+0.000); 1–2д 0% (+0.000); цикл +0.00
100000006965162100,3,False,1,0,10000.0,0.0,1,0,1,0,0.0,0.0,0,0.00030752950980908174,0.0,True,False,15,False,1,1.0,terminal,0.55,1.0,in=1/10000 KZT; out=0/0 KZT; tx=1/0; d=3; нет выхода в наблюдаемой выборке,0.13550359676243048,0.029007293138962602,0.05578858913022596,0.0,0.0,0.0,0.220299,Оборот 10000 (+0.136); связей 1 (+0.029); seed 1 (+0.056); внешних групп 0 (+0.000); 1–2д 0% (+0.000); цикл +0.00
100000006967370100,3,False,1,1,33225.0,13526.27,1,1,1,0,0.0,0.0,0,0.0002920066314584195,0.40711121143717083,True,False,28,False,1,1.0,peripheral,0.4,1.0,in=1/33225 KZT; out=1/13526 KZT; tx=1/1; d=3; недостаточно признаков других ролей,0.15819204812285823,0.04597547187268181,0.05578858913022596,0.0,0.0,0.0,0.259956,Оборот 46751 (+0.158); связей 2 (+0.046); seed 1 (+0.056); внешних групп 0 (+0.000); 1–2д 0% (+0.000); цикл +0.00
100000006972210100,1,False,3,0,488775.0,0.0,4,0,7,2,0.0,0.0,0,0.00034438116394161137,0.0,True,False,4,False,4,0.25,consolidator,0.75,0.6666666666666666,in=3/488775 KZT; out=0/0 KZT; tx=4/0; d=1; сбор; выход 0% наблюдаемого входа,0.1927216201956407,0.058014586277925204,0.1673657673906779,0.062443449579869886,0.0,0.0,0.480545,Оборот 488775 (+0.193); связей 3 (+0.058); seed 7 (+0.167); внешних групп 2 (+0.062); 1–2д 0% (+0.000); цикл +0.00
100000006977207100,2,False,1,15,414000.0,4157018.0,1,15,1,2,0.0,0.0,0,0.0003458853607987953,10.041106280193237,True,False,35,False,11,0.25,distributor,0.8,1.0,in=1/414000 KZT; out=15/4157018 KZT; tx=1/15; d=2; рассылка многим получателям,0.22561148047049495,0.11856623283076556,0.05578858913022596,0.062443449579869886,0.0,0.0,0.46241,Оборот 4571018 (+0.226); связей 16 (+0.119); seed 1 (+0.056); внешних групп 2 (+0.062); 1–2д 0% (+0.000); цикл +0.00
100000006989106100,2,False,1,0,64000.0,0.0,2,0,1,0,0.0,0.0,0,0.0004927307779303078,0.0,True,False,1,False,2,0.5,terminal,0.55,1.0,in=1/64000 KZT; out=0/0 KZT; tx=2/0; d=2; нет выхода в наблюдаемой выборке,0.16281213054374585,0.029007293138962602,0.05578858913022596,0.0,0.0,0.0,0.247608,Оборот 64000 (+0.163); связей 1 (+0.029); seed 1 (+0.056); внешних групп 0 (+0.000); 1–2д 0% (+0.000); цикл +0.00
100000006989232100,3,False,1,0,22194.0,0.0,1,0,1,0,0.0,0.0,0,0.0002859905259894192,0.0,True,False,0,False,1,1.0,terminal,0.55,1.0,in=1/22194 KZT; out=0/0 KZT; tx=1/0; d=3; нет выхода в наблюдаемой выборке,0.1472317028284451,0.029007293138962602,0.05578858913022596,0.0,0.0,0.0,0.232028,Оборот 22194 (+0.147); связей 1 (+0.029); seed 1 (+0.056); внешних групп 0 (+0.000); 1–2д 0% (+0.000); цикл +0.00
100000006994985100,2,False,1,1,48500.0,10200.0,2,2,3,0,10200.0,0.21030927835051547,2,0.0004983232677926435,0.21030927835051547,True,False,41,False,4,0.25,peripheral,0.4,1.0,in=1/48500 KZT; out=1/10200 KZT; tx=2/2; d=2; недостаточно признаков других ролей,0.16154040040959794,0.04597547187268181,0.11157717826045192,0.0,0.021030927835051547,0.0,0.340124,Оборот 58700 (+0.162); связей 2 (+0.046); seed 3 (+0.112); внешних групп 0 (+0.000); 1–2д 21% (+0.021); цикл +0.00
100000007005380100,3,False,1,0,9400.0,0.0,1,0,1,0,0.0,0.0,0,0.00030144145395321356,0.0,True,False,10,False,1,1.0,terminal,0.55,1.0,in=1/9400 KZT; out=0/0 KZT; tx=1/0; d=3; нет выхода в наблюдаемой выборке,0.13459338241940574,0.029007293138962602,0.05578858913022596,0.0,0.0,0.0,0.219389,Оборот 9400 (+0.135); связей 1 (+0.029); seed 1 (+0.056); внешних групп 0 (+0.000); 1–2д 0% (+0.000); цикл +0.00
100000007018630100,0,True,0,1,0.0,200000.0,0,5,0,0,0.0,0.0,0,0.0002840372852618645,0.0,False,False,37,False,3,0.6,peripheral,0.4,1.0,in=0/0 KZT; out=1/200000 KZT; tx=0/5; d=0; недостаточно признаков других ролей,0.17957528168352788,0.029007293138962602,0.0,0.0,0.0,0.0,0.208583,Оборот 200000 (+0.180); связей 1 (+0.029); seed 0 (+0.000); внешних групп 0 (+0.000); 1–2д 0% (+0.000); цикл +0.00
100000007020162100,3,False,1,0,86395.0,0.0,1,0,1,0,0.0,0.0,0,0.00030837340227891577,0.0,True,False,40,False,1,1.0,terminal,0.55,1.0,in=1/86395 KZT; out=0/0 KZT; tx=1/0; d=3; нет выхода в наблюдаемой выборке,0.16722634521481342,0.029007293138962602,0.05578858913022596,0.0,0.0,0.0,0.252022,Оборот 86395 (+0.167); связей 1 (+0.029); seed 1 (+0.056); внешних групп 0 (+0.000); 1–2д 0% (+0.000); цикл +0.00
100000007022818100,3,False,1,0,17200.0,0.0,1,0,1,0,0.0,0.0,0,0.00028670215218414474,0.0,True,False,22,False,1,1.0,terminal,0.55,1.0,in=1/17200 KZT; out=0/0 KZT; tx=1/0; d=3; нет выхода в наблюдаемой выборке,0.14348163226297123,0.029007293138962602,0.05578858913022596,0.0,0.0,0.0,0.228278,Оборот 17200 (+0.143); связей 1 (+0.029); seed 1 (+0.056); внешних групп 0 (+0.000); 1–2д 0% (+0.000); цикл +0.00
100000007034089100,4,False,2,0,198000.0,0.0,2,0,2,0,0.0,0.0,0,0.00031935729854859116,0.0,True,True,4,False,1,1.0,peripheral,0.2,1.0,in=2/198000 KZT; out=0/0 KZT; tx=2/0; d=4; граница выгрузки; роль неизвестна,0.17942742232404263,0.04597547187268181,0.08842282173954807,0.0,0.0,0.0,0.313826,Оборот 198000 (+0.179); связей 2 (+0.046); seed 2 (+0.088); внешних групп 0 (+0.000); 1–2д 0% (+0.000); цикл +0.00
100000007042175100,4,False,1,0,60000.0,0.0,1,0,2,0,0.0,0.0,0,0.0005308408739127931,0.0,True,True,0,False,1,1.0,peripheral,0.2,1.0,in=1/60000 KZT; out=0/0 KZT; tx=1/0; d=4; граница выгрузки; роль неизвестна,0.16186265796174829,0.029007293138962602,0.08842282173954807,0.0,0.0,0.0,0.279293,Оборот 60000 (+0.162); связей 1 (+0.029); seed 2 (+0.088); внешних групп 0 (+0.000); 1–2д 0% (+0.000); цикл +0.00
100000007055802100,1,False,6,1,2024999.0,605000.0,34,7,3,2,238000.0,0.11753092223749247,7,0.0011709473489680089,0.29876557963732325,True,False,0,True,10,0.24390243902439024,consolidator,0.75,1.0,in=6/2024999 KZT; out=1/605000 KZT; tx=34/7; d=1; сбор; выход 30% наблюдаемого входа,0.2174794126093351,0.08702187941688781,0.11157717826045192,0.062443449579869886,0.011753092223749248,0.1,0.590275,Оборот 2629999 (+0.217); связей 7 (+0.087); seed 3 (+0.112); внешних групп 2 (+0.062); 1–2д 12% (+0.012); цикл +0.10
100000007071852100,4,False,1,0,195000.0,0.0,1,0,2,0,0.0,0.0,0,0.00044093304440119324,0.0,True,True,8,False,1,1.0,peripheral,0.2,1.0,in=1/195000 KZT; out=0/0 KZT; tx=1/0; d=4; граница выгрузки; роль неизвестна,0.1792028090833964,0.029007293138962602,0.08842282173954807,0.0,0.0,0.0,0.296633,Оборот 195000 (+0.179); связей 1 (+0.029); seed 2 (+0.088); внешних групп 0 (+0.000); 1–2д 0% (+0.000); цикл +0.00
100000007129492100,1,False,2,1,50990.0,37000.0,2,1,8,1,0.0,0.0,0,0.0002929225746291105,0.725632476956266,True,False,11,False,2,0.6666666666666666,peripheral,0.4,1.0,in=2/50990 KZT; out=1/37000 KZT; tx=2/1; d=1; недостаточно признаков других ролей,0.16749547335820786,0.058014586277925204,0.17684564347909615,0.039397430255579034,0.0,0.0,0.441753,Оборот 87990 (+0.167); связей 3 (+0.058); seed 8 (+0.177); внешних групп 1 (+0.039); 1–2д 0% (+0.000); цикл +0.00
100000007131370100,3,False,1,1,30000.0,30000.0,1,1,3,0,0.0,0.0,0,0.000892360014782452,1.0,True,False,3,True,2,0.5,peripheral,0.4,1.0,in=1/30000 KZT; out=1/30000 KZT; tx=1/1; d=3; недостаточно признаков других ролей,0.16186265796174829,0.04597547187268181,0.11157717826045192,0.0,0.0,0.1,0.419415,Оборот 60000 (+0.162); связей 2 (+0.046); seed 3 (+0.112); внешних групп 0 (+0.000); 1–2д 0% (+0.000); цикл +0.10
100000007138613100,3,False,3,2,1002000.0,179000.0,3,2,3,1,0.0,0.0,0,0.0003521481059614025,0.17864271457085829,True,False,0,False,5,0.2,peripheral,0.4,1.0,in=3/1002000 KZT; out=2/179000 KZT; tx=3/2; d=3; недостаточно признаков других ролей,0.2057007045937032,0.0749827650116444,0.11157717826045192,0.039397430255579034,0.0,0.0,0.431658,Оборот 1181000 (+0.206); связей 5 (+0.075); seed 3 (+0.112); внешних групп 1 (+0.039); 1–2д 0% (+0.000); цикл +0.00
100000007140834100,3,False,1,0,10200.0,0.0,2,0,1,0,0.0,0.0,0,0.0007076120628983662,0.0,True,False,41,False,2,0.5,terminal,0.55,1.0,in=1/10200 KZT; out=0/0 KZT; tx=2/0; d=3; нет выхода в наблюдаемой выборке,0.13579490330696634,0.029007293138962602,0.05578858913022596,0.0,0.0,0.0,0.220591,Оборот 10200 (+0.136); связей 1 (+0.029); seed 1 (+0.056); внешних групп 0 (+0.000); 1–2д 0% (+0.000); цикл +0.00
100000007153161100,4,False,1,0,44997.0,0.0,1,0,2,0,0.0,0.0,0,0.0005278078376878101,0.0,True,True,0,False,1,1.0,peripheral,0.2,1.0,in=1/44997 KZT; out=0/0 KZT; tx=1/0; d=4; граница выгрузки; роль неизвестна,0.15762939278894977,0.029007293138962602,0.08842282173954807,0.0,0.0,0.0,0.27506,Оборот 44997 (+0.158); связей 1 (+0.029); seed 2 (+0.088); внешних групп 0 (+0.000); 1–2д 0% (+0.000); цикл +0.00
100000007170072100,3,False,1,2,100000.0,99500.0,1,9,1,0,99500.0,0.995,1,0.0003059555958201582,0.995,True,False,8,False,2,0.9,transit,0.65,1.0,in=1/100000 KZT; out=2/99500 KZT; tx=1/9; d=3; вход≈выход; сценарий 1–2д 100% входа,0.1795384559253476,0.058014586277925204,0.05578858913022596,0.0,0.0995,0.0,0.392842,Оборот 199500 (+0.180); связей 3 (+0.058); seed 1 (+0.056); внешних групп 0 (+0.000); 1–2д 100% (+0.100); цикл +0.00
100000007173936100,2,False,1,0,10000.0,0.0,1,0,3,0,0.0,0.0,0,0.00028527518690363155,0.0,True,False,33,False,1,1.0,terminal,0.55,1.0,in=1/10000 KZT; out=0/0 KZT; tx=1/0; d=2; нет выхода в наблюдаемой выборке,0.13550359676243048,0.029007293138962602,0.11157717826045192,0.0,0.0,0.0,0.276088,Оборот 10000 (+0.136); связей 1 (+0.029); seed 3 (+0.112); внешних групп 0 (+0.000); 1–2д 0% (+0.000); цикл +0.00
100000007175718100,1,False,1,0,20000.0,0.0,1,0,1,0,0.0,0.0,0,0.0003015396280843565,0.0,True,False,55,False,1,1.0,terminal,0.55,1.0,in=1/20000 KZT; out=0/0 KZT; tx=1/0; d=1; нет выхода в наблюдаемой выборке,0.14570041229327152,0.029007293138962602,0.05578858913022596,0.0,0.0,0.0,0.230496,Оборот 20000 (+0.146); связей 1 (+0.029); seed 1 (+0.056); внешних групп 0 (+0.000); 1–2д 0% (+0.000); цикл +0.00
100000007181706100,1,False,2,0,176272.0,0.0,2,0,4,1,0.0,0.0,0,0.0003172641025580604,0.0,True,False,2,False,1,1.0,terminal,0.55,1.0,in=2/176272 KZT; out=0/0 KZT; tx=2/0; d=1; нет выхода в наблюдаемой выборке,0.17771733171066426,0.04597547187268181,0.12953709247559939,0.039397430255579034,0.0,0.0,0.392627,Оборот 176272 (+0.178); связей 2 (+0.046); seed 4 (+0.130); внешних групп 1 (+0.039); 1–2д 0% (+0.000); цикл +0.00
100000007197866100,3,False,1,1,20000.0,15000.0,1,1,1,0,0.0,0.0,0,0.000288074402163333,0.75,True,False,8,False,1,1.0,peripheral,0.4,1.0,in=1/20000 KZT; out=1/15000 KZT; tx=1/1; d=3; недостаточно признаков других ролей,0.1539331401015672,0.04597547187268181,0.05578858913022596,0.0,0.0,0.0,0.255697,Оборот 35000 (+0.154); связей 2 (+0.046); seed 1 (+0.056); внешних групп 0 (+0.000); 1–2д 0% (+0.000); цикл +0.00
100000007229557100,3,False,3,0,878000.0,0.0,3,0,4,1,0.0,0.0,0,0.0003919496099344549,0.0,True,False,46,False,1,1.0,consolidator,0.75,0.6666666666666666,in=3/878000 KZT; out=0/0 KZT; tx=3/0; d=3; сбор; выход 0% наблюдаемого входа,0.20133905191546358,0.058014586277925204,0.12953709247559939,0.039397430255579034,0.0,0.0,0.428288,Оборот 878000 (+0.201); связей 3 (+0.058); seed 4 (+0.130); внешних групп 1 (+0.039); 1–2д 0% (+0.000); цикл +0.00
100000007242833100,2,False,1,1,107500.0,45000.0,3,2,3,0,45000.0,0.4186046511627907,1,0.0005106788435941849,0.4186046511627907,True,False,7,False,2,0.6,peripheral,0.4,1.0,in=1/107500 KZT; out=1/45000 KZT; tx=3/2; d=2; недостаточно признаков других ролей,0.17558611686816367,0.04597547187268181,0.11157717826045192,0.0,0.041860465116279076,0.0,0.374999,Оборот 152500 (+0.176); связей 2 (+0.046); seed 3 (+0.112); внешних групп 0 (+0.000); 1–2д 42% (+0.042); цикл +0.00
100000007267915100,3,False,2,1,21000.0,10000.0,3,1,1,1,5000.0,0.23809523809523808,1,0.00028981987044204605,0.47619047619047616,True,False,28,False,4,0.25,peripheral,0.4,1.0,in=2/21000 KZT; out=1/10000 KZT; tx=3/1; d=3; недостаточно признаков других ролей,0.15214773870512882,0.058014586277925204,0.05578858913022596,0.039397430255579034,0.023809523809523808,0.0,0.329158,Оборот 31000 (+0.152); связей 3 (+0.058); seed 1 (+0.056); внешних групп 1 (+0.039); 1–2д 24% (+0.024); цикл +0.00
100000007274584100,1,False,1,0,38000.0,0.0,1,0,4,0,0.0,0.0,0,0.0002915846914971083,0.0,True,False,2,False,1,1.0,terminal,0.55,1.0,in=1/38000 KZT; out=0/0 KZT; tx=1/0; d=1; нет выхода в наблюдаемой выборке,0.1551429902302475,0.029007293138962602,0.12953709247559939,0.0,0.0,0.0,0.313687,Оборот 38000 (+0.155); связей 1 (+0.029); seed 4 (+0.130); внешних групп 0 (+0.000); 1–2д 0% (+0.000); цикл +0.00
100000007281639100,1,False,2,0,216770.0,0.0,4,0,3,1,0.0,0.0,0,0.00032176383372643644,0.0,True,False,16,False,4,0.25,terminal,0.55,1.0,in=2/216770 KZT; out=0/0 KZT; tx=4/0; d=1; нет выхода в наблюдаемой выборке,0.1807598756140763,0.04597547187268181,0.11157717826045192,0.039397430255579034,0.0,0.0,0.37771,Оборот 216770 (+0.181); связей 2 (+0.046); seed 3 (+0.112); внешних групп 1 (+0.039); 1–2д 0% (+0.000); цикл +0.00
100000007283257100,1,False,1,0,192000.0,0.0,7,0,1,0,0.0,0.0,0,0.0003868616858066518,0.0,True,False,73,False,2,0.5714285714285714,terminal,0.55,1.0,in=1/192000 KZT; out=0/0 KZT; tx=7/0; d=1; нет выхода в наблюдаемой выборке,0.1789747133464729,0.029007293138962602,0.05578858913022596,0.0,0.0,0.0,0.263771,Оборот 192000 (+0.179); связей 1 (+0.029); seed 1 (+0.056); внешних групп 0 (+0.000); 1–2д 0% (+0.000); цикл +0.00
100000007289427100,2,False,1,0,12300.0,0.0,1,0,1,0,0.0,0.0,0,0.0003715157134031629,0.0,True,False,2,False,1,1.0,terminal,0.55,1.0,in=1/12300 KZT; out=0/0 KZT; tx=1/0; d=2; нет выхода в наблюдаемой выборке,0.13854890511223597,0.029007293138962602,0.05578858913022596,0.0,0.0,0.0,0.223345,Оборот 12300 (+0.139); связей 1 (+0.029); seed 1 (+0.056); внешних групп 0 (+0.000); 1–2д 0% (+0.000); цикл +0.00
100000007303047100,3,False,1,0,52250.0,0.0,1,0,1,0,0.0,0.0,0,0.00029213259320890774,0.0,True,False,22,False,1,1.0,terminal,0.55,1.0,in=1/52250 KZT; out=0/0 KZT; tx=1/0; d=3; нет выхода в наблюдаемой выборке,0.1598279620402753,0.029007293138962602,0.05578858913022596,0.0,0.0,0.0,0.244624,Оборот 52250 (+0.160); связей 1 (+0.029); seed 1 (+0.056); внешних групп 0 (+0.000); 1–2д 0% (+0.000); цикл +0.00
100000007311010100,1,False,2,1,64480.0,20000.0,2,1,4,0,0.0,0.0,0,0.0003076428420718717,0.31017369727047145,True,False,2,False,3,0.3333333333333333,peripheral,0.4,1.0,in=2/64480 KZT; out=1/20000 KZT; tx=2/1; d=1; недостаточно признаков других ролей,0.16689658081120506,0.058014586277925204,0.12953709247559939,0.0,0.0,0.0,0.354448,Оборот 84480 (+0.167); связей 3 (+0.058); seed 4 (+0.130); внешних групп 0 (+0.000); 1–2д 0% (+0.000); цикл +0.00
100000007322059100,2,False,2,1,29000.0,22500.0,2,2,1,0,0.0,0.0,0,0.0006748242549728319,0.7758620689655172,True,False,42,True,3,0.5,peripheral,0.4,1.0,in=2/29000 KZT; out=1/22500 KZT; tx=2/2; d=2; недостаточно признаков других ролей,0.15961525945194324,0.058014586277925204,0.05578858913022596,0.0,0.0,0.1,0.373418,Оборот 51500 (+0.160); связей 3 (+0.058); seed 1 (+0.056); внешних групп 0 (+0.000); 1–2д 0% (+0.000); цикл +0.10
100000007330432100,4,False,1,0,584900.0,0.0,1,0,1,0,0.0,0.0,0,0.0005349512612489913,0.0,True,True,84,False,1,1.0,peripheral,0.2,1.0,in=1/584900 KZT; out=0/0 KZT; tx=1/0; d=4; граница выгрузки; роль неизвестна,0.19536297976195172,0.029007293138962602,0.05578858913022596,0.0,0.0,0.0,0.280159,Оборот 584900 (+0.195); связей 1 (+0.029); seed 1 (+0.056); внешних групп 0 (+0.000); 1–2д 0% (+0.000); цикл +0.00
100000007333038100,3,False,1,2,17500.0,34994.0,1,2,1,0,0.0,0.0,0,0.00029806414550897885,1.9996571428571428,True,False,24,False,2,0.6666666666666666,peripheral,0.4,1.0,in=1/17500 KZT; out=2/34994 KZT; tx=1/2; d=3; недостаточно признаков других ролей,0.15989650353771778,0.058014586277925204,0.05578858913022596,0.0,0.0,0.0,0.2737,Оборот 52494 (+0.160); связей 3 (+0.058); seed 1 (+0.056); внешних групп 0 (+0.000); 1–2д 0% (+0.000); цикл +0.00
100000007334196100,1,False,1,0,150002.0,0.0,1,0,5,0,0.0,0.0,0,0.00030666104128423976,0.0,True,False,11,False,1,1.0,terminal,0.55,1.0,in=1/150002 KZT; out=0/0 KZT; tx=1/0; d=1; нет выхода в наблюдаемой выборке,0.17534313626380377,0.029007293138962602,0.14421141086977404,0.0,0.0,0.0,0.348562,Оборот 150002 (+0.175); связей 1 (+0.029); seed 5 (+0.144); внешних групп 0 (+0.000); 1–2д 0% (+0.000); цикл +0.00
100000007337374100,2,False,1,0,20000.0,0.0,2,0,1,0,0.0,0.0,0,0.0002907787483378161,0.0,True,False,22,False,2,0.5,terminal,0.55,1.0,in=1/20000 KZT; out=0/0 KZT; tx=2/0; d=2; нет выхода в наблюдаемой выборке,0.14570041229327152,0.029007293138962602,0.05578858913022596,0.0,0.0,0.0,0.230496,Оборот 20000 (+0.146); связей 1 (+0.029); seed 1 (+0.056); внешних групп 0 (+0.000); 1–2д 0% (+0.000); цикл +0.00
100000007347733100,1,False,1,0,23007.0,0.0,1,0,1,0,0.0,0.0,0,0.00034375987548483747,0.0,True,False,83,False,1,1.0,terminal,0.55,1.0,in=1/23007 KZT; out=0/0 KZT; tx=1/0; d=1; нет выхода в наблюдаемой выборке,0.14776096462373722,0.029007293138962602,0.05578858913022596,0.0,0.0,0.0,0.232557,Оборот 23007 (+0.148); связей 1 (+0.029); seed 1 (+0.056); внешних групп 0 (+0.000); 1–2д 0% (+0.000); цикл +0.00
100000007357489100,4,False,2,0,164500.0,0.0,2,0,2,0,0.0,0.0,0,0.000311249651086063,0.0,True,True,4,False,1,1.0,peripheral,0.2,1.0,in=2/164500 KZT; out=0/0 KZT; tx=2/0; d=4; граница выгрузки; роль неизвестна,0.1767004812972287,0.04597547187268181,0.08842282173954807,0.0,0.0,0.0,0.311099,Оборот 164500 (+0.177); связей 2 (+0.046); seed 2 (+0.088); внешних групп 0 (+0.000); 1–2д 0% (+0.000); цикл +0.00
100000007381662100,4,False,1,0,11000.0,0.0,1,0,2,0,0.0,0.0,0,0.00029522818642091454,0.0,True,True,0,False,1,1.0,peripheral,0.2,1.0,in=1/11000 KZT; out=0/0 KZT; tx=1/0; d=4; граница выгрузки; роль неизвестна,0.13690566223636327,0.029007293138962602,0.08842282173954807,0.0,0.0,0.0,0.254336,Оборот 11000 (+0.137); связей 1 (+0.029); seed 2 (+0.088); внешних групп 0 (+0.000); 1–2д 0% (+0.000); цикл +0.00
100000007382152100,2,False,1,0,5860.0,0.0,1,0,2,0,0.0,0.0,0,0.0002849426939208391,0.0,True,False,0,False,1,1.0,terminal,0.55,1.0,in=1/5860 KZT; out=0/0 KZT; tx=1/0; d=2; нет выхода в наблюдаемой выборке,0.1276420443999836,0.029007293138962602,0.08842282173954807,0.0,0.0,0.0,0.245072,Оборот 5860 (+0.128); связей 1 (+0.029); seed 2 (+0.088); внешних групп 0 (+0.000); 1–2д 0% (+0.000); цикл +0.00
100000007382543100,2,False,3,5,218000.0,427000.0,3,8,1,1,0.0,0.0,0,0.0011801388095495223,1.9587155963302751,True,False,15,True,9,0.18181818181818182,peripheral,0.4,0.6666666666666666,in=3/218000 KZT; out=5/427000 KZT; tx=3/8; d=2; недостаточно признаков других ролей,0.19680194540112161,0.09195094374536363,0.05578858913022596,0.039397430255579034,0.0,0.1,0.483939,Оборот 645000 (+0.197); связей 8 (+0.092); seed 1 (+0.056); внешних групп 1 (+0.039); 1–2д 0% (+0.000); цикл +0.10
100000007390016100,3,False,1,1,511000.0,346500.0,13,14,3,0,95000.0,0.18590998043052837,1,0.0019379856150087027,0.678082191780822,True,False,85,True,7,0.2962962962962963,peripheral,0.4,1.0,in=1/511000 KZT; out=1/346500 KZT; tx=13/14; d=3; недостаточно признаков других ролей,0.20099147624747066,0.04597547187268181,0.11157717826045192,0.0,0.018590998043052837,0.1,0.477135,Оборот 857500 (+0.201); связей 2 (+0.046); seed 3 (+0.112); внешних групп 0 (+0.000); 1–2д 19% (+0.019); цикл +0.10
100000007392365100,3,False,1,6,9613.0,1765600.0,1,9,2,1,0.0,0.0,0,0.00028457490985936965,183.66794965151357,True,False,65,False,9,0.2,distributor,0.8,1.0,in=1/9613 KZT; out=6/1765600 KZT; tx=1/9; d=3; рассылка многим получателям,0.21169668885994364,0.08702187941688781,0.08842282173954807,0.039397430255579034,0.0,0.0,0.426539,Оборот 1775213 (+0.212); связей 7 (+0.087); seed 2 (+0.088); внешних групп 1 (+0.039); 1–2д 0% (+0.000); цикл +0.00
100000007442518100,1,False,5,9,510000.0,4419999.0,8,12,4,4,335000.0,0.6568627450980392,3,0.0006437087080557985,8.666664705882352,True,False,33,True,13,0.15,coordinator,0.75,0.6666666666666666,in=5/510000 KZT; out=9/4419999 KZT; tx=8/12; d=1; связь с 4 seed и 4 внеш. группами,0.2267237460368816,0.1133283207686725,0.12953709247559939,0.09147800017679435,0.06568627450980392,0.1,0.726753,Оборот 4929999 (+0.227); связей 14 (+0.113); seed 4 (+0.130); внешних групп 4 (+0.091); 1–2д 66% (+0.066); цикл +0.10
100000007472293100,3,False,1,3,5000.0,345900.0,1,3,3,1,0.0,0.0,0,0.00028479576663689585,69.18,True,False,60,False,2,0.75,peripheral,0.4,1.0,in=1/5000 KZT; out=3/345900 KZT; tx=1/3; d=3; недостаточно признаков других ролей,0.18784607529096517,0.06735284889599069,0.11157717826045192,0.039397430255579034,0.0,0.0,0.406174,Оборот 350900 (+0.188); связей 4 (+0.067); seed 3 (+0.112); внешних групп 1 (+0.039); 1–2д 0% (+0.000); цикл +0.00
100000007484343100,3,False,2,0,26757.0,0.0,2,0,2,0,0.0,0.0,0,0.00028757334299503684,0.0,True,False,0,False,1,1.0,terminal,0.55,1.0,in=2/26757 KZT; out=0/0 KZT; tx=2/0; d=3; нет выхода в наблюдаемой выборке,0.14998234516699988,0.04597547187268181,0.08842282173954807,0.0,0.0,0.0,0.284381,Оборот 26757 (+0.150); связей 2 (+0.046); seed 2 (+0.088); внешних групп 0 (+0.000); 1–2д 0% (+0.000); цикл +0.00
100000007487729100,3,False,1,0,25000.0,0.0,1,0,1,0,0.0,0.0,0,0.0002925243630806925,0.0,True,False,0,False,1,1.0,terminal,0.55,1.0,in=1/25000 KZT; out=0/0 KZT; tx=1/0; d=3; нет выхода в наблюдаемой выборке,0.14898314336993435,0.029007293138962602,0.05578858913022596,0.0,0.0,0.0,0.233779,Оборот 25000 (+0.149); связей 1 (+0.029); seed 1 (+0.056); внешних групп 0 (+0.000); 1–2д 0% (+0.000); цикл +0.00
100000007507343100,1,False,1,0,370000.0,0.0,1,0,1,0,0.0,0.0,0,0.0006410129310052363,0.0,True,False,58,False,1,1.0,terminal,0.55,1.0,in=1/370000 KZT; out=0/0 KZT; tx=1/0; d=1; нет выхода в наблюдаемой выборке,0.18862583216332404,0.029007293138962602,0.05578858913022596,0.0,0.0,0.0,0.273422,Оборот 370000 (+0.189); связей 1 (+0.029); seed 1 (+0.056); внешних групп 0 (+0.000); 1–2д 0% (+0.000); цикл +0.00
100000007510567100,4,False,1,0,52000.0,0.0,1,0,2,0,0.0,0.0,0,0.0003033545599836172,0.0,True,True,18,False,1,1.0,peripheral,0.2,1.0,in=1/52000 KZT; out=0/0 KZT; tx=1/0; d=4; граница выгрузки; роль неизвестна,0.1597574023168946,0.029007293138962602,0.08842282173954807,0.0,0.0,0.0,0.277188,Оборот 52000 (+0.160); связей 1 (+0.029); seed 2 (+0.088); внешних групп 0 (+0.000); 1–2д 0% (+0.000); цикл +0.00
100000007510875100,3,False,1,0,5000.0,0.0,1,0,1,0,0.0,0.0,0,0.00035620712955415277,0.0,True,False,4,False,1,1.0,terminal,0.55,1.0,in=1/5000 KZT; out=0/0 KZT; tx=1/0; d=3; нет выхода в наблюдаемой выборке,0.12530751666392811,0.029007293138962602,0.05578858913022596,0.0,0.0,0.0,0.210103,Оборот 5000 (+0.125); связей 1 (+0.029); seed 1 (+0.056); внешних групп 0 (+0.000); 1–2д 0% (+0.000); цикл +0.00
100000007511163100,1,False,2,3,63666.0,82052.0,2,3,2,1,0.0,0.0,0,0.0003376648480923285,1.2887883642760658,True,False,16,True,3,0.4,peripheral,0.4,1.0,in=2/63666 KZT; out=3/82052 KZT; tx=2/3; d=1; недостаточно признаков других ролей,0.1749168546174298,0.0749827650116444,0.08842282173954807,0.039397430255579034,0.0,0.1,0.47772,Оборот 145718 (+0.175); связей 5 (+0.075); seed 2 (+0.088); внешних групп 1 (+0.039); 1–2д 0% (+0.000); цикл +0.10
100000007511780100,4,False,1,0,155000.0,0.0,2,0,1,0,0.0,0.0,0,0.0005564054031699688,0.0,True,True,0,False,2,0.5,peripheral,0.2,1.0,in=1/155000 KZT; out=0/0 KZT; tx=2/0; d=4; граница выгрузки; роль неизвестна,0.17582533938568062,0.029007293138962602,0.05578858913022596,0.0,0.0,0.0,0.260621,Оборот 155000 (+0.176); связей 1 (+0.029); seed 1 (+0.056); внешних групп 0 (+0.000); 1–2д 0% (+0.000); цикл +0.00
100000007534354100,2,False,1,3,50000.0,147810.0,1,3,1,1,0.0,0.0,0,0.00030189838088885365,2.9562,True,False,24,False,3,0.5,peripheral,0.4,1.0,in=1/50000 KZT; out=3/147810 KZT; tx=1/3; d=2; недостаточно признаков других ролей,0.1794132980836272,0.06735284889599069,0.05578858913022596,0.039397430255579034,0.0,0.0,0.341952,Оборот 197810 (+0.179); связей 4 (+0.067); seed 1 (+0.056); внешних групп 1 (+0.039); 1–2д 0% (+0.000); цикл +0.00
100000007536804100,1,False,1,2,100000.0,55000.0,1,2,1,0,45000.0,0.45,1,0.0002897341035010869,0.55,True,False,1,False,3,0.3333333333333333,peripheral,0.4,1.0,in=1/100000 KZT; out=2/55000 KZT; tx=1/2; d=1; недостаточно признаков других ролей,0.17582533938568062,0.058014586277925204,0.05578858913022596,0.0,0.045000000000000005,0.0,0.334629,Оборот 155000 (+0.176); связей 3 (+0.058); seed 1 (+0.056); внешних групп 0 (+0.000); 1–2д 45% (+0.045); цикл +0.00
100000007539296100,4,False,1,0,46000.0,0.0,2,0,1,0,0.0,0.0,0,0.0005539622865753432,0.0,True,True,10,False,2,0.5,peripheral,0.2,1.0,in=1/46000 KZT; out=0/0 KZT; tx=2/0; d=4; граница выгрузки; роль неизвестна,0.1579537192064216,0.029007293138962602,0.05578858913022596,0.0,0.0,0.0,0.24275,Оборот 46000 (+0.158); связей 1 (+0.029); seed 1 (+0.056); внешних групп 0 (+0.000); 1–2д 0% (+0.000); цикл +0.00
100000007544358100,1,False,2,1,322500.0,350000.0,2,3,2,0,0.0,0.0,0,0.00033866245513304236,1.0852713178294573,True,False,16,False,4,0.4,peripheral,0.4,1.0,in=2/322500 KZT; out=1/350000 KZT; tx=2/3; d=1; недостаточно признаков других ролей,0.19741619504981328,0.058014586277925204,0.08842282173954807,0.0,0.0,0.0,0.343854,Оборот 672500 (+0.197); связей 3 (+0.058); seed 2 (+0.088); внешних групп 0 (+0.000); 1–2д 0% (+0.000); цикл +0.00
100000007591246100,3,False,1,1,12190.0,120000.0,1,1,2,1,0.0,0.0,0,0.00029627166928618477,9.844134536505333,True,False,12,False,2,0.5,peripheral,0.4,1.0,in=1/12190 KZT; out=1/120000 KZT; tx=1/1; d=3; недостаточно признаков других ролей,0.17348343541275066,0.04597547187268181,0.08842282173954807,0.039397430255579034,0.0,0.0,0.347279,Оборот 132190 (+0.173); связей 2 (+0.046); seed 2 (+0.088); внешних групп 1 (+0.039); 1–2д 0% (+0.000); цикл +0.00
100000007593823100,3,False,3,13,25000.0,162900.0,3,21,4,4,10000.0,0.4,1,0.00028902098360165143,6.516,True,False,0,True,13,0.16666666666666666,distributor,0.8,1.0,in=3/25000 KZT; out=13/162900 KZT; tx=3/21; d=3; рассылка многим получателям,0.17865715059032164,0.11856623283076556,0.12953709247559939,0.09147800017679435,0.04000000000000001,0.1,0.658238,Оборот 187900 (+0.179); связей 16 (+0.119); seed 4 (+0.130); внешних групп 4 (+0.091); 1–2д 40% (+0.040); цикл +0.10
100000007594394100,2,False,6,1,395385.0,3376312.0,6,40,4,3,395385.0,1.0,5,0.00040315275740300895,8.539302199122375,True,False,43,True,19,0.10869565217391304,peripheral,0.4,1.0,in=6/395385 KZT; out=1/3376312 KZT; tx=6/40; d=2; недостаточно признаков других ролей,0.22278368271450597,0.08702187941688781,0.12953709247559939,0.07879486051115807,0.1,0.1,0.718138,Оборот 3771697 (+0.223); связей 7 (+0.087); seed 4 (+0.130); внешних групп 3 (+0.079); 1–2д 100% (+0.100); цикл +0.10
100000007597382100,3,False,1,0,15700.0,0.0,1,0,3,0,0.0,0.0,0,0.00028454189438068916,0.0,True,False,10,False,1,1.0,terminal,0.55,1.0,in=1/15700 KZT; out=0/0 KZT; tx=1/0; d=3; нет выхода в наблюдаемой выборке,0.14213926750620587,0.029007293138962602,0.11157717826045192,0.0,0.0,0.0,0.282724,Оборот 15700 (+0.142); связей 1 (+0.029); seed 3 (+0.112); внешних групп 0 (+0.000); 1–2д 0% (+0.000); цикл +0.00
100000007617808100,2,False,1,0,450000.0,0.0,1,0,4,0,0.0,0.0,0,0.00035806328109394493,0.0,True,False,16,False,1,1.0,terminal,0.55,1.0,in=1/450000 KZT; out=0/0 KZT; tx=1/0; d=2; нет выхода в наблюдаемой выборке,0.19150561077149508,0.029007293138962602,0.12953709247559939,0.0,0.0,0.0,0.35005,Оборот 450000 (+0.192); связей 1 (+0.029); seed 4 (+0.130); внешних групп 0 (+0.000); 1–2д 0% (+0.000); цикл +0.00
100000007618425100,3,False,1,0,39348.0,0.0,1,0,1,0,0.0,0.0,0,0.0002934752938139201,0.0,True,False,28,False,1,1.0,terminal,0.55,1.0,in=1/39348 KZT; out=0/0 KZT; tx=1/0; d=3; нет выхода в наблюдаемой выборке,0.1556558208764112,0.029007293138962602,0.05578858913022596,0.0,0.0,0.0,0.240452,Оборот 39348 (+0.156); связей 1 (+0.029); seed 1 (+0.056); внешних групп 0 (+0.000); 1–2д 0% (+0.000); цикл +0.00
100000007629096100,2,False,4,1,1075170.0,765205.0,5,5,3,1,548785.0,0.5104169573183776,2,0.0025321465547752573,0.7117060557865268,True,False,0,True,7,0.4,transit,0.65,0.6666666666666666,in=4/1075170 KZT; out=1/765205 KZT; tx=5/5; d=2; вход≈выход; сценарий 1–2д 51% входа,0.21222703899100498,0.0749827650116444,0.11157717826045192,0.039397430255579034,0.051041695731837755,0.1,0.589226,Оборот 1840375 (+0.212); связей 5 (+0.075); seed 3 (+0.112); внешних групп 1 (+0.039); 1–2д 51% (+0.051); цикл +0.10
100000007629121100,2,False,1,0,29000.0,0.0,1,0,4,0,0.0,0.0,0,0.0003937179531319173,0.0,True,False,2,False,1,1.0,terminal,0.55,1.0,in=1/29000 KZT; out=0/0 KZT; tx=1/0; d=2; нет выхода в наблюдаемой выборке,0.1511666108422302,0.029007293138962602,0.12953709247559939,0.0,0.0,0.0,0.309711,Оборот 29000 (+0.151); связей 1 (+0.029); seed 4 (+0.130); внешних групп 0 (+0.000); 1–2д 0% (+0.000); цикл +0.00
100000007631637100,1,False,1,0,15341.0,0.0,1,0,1,0,0.0,0.0,0,0.0002872329378738491,0.0,True,False,22,False,1,1.0,terminal,0.55,1.0,in=1/15341 KZT; out=0/0 KZT; tx=1/0; d=1; нет выхода в наблюдаемой выборке,0.14179897643854547,0.029007293138962602,0.05578858913022596,0.0,0.0,0.0,0.226595,Оборот 15341 (+0.142); связей 1 (+0.029); seed 1 (+0.056); внешних групп 0 (+0.000); 1–2д 0% (+0.000); цикл +0.00
100000007639767100,1,False,4,10,90913.0,822244.0,4,13,2,4,40027.0,0.4402780680430741,2,0.00029978262843867405,9.044295095310902,True,False,0,True,12,0.17647058823529413,distributor,0.8,0.6666666666666666,in=4/90913 KZT; out=10/822244 KZT; tx=4/13; d=1; рассылка многим получателям,0.20191666081325432,0.1133283207686725,0.08842282173954807,0.09147800017679435,0.044027806804307415,0.1,0.639174,Оборот 913157 (+0.202); связей 14 (+0.113); seed 2 (+0.088); внешних групп 4 (+0.091); 1–2д 44% (+0.044); цикл +0.10
100000007641183100,1,False,1,0,28000.0,0.0,1,0,2,0,0.0,0.0,0,0.00028702798830947416,0.0,True,False,16,False,1,1.0,terminal,0.55,1.0,in=1/28000 KZT; out=0/0 KZT; tx=1/0; d=1; нет выхода в наблюдаемой выборке,0.15065036699398576,0.029007293138962602,0.08842282173954807,0.0,0.0,0.0,0.26808,Оборот 28000 (+0.151); связей 1 (+0.029); seed 2 (+0.088); внешних групп 0 (+0.000); 1–2д 0% (+0.000); цикл +0.00
100000007641801100,1,False,1,0,200000.0,0.0,1,0,1,0,0.0,0.0,0,0.0002954309217403093,0.0,True,False,1,False,1,1.0,terminal,0.55,1.0,in=1/200000 KZT; out=0/0 KZT; tx=1/0; d=1; нет выхода в наблюдаемой выборке,0.17957528168352788,0.029007293138962602,0.05578858913022596,0.0,0.0,0.0,0.264371,Оборот 200000 (+0.180); связей 1 (+0.029); seed 1 (+0.056); внешних групп 0 (+0.000); 1–2д 0% (+0.000); цикл +0.00
100000007647294100,3,False,1,0,385000.0,0.0,1,0,1,0,0.0,0.0,0,0.000574781212729333,0.0,True,False,38,False,1,1.0,terminal,0.55,1.0,in=1/385000 KZT; out=0/0 KZT; tx=1/0; d=3; нет выхода в наблюдаемой выборке,0.1892104885950982,0.029007293138962602,0.05578858913022596,0.0,0.0,0.0,0.274006,Оборот 385000 (+0.189); связей 1 (+0.029); seed 1 (+0.056); внешних групп 0 (+0.000); 1–2д 0% (+0.000); цикл +0.00
100000007648946100,1,False,1,1,19550.0,25000.0,1,1,1,1,0.0,0.0,0,0.00028767726311392796,1.278772378516624,True,False,12,False,2,0.5,peripheral,0.4,1.0,in=1/19550 KZT; out=1/25000 KZT; tx=1/1; d=1; недостаточно признаков других ролей,0.1574825167967026,0.04597547187268181,0.05578858913022596,0.039397430255579034,0.0,0.0,0.298644,Оборот 44550 (+0.157); связей 2 (+0.046); seed 1 (+0.056); внешних групп 1 (+0.039); 1–2д 0% (+0.000); цикл +0.00
100000007653003100,3,False,1,0,100000.0,0.0,1,0,1,0,0.0,0.0,0,0.00029966234516805925,0.0,True,False,28,False,1,1.0,terminal,0.55,1.0,in=1/100000 KZT; out=0/0 KZT; tx=1/0; d=3; нет выхода в наблюдаемой выборке,0.16937780416926437,0.029007293138962602,0.05578858913022596,0.0,0.0,0.0,0.254174,Оборот 100000 (+0.169); связей 1 (+0.029); seed 1 (+0.056); внешних групп 0 (+0.000); 1–2д 0% (+0.000); цикл +0.00
100000007653094100,4,False,1,0,16000.0,0.0,1,0,4,0,0.0,0.0,0,0.0005716302620974396,0.0,True,True,12,False,1,1.0,peripheral,0.2,1.0,in=1/16000 KZT; out=0/0 KZT; tx=1/0; d=4; граница выгрузки; роль неизвестна,0.14241771799277592,0.029007293138962602,0.12953709247559939,0.0,0.0,0.0,0.300962,Оборот 16000 (+0.142); связей 1 (+0.029); seed 4 (+0.130); внешних групп 0 (+0.000); 1–2д 0% (+0.000); цикл +0.00
100000007689942100,3,False,1,2,5000.0,25000.0,1,2,1,0,0.0,0.0,0,0.0008850291588652009,5.0,True,False,43,True,3,0.3333333333333333,peripheral,0.4,1.0,in=1/5000 KZT; out=2/25000 KZT; tx=1/2; d=3; недостаточно признаков других ролей,0.15166535208139753,0.058014586277925204,0.05578858913022596,0.0,0.0,0.1,0.365469,Оборот 30000 (+0.152); связей 3 (+0.058); seed 1 (+0.056); внешних групп 0 (+0.000); 1–2д 0% (+0.000); цикл +0.10
100000007731977100,4,False,1,0,50000.0,0.0,1,0,2,0,0.0,0.0,0,0.00033490501780300113,0.0,True,True,0,False,1,1.0,peripheral,0.2,1.0,in=1/50000 KZT; out=0/0 KZT; tx=1/0; d=4; граница выгрузки; роль неизвестна,0.1591804002131276,0.029007293138962602,0.08842282173954807,0.0,0.0,0.0,0.276611,Оборот 50000 (+0.159); связей 1 (+0.029); seed 2 (+0.088); внешних групп 0 (+0.000); 1–2д 0% (+0.000); цикл +0.00
100000007737775100,3,False,1,0,6000.0,0.0,1,0,2,0,0.0,0.0,0,0.00030141544485101445,0.0,True,False,53,False,1,1.0,terminal,0.55,1.0,in=1/6000 KZT; out=0/0 KZT; tx=1/0; d=3; нет выхода в наблюдаемой выборке,0.12798933314284874,0.029007293138962602,0.08842282173954807,0.0,0.0,0.0,0.245419,Оборот 6000 (+0.128); связей 1 (+0.029); seed 2 (+0.088); внешних групп 0 (+0.000); 1–2д 0% (+0.000); цикл +0.00
100000007745062100,4,False,1,0,100000.0,0.0,1,0,2,0,0.0,0.0,0,0.0006212537106212244,0.0,True,True,7,False,1,1.0,peripheral,0.2,1.0,in=1/100000 KZT; out=0/0 KZT; tx=1/0; d=4; граница выгрузки; роль неизвестна,0.16937780416926437,0.029007293138962602,0.08842282173954807,0.0,0.0,0.0,0.286808,Оборот 100000 (+0.169); связей 1 (+0.029); seed 2 (+0.088); внешних групп 0 (+0.000); 1–2д 0% (+0.000); цикл +0.00
100000007747786100,0,True,0,31,0.0,4238009.4,0,35,0,6,0.0,0.0,0,0.0002840372852618645,0.0,False,False,1,False,18,0.11428571428571428,distributor,0.8,1.0,in=0/0 KZT; out=31/4238009 KZT; tx=0/35; d=0; рассылка многим получателям,0.22449863510479165,0.14503646569481304,0.0,0.11060256974442097,0.0,0.0,0.480138,Оборот 4238009 (+0.224); связей 31 (+0.145); seed 0 (+0.000); внешних групп 6 (+0.111); 1–2д 0% (+0.000); цикл +0.00
100000007749092100,2,False,1,1,7650.0,70375.0,1,5,1,0,0.0,0.0,0,0.0018961315199229768,9.199346405228757,True,False,16,True,5,0.3333333333333333,peripheral,0.4,1.0,in=1/7650 KZT; out=1/70375 KZT; tx=1/5; d=2; недостаточно признаков других ролей,0.16572720754286474,0.04597547187268181,0.05578858913022596,0.0,0.0,0.1,0.367491,Оборот 78025 (+0.166); связей 2 (+0.046); seed 1 (+0.056); внешних групп 0 (+0.000); 1–2д 0% (+0.000); цикл +0.10
100000007749747100,4,False,1,0,50000.0,0.0,1,0,1,0,0.0,0.0,0,0.000441082925734812,0.0,True,True,4,False,1,1.0,peripheral,0.2,1.0,in=1/50000 KZT; out=0/0 KZT; tx=1/0; d=4; граница выгрузки; роль неизвестна,0.1591804002131276,0.029007293138962602,0.05578858913022596,0.0,0.0,0.0,0.243976,Оборот 50000 (+0.159); связей 1 (+0.029); seed 1 (+0.056); внешних групп 0 (+0.000); 1–2д 0% (+0.000); цикл +0.00
100000007754369100,3,False,1,0,82424.0,0.0,1,0,1,0,0.0,0.0,0,0.0002912912238816703,0.0,True,False,0,False,1,1.0,terminal,0.55,1.0,in=1/82424 KZT; out=0/0 KZT; tx=1/0; d=3; нет выхода в наблюдаемой выборке,0.1665341095715583,0.029007293138962602,0.05578858913022596,0.0,0.0,0.0,0.25133,Оборот 82424 (+0.167); связей 1 (+0.029); seed 1 (+0.056); внешних групп 0 (+0.000); 1–2д 0% (+0.000); цикл +0.00
100000007777377100,2,False,1,2,456290.0,10000.0,7,2,4,1,5000.0,0.010957943413180214,1,0.00035909800001346446,0.021915886826360427,True,False,16,False,7,0.2222222222222222,peripheral,0.4,1.0,in=1/456290 KZT; out=2/10000 KZT; tx=7/2; d=2; недостаточно признаков других ролей,0.19202876937807023,0.058014586277925204,0.12953709247559939,0.039397430255579034,0.0010957943413180214,0.0,0.420074,Оборот 466290 (+0.192); связей 3 (+0.058); seed 4 (+0.130); внешних групп 1 (+0.039); 1–2д 1% (+0.001); цикл +0.00
100000007793871100,3,False,1,0,26000.0,0.0,3,0,3,0,0.0,0.0,0,0.0006827768828293879,0.0,True,False,11,False,3,0.3333333333333333,terminal,0.55,1.0,in=1/26000 KZT; out=0/0 KZT; tx=3/0; d=3; нет выхода в наблюдаемой выборке,0.1495601341574777,0.029007293138962602,0.11157717826045192,0.0,0.0,0.0,0.290145,Оборот 26000 (+0.150); связей 1 (+0.029); seed 3 (+0.112); внешних групп 0 (+0.000); 1–2д 0% (+0.000); цикл +0.00
100000007797290100,2,False,1,1,100000.0,20000.0,1,1,2,0,0.0,0.0,0,0.00029948794497132827,0.2,True,False,0,False,2,0.5,peripheral,0.4,1.0,in=1/100000 KZT; out=1/20000 KZT; tx=1/1; d=2; недостаточно признаков других ролей,0.17206008643713802,0.04597547187268181,0.08842282173954807,0.0,0.0,0.0,0.306458,Оборот 120000 (+0.172); связей 2 (+0.046); seed 2 (+0.088); внешних групп 0 (+0.000); 1–2д 0% (+0.000); цикл +0.00
100000007811950100,4,False,1,0,50000.0,0.0,1,0,1,0,0.0,0.0,0,0.0005429449659102391,0.0,True,True,13,False,1,1.0,peripheral,0.2,1.0,in=1/50000 KZT; out=0/0 KZT; tx=1/0; d=4; граница выгрузки; роль неизвестна,0.1591804002131276,0.029007293138962602,0.05578858913022596,0.0,0.0,0.0,0.243976,Оборот 50000 (+0.159); связей 1 (+0.029); seed 1 (+0.056); внешних групп 0 (+0.000); 1–2д 0% (+0.000); цикл +0.00
100000007841978100,4,False,1,0,449000.0,0.0,1,0,3,0,0.0,0.0,0,0.0005032920960675868,0.0,True,True,10,False,1,1.0,peripheral,0.2,1.0,in=1/449000 KZT; out=0/0 KZT; tx=1/0; d=4; граница выгрузки; роль неизвестна,0.1914728812282222,0.029007293138962602,0.11157717826045192,0.0,0.0,0.0,0.332057,Оборот 449000 (+0.191); связей 1 (+0.029); seed 3 (+0.112); внешних групп 0 (+0.000); 1–2д 0% (+0.000); цикл +0.00
100000007861311100,2,False,1,0,45000.0,0.0,1,0,1,0,0.0,0.0,0,0.00035645470942876126,0.0,True,False,1,False,1,1.0,terminal,0.55,1.0,in=1/45000 KZT; out=0/0 KZT; tx=1/0; d=2; нет выхода в наблюдаемой выборке,0.15763037359693888,0.029007293138962602,0.05578858913022596,0.0,0.0,0.0,0.242426,Оборот 45000 (+0.158); связей 1 (+0.029); seed 1 (+0.056); внешних групп 0 (+0.000); 1–2д 0% (+0.000); цикл +0.00
100000007863304100,3,False,1,0,25000.0,0.0,1,0,3,0,0.0,0.0,0,0.00028484080296699933,0.0,True,False,10,False,1,1.0,terminal,0.55,1.0,in=1/25000 KZT; out=0/0 KZT; tx=1/0; d=3; нет выхода в наблюдаемой выборке,0.14898314336993435,0.029007293138962602,0.11157717826045192,0.0,0.0,0.0,0.289568,Оборот 25000 (+0.149); связей 1 (+0.029); seed 3 (+0.112); внешних групп 0 (+0.000); 1–2д 0% (+0.000); цикл +0.00
100000007864477100,3,False,2,6,76000.0,203500.0,2,10,2,3,40000.0,0.5263157894736842,1,0.0003030861122525987,2.6776315789473686,True,False,0,False,9,0.25,distributor,0.8,1.0,in=2/76000 KZT; out=6/203500 KZT; tx=2/10; d=3; рассылка многим получателям,0.18449913078787056,0.09195094374536363,0.08842282173954807,0.07879486051115807,0.05263157894736842,0.0,0.496299,Оборот 279500 (+0.184); связей 8 (+0.092); seed 2 (+0.088); внешних групп 3 (+0.079); 1–2д 53% (+0.053); цикл +0.00
100000007865484100,4,False,1,0,584600.0,0.0,2,0,2,0,0.0,0.0,0,0.0003641279731085301,0.0,True,True,65,False,2,0.5,peripheral,0.2,1.0,in=1/584600 KZT; out=0/0 KZT; tx=2/0; d=4; граница выгрузки; роль неизвестна,0.1953554319561238,0.029007293138962602,0.08842282173954807,0.0,0.0,0.0,0.312786,Оборот 584600 (+0.195); связей 1 (+0.029); seed 2 (+0.088); внешних групп 0 (+0.000); 1–2д 0% (+0.000); цикл +0.00
100000007867364100,4,False,1,0,41852.0,0.0,1,0,1,0,0.0,0.0,0,0.0004461238305562339,0.0,True,True,43,False,1,1.0,peripheral,0.2,1.0,in=1/41852 KZT; out=0/0 KZT; tx=1/0; d=4; граница выгрузки; роль неизвестна,0.15656344438472286,0.029007293138962602,0.05578858913022596,0.0,0.0,0.0,0.241359,Оборот 41852 (+0.157); связей 1 (+0.029); seed 1 (+0.056); внешних групп 0 (+0.000); 1–2д 0% (+0.000); цикл +0.00
100000007898453100,2,False,1,2,24750.0,320000.0,1,2,4,0,24750.0,1.0,1,0.0003311589686677479,12.929292929292929,True,False,2,True,3,0.3333333333333333,peripheral,0.4,1.0,in=1/24750 KZT; out=2/320000 KZT; tx=1/2; d=2; недостаточно признаков других ролей,0.1875859426703154,0.058014586277925204,0.12953709247559939,0.0,0.1,0.1,0.575138,Оборот 344750 (+0.188); связей 3 (+0.058); seed 4 (+0.130); внешних групп 0 (+0.000); 1–2д 100% (+0.100); цикл +0.10
100000007908818100,1,False,4,6,727475.0,302000.0,4,13,8,2,15000.0,0.020619265266847656,2,0.00047242670350193836,0.4151345407058662,True,False,2,False,11,0.17647058823529413,peripheral,0.4,0.6666666666666666,in=4/727475 KZT; out=6/302000 KZT; tx=4/13; d=1; недостаточно признаков других ролей,0.20368056983550784,0.10034874705600798,0.17684564347909615,0.062443449579869886,0.0020619265266847656,0.0,0.54538,Оборот 1029475 (+0.204); связей 10 (+0.100); seed 8 (+0.177); внешних групп 2 (+0.062); 1–2д 2% (+0.002); цикл +0.00
100000007930878100,2,False,1,0,5000.0,0.0,1,0,1,0,0.0,0.0,0,0.0004803330717652178,0.0,True,False,23,False,1,1.0,terminal,0.55,1.0,in=1/5000 KZT; out=0/0 KZT; tx=1/0; d=2; нет выхода в наблюдаемой выборке,0.12530751666392811,0.029007293138962602,0.05578858913022596,0.0,0.0,0.0,0.210103,Оборот 5000 (+0.125); связей 1 (+0.029); seed 1 (+0.056); внешних групп 0 (+0.000); 1–2д 0% (+0.000); цикл +0.00
100000007938486100,1,False,1,0,39500.0,0.0,1,0,1,0,0.0,0.0,0,0.00029226545019070833,0.0,True,False,22,False,1,1.0,terminal,0.55,1.0,in=1/39500 KZT; out=0/0 KZT; tx=1/0; d=1; нет выхода в наблюдаемой выборке,0.155712541742287,0.029007293138962602,0.05578858913022596,0.0,0.0,0.0,0.240508,Оборот 39500 (+0.156); связей 1 (+0.029); seed 1 (+0.056); внешних групп 0 (+0.000); 1–2д 0% (+0.000); цикл +0.00
100000007939160100,1,False,1,2,795000.0,14300.0,2,2,1,0,0.0,0.0,0,0.0006604775875053992,0.017987421383647798,True,False,23,True,3,0.5,peripheral,0.4,1.0,in=1/795000 KZT; out=2/14300 KZT; tx=2/2; d=1; недостаточно признаков других ролей,0.2001403684884119,0.058014586277925204,0.05578858913022596,0.0,0.0,0.1,0.413944,Оборот 809300 (+0.200); связей 3 (+0.058); seed 1 (+0.056); внешних групп 0 (+0.000); 1–2д 0% (+0.000); цикл +0.10
100000007953156100,2,False,1,1,18000.0,10000.0,1,1,3,0,0.0,0.0,0,0.00047458406319438284,0.5555555555555556,True,False,40,False,2,0.5,peripheral,0.4,1.0,in=1/18000 KZT; out=1/10000 KZT; tx=1/1; d=2; недостаточно признаков других ролей,0.15065036699398576,0.04597547187268181,0.11157717826045192,0.0,0.0,0.0,0.308203,Оборот 28000 (+0.151); связей 2 (+0.046); seed 3 (+0.112); внешних групп 0 (+0.000); 1–2д 0% (+0.000); цикл +0.00
100000007960337100,4,False,1,0,35500.0,0.0,1,0,3,0,0.0,0.0,0,0.0003011218801690895,0.0,True,True,8,False,1,1.0,peripheral,0.2,1.0,in=1/35500 KZT; out=0/0 KZT; tx=1/0; d=4; граница выгрузки; роль неизвестна,0.15414181791245668,0.029007293138962602,0.11157717826045192,0.0,0.0,0.0,0.294726,Оборот 35500 (+0.154); связей 1 (+0.029); seed 3 (+0.112); внешних групп 0 (+0.000); 1–2д 0% (+0.000); цикл +0.00
100000007982728100,0,True,0,8,0.0,1804384.0,0,12,0,2,0.0,0.0,0,0.0002840372852618645,0.0,False,False,41,False,6,0.3333333333333333,distributor,0.8,1.0,in=0/0 KZT; out=8/1804384 KZT; tx=0/12; d=0; рассылка многим получателям,0.21193647660135118,0.09195094374536363,0.0,0.062443449579869886,0.0,0.0,0.366331,Оборот 1804384 (+0.212); связей 8 (+0.092); seed 0 (+0.000); внешних групп 2 (+0.062); 1–2д 0% (+0.000); цикл +0.00
100000007982908100,2,False,1,0,31080.0,0.0,1,0,1,0,0.0,0.0,0,0.0002945135188818932,0.0,True,False,22,False,1,1.0,terminal,0.55,1.0,in=1/31080 KZT; out=0/0 KZT; tx=1/0; d=2; нет выхода в наблюдаемой выборке,0.15218565491789568,0.029007293138962602,0.05578858913022596,0.0,0.0,0.0,0.236982,Оборот 31080 (+0.152); связей 1 (+0.029); seed 1 (+0.056); внешних групп 0 (+0.000); 1–2д 0% (+0.000); цикл +0.00
100000007988344100,4,False,1,0,20000.0,0.0,3,0,2,0,0.0,0.0,0,0.0003852565980953472,0.0,True,True,0,False,3,0.3333333333333333,peripheral,0.2,1.0,in=1/20000 KZT; out=0/0 KZT; tx=3/0; d=4; граница выгрузки; роль неизвестна,0.14570041229327152,0.029007293138962602,0.08842282173954807,0.0,0.0,0.0,0.263131,Оборот 20000 (+0.146); связей 1 (+0.029); seed 2 (+0.088); внешних групп 0 (+0.000); 1–2д 0% (+0.000); цикл +0.00
100000007997939100,4,False,1,0,13000.0,0.0,1,0,2,0,0.0,0.0,0,0.00035593479827323313,0.0,True,True,4,False,1,1.0,peripheral,0.2,1.0,in=1/13000 KZT; out=0/0 KZT; tx=1/0; d=4; граница выгрузки; роль неизвестна,0.13936314889581666,0.029007293138962602,0.08842282173954807,0.0,0.0,0.0,0.256793,Оборот 13000 (+0.139); связей 1 (+0.029); seed 2 (+0.088); внешних групп 0 (+0.000); 1–2д 0% (+0.000); цикл +0.00
100000007998965100,2,False,5,1,278000.0,26000.0,7,3,4,3,10000.0,0.03597122302158273,1,0.0004691054088888926,0.09352517985611511,True,False,11,False,8,0.2,consolidator,0.75,1.0,in=5/278000 KZT; out=1/26000 KZT; tx=7/3; d=2; сбор; выход 9% наблюдаемого входа,0.1857353046935898,0.08143376716923444,0.12953709247559939,0.07879486051115807,0.0035971223021582736,0.0,0.479098,Оборот 304000 (+0.186); связей 6 (+0.081); seed 4 (+0.130); внешних групп 3 (+0.079); 1–2д 4% (+0.004); цикл +0.00
100000007999728100,3,False,1,0,23250.0,0.0,1,0,1,0,0.0,0.0,0,0.0002905864457531712,0.0,True,False,40,False,1,1.0,terminal,0.55,1.0,in=1/23250 KZT; out=0/0 KZT; tx=1/0; d=3; нет выхода в наблюдаемой выборке,0.14791553079594363,0.029007293138962602,0.05578858913022596,0.0,0.0,0.0,0.232711,Оборот 23250 (+0.148); связей 1 (+0.029); seed 1 (+0.056); внешних групп 0 (+0.000); 1–2д 0% (+0.000); цикл +0.00
100000008002020100,1,False,1,1,73860.0,17000.0,1,1,1,1,0.0,0.0,0,0.0002962147674871398,0.23016517736257786,True,False,7,False,2,0.5,peripheral,0.4,1.0,in=1/73860 KZT; out=1/17000 KZT; tx=1/1; d=1; недостаточно признаков других ролей,0.1679676731600645,0.04597547187268181,0.05578858913022596,0.039397430255579034,0.0,0.0,0.309129,Оборот 90860 (+0.168); связей 2 (+0.046); seed 1 (+0.056); внешних групп 1 (+0.039); 1–2д 0% (+0.000); цикл +0.00
100000008003034100,1,False,1,4,12201.0,135000.0,1,4,2,3,0.0,0.0,0,0.0002853404841148604,11.064666830587656,True,False,12,True,4,0.4,peripheral,0.4,0.6666666666666666,in=1/12201 KZT; out=4/135000 KZT; tx=1/4; d=1; недостаточно признаков других ролей,0.17506582323149394,0.0749827650116444,0.08842282173954807,0.07879486051115807,0.0,0.1,0.517266,Оборот 147201 (+0.175); связей 5 (+0.075); seed 2 (+0.088); внешних групп 3 (+0.079); 1–2д 0% (+0.000); цикл +0.10
100000008008463100,2,False,1,0,54180.0,0.0,1,0,1,0,0.0,0.0,0,0.00029423695524275406,0.0,True,False,41,False,1,1.0,terminal,0.55,1.0,in=1/54180 KZT; out=0/0 KZT; tx=1/0; d=2; нет выхода в наблюдаемой выборке,0.16036158329441452,0.029007293138962602,0.05578858913022596,0.0,0.0,0.0,0.245157,Оборот 54180 (+0.160); связей 1 (+0.029); seed 1 (+0.056); внешних групп 0 (+0.000); 1–2д 0% (+0.000); цикл +0.00
100000008011159100,2,False,3,5,363000.0,153037.0,6,5,2,3,10000.0,0.027548209366391185,1,0.0004831813851524261,0.4215895316804408,True,False,66,True,7,0.2727272727272727,peripheral,0.4,0.6666666666666666,in=3/363000 KZT; out=5/153037 KZT; tx=6/5; d=2; недостаточно признаков других ролей,0.19352012780105302,0.09195094374536363,0.08842282173954807,0.07879486051115807,0.0027548209366391185,0.1,0.555444,Оборот 516037 (+0.194); связей 8 (+0.092); seed 2 (+0.088); внешних групп 3 (+0.079); 1–2д 3% (+0.003); цикл +0.10
100000008011573100,3,False,1,0,15000.0,0.0,1,0,1,0,0.0,0.0,0,0.0002876351842219345,0.0,True,False,28,False,1,1.0,terminal,0.55,1.0,in=1/15000 KZT; out=0/0 KZT; tx=1/0; d=3; нет выхода в наблюдаемой выборке,0.14146829138193068,0.029007293138962602,0.05578858913022596,0.0,0.0,0.0,0.226264,Оборот 15000 (+0.141); связей 1 (+0.029); seed 1 (+0.056); внешних групп 0 (+0.000); 1–2д 0% (+0.000); цикл +0.00
100000008027922100,4,False,1,0,70000.0,0.0,1,0,1,0,0.0,0.0,0,0.0004998699155336359,0.0,True,True,29,False,1,1.0,peripheral,0.2,1.0,in=1/70000 KZT; out=0/0 KZT; tx=1/0; d=4; граница выгрузки; роль неизвестна,0.16413048100875918,0.029007293138962602,0.05578858913022596,0.0,0.0,0.0,0.248926,Оборот 70000 (+0.164); связей 1 (+0.029); seed 1 (+0.056); внешних групп 0 (+0.000); 1–2д 0% (+0.000); цикл +0.00
100000008028628100,1,False,1,0,57224.0,0.0,1,0,1,0,0.0,0.0,0,0.00029595750070207107,0.0,True,False,22,False,1,1.0,terminal,0.55,1.0,in=1/57224 KZT; out=0/0 KZT; tx=1/0; d=1; нет выхода в наблюдаемой выборке,0.16116574724970129,0.029007293138962602,0.05578858913022596,0.0,0.0,0.0,0.245962,Оборот 57224 (+0.161); связей 1 (+0.029); seed 1 (+0.056); внешних групп 0 (+0.000); 1–2д 0% (+0.000); цикл +0.00
100000008029279100,3,False,1,0,17000.0,0.0,1,0,1,0,0.0,0.0,0,0.0002874688346281127,0.0,True,False,8,False,1,1.0,terminal,0.55,1.0,in=1/17000 KZT; out=0/0 KZT; tx=1/0; d=3; нет выхода в наблюдаемой выборке,0.1433095706986651,0.029007293138962602,0.05578858913022596,0.0,0.0,0.0,0.228105,Оборот 17000 (+0.143); связей 1 (+0.029); seed 1 (+0.056); внешних групп 0 (+0.000); 1–2д 0% (+0.000); цикл +0.00
100000008038077100,3,False,1,0,499850.0,0.0,2,0,3,0,0.0,0.0,0,0.0003001028182583308,0.0,True,False,10,False,1,1.0,terminal,0.55,1.0,in=1/499850 KZT; out=0/0 KZT; tx=2/0; d=3; нет выхода в наблюдаемой выборке,0.19305125257066372,0.029007293138962602,0.11157717826045192,0.0,0.0,0.0,0.333636,Оборот 499850 (+0.193); связей 1 (+0.029); seed 3 (+0.112); внешних групп 0 (+0.000); 1–2д 0% (+0.000); цикл +0.00
100000008042075100,3,False,1,0,5000.0,0.0,1,0,1,0,0.0,0.0,0,0.00029037635129094817,0.0,True,False,21,False,1,1.0,terminal,0.55,1.0,in=1/5000 KZT; out=0/0 KZT; tx=1/0; d=3; нет выхода в наблюдаемой выборке,0.12530751666392811,0.029007293138962602,0.05578858913022596,0.0,0.0,0.0,0.210103,Оборот 5000 (+0.125); связей 1 (+0.029); seed 1 (+0.056); внешних групп 0 (+0.000); 1–2д 0% (+0.000); цикл +0.00
100000008043184100,3,False,1,0,50564.0,0.0,1,0,1,0,0.0,0.0,0,0.0002919379405528328,0.0,True,False,28,False,1,1.0,terminal,0.55,1.0,in=1/50564 KZT; out=0/0 KZT; tx=1/0; d=3; нет выхода в наблюдаемой выборке,0.15934541881550426,0.029007293138962602,0.05578858913022596,0.0,0.0,0.0,0.244141,Оборот 50564 (+0.159); связей 1 (+0.029); seed 1 (+0.056); внешних групп 0 (+0.000); 1–2д 0% (+0.000); цикл +0.00
100000008050986100,4,False,1,0,95000.0,0.0,2,0,3,0,0.0,0.0,0,0.0003101007428857718,0.0,True,True,10,False,2,0.5,peripheral,0.2,1.0,in=1/95000 KZT; out=0/0 KZT; tx=2/0; d=4; граница выгрузки; роль неизвестна,0.1686231872035787,0.029007293138962602,0.11157717826045192,0.0,0.0,0.0,0.309208,Оборот 95000 (+0.169); связей 1 (+0.029); seed 3 (+0.112); внешних групп 0 (+0.000); 1–2д 0% (+0.000); цикл +0.00
100000008055972100,3,False,1,0,28300.0,0.0,1,0,1,0,0.0,0.0,0,0.0002884219209537558,0.0,True,False,22,False,1,1.0,terminal,0.55,1.0,in=1/28300 KZT; out=0/0 KZT; tx=1/0; d=3; нет выхода в наблюдаемой выборке,0.15080715107553427,0.029007293138962602,0.05578858913022596,0.0,0.0,0.0,0.235603,Оборот 28300 (+0.151); связей 1 (+0.029); seed 1 (+0.056); внешних групп 0 (+0.000); 1–2д 0% (+0.000); цикл +0.00
100000008060273100,2,False,1,0,10000.0,0.0,2,0,8,0,0.0,0.0,0,0.0002973340633409902,0.0,True,False,2,False,2,0.5,terminal,0.55,1.0,in=1/10000 KZT; out=0/0 KZT; tx=2/0; d=2; нет выхода в наблюдаемой выборке,0.13550359676243048,0.029007293138962602,0.17684564347909615,0.0,0.0,0.0,0.341357,Оборот 10000 (+0.136); связей 1 (+0.029); seed 8 (+0.177); внешних групп 0 (+0.000); 1–2д 0% (+0.000); цикл +0.00
100000008066326100,1,False,1,0,19320.0,0.0,1,0,1,0,0.0,0.0,0,0.00028763443984508016,0.0,True,False,0,False,1,1.0,terminal,0.55,1.0,in=1/19320 KZT; out=0/0 KZT; tx=1/0; d=1; нет выхода в наблюдаемой выборке,0.14519153035657897,0.029007293138962602,0.05578858913022596,0.0,0.0,0.0,0.229987,Оборот 19320 (+0.145); связей 1 (+0.029); seed 1 (+0.056); внешних групп 0 (+0.000); 1–2д 0% (+0.000); цикл +0.00
100000008070101100,3,False,1,0,100000.0,0.0,1,0,2,0,0.0,0.0,0,0.0002910474220719554,0.0,True,False,4,False,1,1.0,terminal,0.55,1.0,in=1/100000 KZT; out=0/0 KZT; tx=1/0; d=3; нет выхода в наблюдаемой выборке,0.16937780416926437,0.029007293138962602,0.08842282173954807,0.0,0.0,0.0,0.286808,Оборот 100000 (+0.169); связей 1 (+0.029); seed 2 (+0.088); внешних групп 0 (+0.000); 1–2д 0% (+0.000); цикл +0.00
100000008071620100,1,False,1,0,46968.0,0.0,1,0,1,0,0.0,0.0,0,0.00029278216913683724,0.0,True,False,0,False,1,1.0,terminal,0.55,1.0,in=1/46968 KZT; out=0/0 KZT; tx=1/0; d=1; нет выхода в наблюдаемой выборке,0.15826009090516885,0.029007293138962602,0.05578858913022596,0.0,0.0,0.0,0.243056,Оборот 46968 (+0.158); связей 1 (+0.029); seed 1 (+0.056); внешних групп 0 (+0.000); 1–2д 0% (+0.000); цикл +0.00
100000008071749100,4,False,1,0,24943.0,0.0,1,0,2,0,0.0,0.0,0,0.000293303261865416,0.0,True,True,18,False,1,1.0,peripheral,0.2,1.0,in=1/24943 KZT; out=0/0 KZT; tx=1/0; d=4; граница выгрузки; роль неизвестна,0.14894956315662922,0.029007293138962602,0.08842282173954807,0.0,0.0,0.0,0.26638,Оборот 24943 (+0.149); связей 1 (+0.029); seed 2 (+0.088); внешних групп 0 (+0.000); 1–2д 0% (+0.000); цикл +0.00
100000008074304100,4,False,1,0,5500.0,0.0,1,0,3,0,0.0,0.0,0,0.00033057801922441583,0.0,True,True,10,False,1,1.0,peripheral,0.2,1.0,in=1/5500 KZT; out=0/0 KZT; tx=1/0; d=4; граница выгрузки; роль неизвестна,0.12670944843109427,0.029007293138962602,0.11157717826045192,0.0,0.0,0.0,0.267294,Оборот 5500 (+0.127); связей 1 (+0.029); seed 3 (+0.112); внешних групп 0 (+0.000); 1–2д 0% (+0.000); цикл +0.00
100000008077552100,3,False,1,0,214000.0,0.0,1,0,1,0,0.0,0.0,0,0.00032723443610757755,0.0,True,False,8,False,1,1.0,terminal,0.55,1.0,in=1/214000 KZT; out=0/0 KZT; tx=1/0; d=3; нет выхода в наблюдаемой выборке,0.18057066795515134,0.029007293138962602,0.05578858913022596,0.0,0.0,0.0,0.265367,Оборот 214000 (+0.181); связей 1 (+0.029); seed 1 (+0.056); внешних групп 0 (+0.000); 1–2д 0% (+0.000); цикл +0.00
100000008086440100,3,False,1,5,199733.0,161300.0,1,6,2,2,38000.0,0.19025398907541569,1,0.00033571484177508847,0.8075781167859092,True,False,0,True,6,0.2857142857142857,distributor,0.8,0.6666666666666666,in=1/199733 KZT; out=5/161300 KZT; tx=1/6; d=3; рассылка многим получателям,0.18826489532831356,0.08143376716923444,0.08842282173954807,0.062443449579869886,0.01902539890754157,0.1,0.53959,Оборот 361033 (+0.188); связей 6 (+0.081); seed 2 (+0.088); внешних групп 2 (+0.062); 1–2д 19% (+0.019); цикл +0.10
100000008088082100,3,False,1,1,39138.0,50000.0,1,1,3,0,0.0,0.0,0,0.0002984173547101362,1.2775307884920026,True,False,12,False,2,0.5,peripheral,0.4,1.0,in=1/39138 KZT; out=1/50000 KZT; tx=1/1; d=3; недостаточно признаков других ролей,0.1676861758071271,0.04597547187268181,0.11157717826045192,0.0,0.0,0.0,0.325239,Оборот 89138 (+0.168); связей 2 (+0.046); seed 3 (+0.112); внешних групп 0 (+0.000); 1–2д 0% (+0.000); цикл +0.00
100000008094734100,1,False,4,0,236249.0,0.0,4,0,4,2,0.0,0.0,0,0.00034217477287235107,0.0,True,False,0,False,4,0.25,consolidator,0.75,1.0,in=4/236249 KZT; out=0/0 KZT; tx=4/0; d=1; сбор; выход 0% наблюдаемого входа,0.18202582577100285,0.06735284889599069,0.12953709247559939,0.062443449579869886,0.0,0.0,0.441359,Оборот 236249 (+0.182); связей 4 (+0.067); seed 4 (+0.130); внешних групп 2 (+0.062); 1–2д 0% (+0.000); цикл +0.00
100000008097580100,3,False,2,0,32000.0,0.0,4,0,1,1,0.0,0.0,0,0.0006705156426164941,0.0,True,False,8,False,4,0.25,terminal,0.55,1.0,in=2/32000 KZT; out=0/0 KZT; tx=4/0; d=3; нет выхода в наблюдаемой выборке,0.15261480933918287,0.04597547187268181,0.05578858913022596,0.039397430255579034,0.0,0.0,0.293776,Оборот 32000 (+0.153); связей 2 (+0.046); seed 1 (+0.056); внешних групп 1 (+0.039); 1–2д 0% (+0.000); цикл +0.00
100000008104567100,2,False,3,3,53550.0,40000.0,3,4,2,3,0.0,0.0,0,0.0005348805817886336,0.7469654528478058,True,False,18,True,5,0.42857142857142855,peripheral,0.4,1.0,in=3/53550 KZT; out=3/40000 KZT; tx=3/4; d=2; недостаточно признаков других ролей,0.16839690737344917,0.08143376716923444,0.08842282173954807,0.07879486051115807,0.0,0.1,0.517048,Оборот 93550 (+0.168); связей 6 (+0.081); seed 2 (+0.088); внешних групп 3 (+0.079); 1–2д 0% (+0.000); цикл +0.10
100000008106997100,2,False,2,1,35600.0,20600.0,2,1,2,1,0.0,0.0,0,0.0003037077561036663,0.5786516853932584,True,False,0,False,2,0.6666666666666666,peripheral,0.4,1.0,in=2/35600 KZT; out=1/20600 KZT; tx=2/1; d=2; недостаточно признаков других ролей,0.16090010352394588,0.058014586277925204,0.08842282173954807,0.039397430255579034,0.0,0.0,0.346735,Оборот 56200 (+0.161); связей 3 (+0.058); seed 2 (+0.088); внешних групп 1 (+0.039); 1–2д 0% (+0.000); цикл +0.00
100000008111003100,2,False,6,1,222716.0,35000.0,9,1,3,2,27000.0,0.12123062555002784,1,0.0004668415375091178,0.15715081089818422,True,False,0,True,6,0.3,consolidator,0.75,1.0,in=6/222716 KZT; out=1/35000 KZT; tx=9/1; d=2; сбор; выход 16% наблюдаемого входа,0.18330534693817324,0.08702187941688781,0.11157717826045192,0.062443449579869886,0.012123062555002784,0.1,0.556471,Оборот 257716 (+0.183); связей 7 (+0.087); seed 3 (+0.112); внешних групп 2 (+0.062); 1–2д 12% (+0.012); цикл +0.10
100000008116374100,1,False,1,0,31284.0,0.0,1,0,2,0,0.0,0.0,0,0.00028737875505262955,0.0,True,False,16,False,1,1.0,terminal,0.55,1.0,in=1/31284 KZT; out=0/0 KZT; tx=1/0; d=1; нет выхода в наблюдаемой выборке,0.15228190126372687,0.029007293138962602,0.08842282173954807,0.0,0.0,0.0,0.269712,Оборот 31284 (+0.152); связей 1 (+0.029); seed 2 (+0.088); внешних групп 0 (+0.000); 1–2д 0% (+0.000); цикл +0.00
100000008117324100,0,True,0,0,0.0,0.0,0,0,0,0,0.0,0.0,0,0.0002840372852618645,0.0,False,False,86,False,0,0.0,peripheral,0.3,1.0,in=0/0 KZT; out=0/0 KZT; tx=0/0; d=0; нет наблюдаемых связей,0.0,0.0,0.0,0.0,0.0,0.0,0.0,Оборот 0 (+0.000); связей 0 (+0.000); seed 0 (+0.000); внешних групп 0 (+0.000); 1–2д 0% (+0.000); цикл +0.00
100000008121806100,3,False,1,4,67000.0,248509.0,1,6,1,2,50000.0,0.746268656716418,1,0.00029872255333592126,3.709089552238806,True,False,8,True,5,0.2857142857142857,peripheral,0.4,0.6666666666666666,in=1/67000 KZT; out=4/248509 KZT; tx=1/6; d=3; недостаточно признаков других ролей,0.18628199196368495,0.0749827650116444,0.05578858913022596,0.062443449579869886,0.0746268656716418,0.1,0.554124,Оборот 315509 (+0.186); связей 5 (+0.075); seed 1 (+0.056); внешних групп 2 (+0.062); 1–2д 75% (+0.075); цикл +0.10
100000008129393100,1,False,1,0,10000.0,0.0,1,0,1,0,0.0,0.0,0,0.0003099957284413199,0.0,True,False,83,False,1,1.0,terminal,0.55,1.0,in=1/10000 KZT; out=0/0 KZT; tx=1/0; d=1; нет выхода в наблюдаемой выборке,0.13550359676243048,0.029007293138962602,0.05578858913022596,0.0,0.0,0.0,0.220299,Оборот 10000 (+0.136); связей 1 (+0.029); seed 1 (+0.056); внешних групп 0 (+0.000); 1–2д 0% (+0.000); цикл +0.00
100000008130868100,4,False,1,0,22782.0,0.0,1,0,1,0,0.0,0.0,0,0.00044897763957107344,0.0,True,True,24,False,1,1.0,peripheral,0.2,1.0,in=1/22782 KZT; out=0/0 KZT; tx=1/0; d=4; граница выгрузки; роль неизвестна,0.14761638526001136,0.029007293138962602,0.05578858913022596,0.0,0.0,0.0,0.232412,Оборот 22782 (+0.148); связей 1 (+0.029); seed 1 (+0.056); внешних групп 0 (+0.000); 1–2д 0% (+0.000); цикл +0.00
100000008136608100,4,False,1,0,170000.0,0.0,1,0,1,0,0.0,0.0,0,0.0005609574303281375,0.0,True,True,18,False,1,1.0,peripheral,0.2,1.0,in=1/170000 KZT; out=0/0 KZT; tx=1/0; d=4; граница выгрузки; роль неизвестна,0.17718432326567204,0.029007293138962602,0.05578858913022596,0.0,0.0,0.0,0.26198,Оборот 170000 (+0.177); связей 1 (+0.029); seed 1 (+0.056); внешних групп 0 (+0.000); 1–2д 0% (+0.000); цикл +0.00
100000008137435100,1,False,2,6,93906.0,1419700.0,2,7,1,1,0.0,0.0,0,0.00031253120404928594,15.118309799160864,True,False,29,True,5,0.3333333333333333,distributor,0.8,1.0,in=2/93906 KZT; out=6/1419700 KZT; tx=2/7; d=1; рассылка многим получателям,0.20935122881708118,0.09195094374536363,0.05578858913022596,0.039397430255579034,0.0,0.1,0.496488,Оборот 1513606 (+0.209); связей 8 (+0.092); seed 1 (+0.056); внешних групп 1 (+0.039); 1–2д 0% (+0.000); цикл +0.10
100000008141170100,2,False,1,0,11000.0,0.0,1,0,1,0,0.0,0.0,0,0.0006179441271456056,0.0,True,False,16,False,1,1.0,terminal,0.55,1.0,in=1/11000 KZT; out=0/0 KZT; tx=1/0; d=2; нет выхода в наблюдаемой выборке,0.13690566223636327,0.029007293138962602,0.05578858913022596,0.0,0.0,0.0,0.221702,Оборот 11000 (+0.137); связей 1 (+0.029); seed 1 (+0.056); внешних групп 0 (+0.000); 1–2д 0% (+0.000); цикл +0.00
100000008144528100,2,False,5,0,1068202.6,0.0,13,0,4,2,0.0,0.0,0,0.001049406238865402,0.0,True,False,16,False,4,0.46153846153846156,consolidator,0.75,1.0,in=5/1068203 KZT; out=0/0 KZT; tx=13/0; d=2; сбор; выход 0% наблюдаемого входа,0.2042238592001078,0.0749827650116444,0.12953709247559939,0.062443449579869886,0.0,0.0,0.471187,Оборот 1068203 (+0.204); связей 5 (+0.075); seed 4 (+0.130); внешних групп 2 (+0.062); 1–2д 0% (+0.000); цикл +0.00
100000008151098100,4,False,1,0,30000.0,0.0,1,0,1,0,0.0,0.0,0,0.0003076310000492376,0.0,True,True,14,False,1,1.0,peripheral,0.2,1.0,in=1/30000 KZT; out=0/0 KZT; tx=1/0; d=4; граница выгрузки; роль неизвестна,0.15166535208139753,0.029007293138962602,0.05578858913022596,0.0,0.0,0.0,0.236461,Оборот 30000 (+0.152); связей 1 (+0.029); seed 1 (+0.056); внешних групп 0 (+0.000); 1–2д 0% (+0.000); цикл +0.00
100000008165763100,1,False,15,17,1165815.0,1267858.0,26,17,6,7,378435.0,0.3246098223131457,5,0.0009045430367326004,1.087529324978663,True,False,2,False,13,0.16279069767441862,coordinator,0.75,1.0,in=15/1165815 KZT; out=17/1267858 KZT; tx=26/17; d=1; связь с 6 seed и 7 внеш. группами,0.2163380326046314,0.14632421892868977,0.1566183702893892,0.1181922907667371,0.03246098223131457,0.0,0.669934,Оборот 2433673 (+0.216); связей 32 (+0.146); seed 6 (+0.157); внешних групп 7 (+0.118); 1–2д 32% (+0.032); цикл +0.00
100000008168850100,4,False,1,0,187910.0,0.0,2,0,3,0,0.0,0.0,0,0.0005299168821386865,0.0,True,True,10,False,2,0.5,peripheral,0.2,1.0,in=1/187910 KZT; out=0/0 KZT; tx=2/0; d=4; граница выгрузки; роль неизвестна,0.17865793353266335,0.029007293138962602,0.11157717826045192,0.0,0.0,0.0,0.319242,Оборот 187910 (+0.179); связей 1 (+0.029); seed 3 (+0.112); внешних групп 0 (+0.000); 1–2д 0% (+0.000); цикл +0.00
100000008169544100,1,False,1,4,137104.0,42800.0,2,7,2,2,12300.0,0.08971291866028708,1,0.00029868147635613165,0.31217178200490137,True,False,16,True,7,0.2222222222222222,peripheral,0.4,0.6666666666666666,in=1/137104 KZT; out=4/42800 KZT; tx=2/7; d=1; недостаточно признаков других ролей,0.17801738212183463,0.0749827650116444,0.08842282173954807,0.062443449579869886,0.008971291866028708,0.1,0.512838,Оборот 179904 (+0.178); связей 5 (+0.075); seed 2 (+0.088); внешних групп 2 (+0.062); 1–2д 9% (+0.009); цикл +0.10
100000008172352100,1,False,3,7,90265.0,289510.0,3,8,2,2,78500.0,0.8696615520966045,1,0.00037311114053389537,3.207333961114496,True,False,42,False,6,0.36363636363636365,distributor,0.8,0.6666666666666666,in=3/90265 KZT; out=7/289510 KZT; tx=3/8; d=1; рассылка многим получателям,0.18900945962050872,0.10034874705600798,0.08842282173954807,0.062443449579869886,0.08696615520966045,0.0,0.527191,Оборот 379775 (+0.189); связей 10 (+0.100); seed 2 (+0.088); внешних групп 2 (+0.062); 1–2д 87% (+0.087); цикл +0.00
100000008172721100,4,False,1,0,168335.0,0.0,1,0,1,0,0.0,0.0,0,0.00039295657502011705,0.0,True,True,8,False,1,1.0,peripheral,0.2,1.0,in=1/168335 KZT; out=0/0 KZT; tx=1/0; d=4; граница выгрузки; роль неизвестна,0.1770395232285113,0.029007293138962602,0.05578858913022596,0.0,0.0,0.0,0.261835,Оборот 168335 (+0.177); связей 1 (+0.029); seed 1 (+0.056); внешних групп 0 (+0.000); 1–2д 0% (+0.000); цикл +0.00
100000008173359100,1,False,1,0,6110.0,0.0,1,0,2,0,0.0,0.0,0,0.00028468989939118216,0.0,True,False,16,False,1,1.0,terminal,0.55,1.0,in=1/6110 KZT; out=0/0 KZT; tx=1/0; d=1; нет выхода в наблюдаемой выборке,0.12825656558926823,0.029007293138962602,0.08842282173954807,0.0,0.0,0.0,0.245687,Оборот 6110 (+0.128); связей 1 (+0.029); seed 2 (+0.088); внешних групп 0 (+0.000); 1–2д 0% (+0.000); цикл +0.00
100000008174521100,2,False,1,0,82110.0,0.0,1,0,3,0,0.0,0.0,0,0.00043797772927160576,0.0,True,False,16,False,1,1.0,terminal,0.55,1.0,in=1/82110 KZT; out=0/0 KZT; tx=1/0; d=2; нет выхода в наблюдаемой выборке,0.16647795699818735,0.029007293138962602,0.11157717826045192,0.0,0.0,0.0,0.307062,Оборот 82110 (+0.166); связей 1 (+0.029); seed 3 (+0.112); внешних групп 0 (+0.000); 1–2д 0% (+0.000); цикл +0.00
100000008175078100,4,False,1,0,1846711.0,0.0,15,0,3,0,0.0,0.0,0,0.0004663355137073338,0.0,True,True,20,False,8,0.26666666666666666,peripheral,0.2,1.0,in=1/1846711 KZT; out=0/0 KZT; tx=15/0; d=4; граница выгрузки; роль неизвестна,0.2122776019541186,0.029007293138962602,0.11157717826045192,0.0,0.0,0.0,0.352862,Оборот 1846711 (+0.212); связей 1 (+0.029); seed 3 (+0.112); внешних групп 0 (+0.000); 1–2д 0% (+0.000); цикл +0.00
100000008183752100,4,False,1,0,140000.0,0.0,1,0,1,0,0.0,0.0,0,0.0005270589554097066,0.0,True,True,46,False,1,1.0,peripheral,0.2,1.0,in=1/140000 KZT; out=0/0 KZT; tx=1/0; d=4; граница выгрузки; роль неизвестна,0.1743279269979761,0.029007293138962602,0.05578858913022596,0.0,0.0,0.0,0.259124,Оборот 140000 (+0.174); связей 1 (+0.029); seed 1 (+0.056); внешних групп 0 (+0.000); 1–2д 0% (+0.000); цикл +0.00
100000008188026100,1,False,2,4,86468.0,337983.17,5,4,2,1,0.0,0.0,0,0.00029768090472726504,3.9087659018365173,True,False,3,True,6,0.2222222222222222,peripheral,0.4,0.6666666666666666,in=2/86468 KZT; out=4/337983 KZT; tx=5/4; d=1; недостаточно признаков других ролей,0.19064568987042446,0.08143376716923444,0.08842282173954807,0.039397430255579034,0.0,0.1,0.4999,Оборот 424451 (+0.191); связей 6 (+0.081); seed 2 (+0.088); внешних групп 1 (+0.039); 1–2д 0% (+0.000); цикл +0.10
100000008190411100,4,False,1,0,198450.0,0.0,12,0,1,0,0.0,0.0,0,0.00042169732140380186,0.0,True,True,4,False,9,0.16666666666666666,peripheral,0.2,1.0,in=1/198450 KZT; out=0/0 KZT; tx=12/0; d=4; граница выгрузки; роль неизвестна,0.17946082048173392,0.029007293138962602,0.05578858913022596,0.0,0.0,0.0,0.264257,Оборот 198450 (+0.179); связей 1 (+0.029); seed 1 (+0.056); внешних групп 0 (+0.000); 1–2д 0% (+0.000); цикл +0.00
100000008190442100,3,False,1,0,13000.0,0.0,1,0,1,0,0.0,0.0,0,0.00028605142886591354,0.0,True,False,22,False,1,1.0,terminal,0.55,1.0,in=1/13000 KZT; out=0/0 KZT; tx=1/0; d=3; нет выхода в наблюдаемой выборке,0.13936314889581666,0.029007293138962602,0.05578858913022596,0.0,0.0,0.0,0.224159,Оборот 13000 (+0.139); связей 1 (+0.029); seed 1 (+0.056); внешних групп 0 (+0.000); 1–2д 0% (+0.000); цикл +0.00
100000008192264100,3,False,1,1,162810.0,187910.0,1,2,3,0,0.0,0.0,0,0.0002892701139647847,1.1541674344327744,True,False,10,False,2,0.6666666666666666,peripheral,0.4,1.0,in=1/162810 KZT; out=1/187910 KZT; tx=1/2; d=3; недостаточно признаков других ролей,0.1878385266331311,0.04597547187268181,0.11157717826045192,0.0,0.0,0.0,0.345391,Оборот 350720 (+0.188); связей 2 (+0.046); seed 3 (+0.112); внешних групп 0 (+0.000); 1–2д 0% (+0.000); цикл +0.00
100000008193258100,3,False,1,1,75000.0,30000.0,2,1,1,0,0.0,0.0,0,0.0002957560801915106,0.4,True,False,28,False,3,0.3333333333333333,peripheral,0.4,1.0,in=1/75000 KZT; out=1/30000 KZT; tx=2/1; d=3; недостаточно признаков других ролей,0.17009559592984067,0.04597547187268181,0.05578858913022596,0.0,0.0,0.0,0.27186,Оборот 105000 (+0.170); связей 2 (+0.046); seed 1 (+0.056); внешних групп 0 (+0.000); 1–2д 0% (+0.000); цикл +0.00
100000008193577100,1,False,2,5,154300.0,480180.0,6,16,1,0,43490.0,0.28185353208036296,3,0.0012966188583044148,3.1119896305897603,True,False,9,True,14,0.18181818181818182,distributor,0.8,0.6666666666666666,in=2/154300 KZT; out=5/480180 KZT; tx=6/16; d=1; рассылка многим получателям,0.19656001426228487,0.08702187941688781,0.05578858913022596,0.0,0.028185353208036296,0.1,0.467556,Оборот 634480 (+0.197); связей 7 (+0.087); seed 1 (+0.056); внешних групп 0 (+0.000); 1–2д 28% (+0.028); цикл +0.10
100000008200810100,3,False,1,0,475000.0,0.0,1,0,2,0,0.0,0.0,0,0.00030650043531540386,0.0,True,False,24,False,1,1.0,terminal,0.55,1.0,in=1/475000 KZT; out=0/0 KZT; tx=1/0; d=3; нет выхода в наблюдаемой выборке,0.19230104365079592,0.029007293138962602,0.08842282173954807,0.0,0.0,0.0,0.309731,Оборот 475000 (+0.192); связей 1 (+0.029); seed 2 (+0.088); внешних групп 0 (+0.000); 1–2д 0% (+0.000); цикл +0.00
100000008205000100,0,True,0,0,0.0,0.0,0,0,0,0,0.0,0.0,0,0.0002840372852618645,0.0,False,False,87,False,0,0.0,peripheral,0.3,1.0,in=0/0 KZT; out=0/0 KZT; tx=0/0; d=0; нет наблюдаемых связей,0.0,0.0,0.0,0.0,0.0,0.0,0.0,Оборот 0 (+0.000); связей 0 (+0.000); seed 0 (+0.000); внешних групп 0 (+0.000); 1–2д 0% (+0.000); цикл +0.00
100000008205937100,2,False,1,0,35000.0,0.0,3,0,5,0,0.0,0.0,0,0.00032972248262276793,0.0,True,False,12,False,3,0.3333333333333333,terminal,0.55,1.0,in=1/35000 KZT; out=0/0 KZT; tx=3/0; d=2; нет выхода в наблюдаемой выборке,0.1539331401015672,0.029007293138962602,0.14421141086977404,0.0,0.0,0.0,0.327152,Оборот 35000 (+0.154); связей 1 (+0.029); seed 5 (+0.144); внешних групп 0 (+0.000); 1–2д 0% (+0.000); цикл +0.00
100000008213966100,2,False,3,1,187004.0,436900.0,7,8,2,1,55000.0,0.2941113559068255,1,0.0019339061915305035,2.336313661739856,True,False,15,True,7,0.3333333333333333,peripheral,0.4,1.0,in=3/187004 KZT; out=1/436900 KZT; tx=7/8; d=2; недостаточно признаков других ролей,0.1963127176234768,0.06735284889599069,0.08842282173954807,0.039397430255579034,0.029411135590682553,0.1,0.520897,Оборот 623904 (+0.196); связей 4 (+0.067); seed 2 (+0.088); внешних групп 1 (+0.039); 1–2д 29% (+0.029); цикл +0.10
100000008219168100,1,False,1,0,53200.0,0.0,2,0,1,0,0.0,0.0,0,0.0002870679925651308,0.0,True,False,1,False,2,0.5,terminal,0.55,1.0,in=1/53200 KZT; out=0/0 KZT; tx=2/0; d=1; нет выхода в наблюдаемой выборке,0.1600930444790418,0.029007293138962602,0.05578858913022596,0.0,0.0,0.0,0.244889,Оборот 53200 (+0.160); связей 1 (+0.029); seed 1 (+0.056); внешних групп 0 (+0.000); 1–2д 0% (+0.000); цикл +0.00
100000008221543100,1,False,2,0,542000.0,0.0,2,0,1,1,0.0,0.0,0,0.0003693238604807061,0.0,True,False,28,False,2,0.5,terminal,0.55,1.0,in=2/542000 KZT; out=0/0 KZT; tx=2/0; d=1; нет выхода в наблюдаемой выборке,0.19424230008035498,0.04597547187268181,0.05578858913022596,0.039397430255579034,0.0,0.0,0.335404,Оборот 542000 (+0.194); связей 2 (+0.046); seed 1 (+0.056); внешних групп 1 (+0.039); 1–2д 0% (+0.000); цикл +0.00
100000008221765100,4,False,1,0,156354.0,0.0,1,0,3,0,0.0,0.0,0,0.0005372045772029146,0.0,True,True,10,False,1,1.0,peripheral,0.2,1.0,in=1/156354 KZT; out=0/0 KZT; tx=1/0; d=4; граница выгрузки; роль неизвестна,0.17595329654397038,0.029007293138962602,0.11157717826045192,0.0,0.0,0.0,0.316538,Оборот 156354 (+0.176); связей 1 (+0.029); seed 3 (+0.112); внешних групп 0 (+0.000); 1–2д 0% (+0.000); цикл +0.00
100000008223661100,3,False,2,5,202000.0,262580.0,2,5,2,4,15846.0,0.07844554455445545,1,0.00031305790767622595,1.29990099009901,True,False,4,False,5,0.42857142857142855,distributor,0.8,0.6666666666666666,in=2/202000 KZT; out=5/262580 KZT; tx=2/5; d=3; рассылка многим получателям,0.19197471796460241,0.08702187941688781,0.08842282173954807,0.09147800017679435,0.007844554455445544,0.0,0.466742,Оборот 464580 (+0.192); связей 7 (+0.087); seed 2 (+0.088); внешних групп 4 (+0.091); 1–2д 8% (+0.008); цикл +0.00
100000008223756100,3,False,2,0,331682.0,0.0,2,0,2,1,0.0,0.0,0,0.00035420394470986273,0.0,True,False,8,False,2,0.5,terminal,0.55,1.0,in=2/331682 KZT; out=0/0 KZT; tx=2/0; d=3; нет выхода в наблюдаемой выборке,0.18701743260383674,0.04597547187268181,0.08842282173954807,0.039397430255579034,0.0,0.0,0.360813,Оборот 331682 (+0.187); связей 2 (+0.046); seed 2 (+0.088); внешних групп 1 (+0.039); 1–2д 0% (+0.000); цикл +0.00
100000008229700100,1,False,1,1,23500.0,7200.0,1,1,1,0,0.0,0.0,0,0.00028791178881309613,0.30638297872340425,True,False,7,False,2,0.5,peripheral,0.4,1.0,in=1/23500 KZT; out=1/7200 KZT; tx=1/1; d=1; недостаточно признаков других ролей,0.15200467618890035,0.04597547187268181,0.05578858913022596,0.0,0.0,0.0,0.253769,Оборот 30700 (+0.152); связей 2 (+0.046); seed 1 (+0.056); внешних групп 0 (+0.000); 1–2д 0% (+0.000); цикл +0.00
100000008232832100,1,False,1,1,337000.0,138000.0,2,1,4,0,0.0,0.0,0,0.0004905494028038484,0.4094955489614243,True,False,51,False,2,0.6666666666666666,peripheral,0.4,1.0,in=1/337000 KZT; out=1/138000 KZT; tx=2/1; d=1; недостаточно признаков других ролей,0.19230104365079592,0.04597547187268181,0.12953709247559939,0.0,0.0,0.0,0.367814,Оборот 475000 (+0.192); связей 2 (+0.046); seed 4 (+0.130); внешних групп 0 (+0.000); 1–2д 0% (+0.000); цикл +0.00
100000008237827100,1,False,1,0,40001.0,0.0,1,0,4,0,0.0,0.0,0,0.00029198212202017997,0.0,True,False,2,False,1,1.0,terminal,0.55,1.0,in=1/40001 KZT; out=0/0 KZT; tx=1/0; d=1; нет выхода в наблюдаемой выборке,0.15589796336676512,0.029007293138962602,0.12953709247559939,0.0,0.0,0.0,0.314442,Оборот 40001 (+0.156); связей 1 (+0.029); seed 4 (+0.130); внешних групп 0 (+0.000); 1–2д 0% (+0.000); цикл +0.00
100000008238112100,3,False,1,0,190000.0,0.0,1,0,3,0,0.0,0.0,0,0.0002901440198208894,0.0,True,False,10,False,1,1.0,terminal,0.55,1.0,in=1/190000 KZT; out=0/0 KZT; tx=1/0; d=3; нет выхода в наблюдаемой выборке,0.17882066084633433,0.029007293138962602,0.11157717826045192,0.0,0.0,0.0,0.319405,Оборот 190000 (+0.179); связей 1 (+0.029); seed 3 (+0.112); внешних групп 0 (+0.000); 1–2д 0% (+0.000); цикл +0.00
100000008238989100,2,False,1,0,200000.0,0.0,2,0,1,0,0.0,0.0,0,0.00032146089918725116,0.0,True,False,29,False,2,0.5,terminal,0.55,1.0,in=1/200000 KZT; out=0/0 KZT; tx=2/0; d=2; нет выхода в наблюдаемой выборке,0.17957528168352788,0.029007293138962602,0.05578858913022596,0.0,0.0,0.0,0.264371,Оборот 200000 (+0.180); связей 1 (+0.029); seed 1 (+0.056); внешних групп 0 (+0.000); 1–2д 0% (+0.000); цикл +0.00
100000008244300100,1,False,5,0,65430.0,0.0,6,0,3,3,0.0,0.0,0,0.00047647064839514866,0.0,True,False,10,False,6,0.16666666666666666,consolidator,0.75,1.0,in=5/65430 KZT; out=0/0 KZT; tx=6/0; d=1; сбор; выход 0% наблюдаемого входа,0.16313722717614113,0.0749827650116444,0.11157717826045192,0.07879486051115807,0.0,0.0,0.428492,Оборот 65430 (+0.163); связей 5 (+0.075); seed 3 (+0.112); внешних групп 3 (+0.079); 1–2д 0% (+0.000); цикл +0.00
100000008251939100,4,False,1,0,44360.0,0.0,1,0,2,0,0.0,0.0,0,0.00030051640654372893,0.0,True,True,18,False,1,1.0,peripheral,0.2,1.0,in=1/44360 KZT; out=0/0 KZT; tx=1/0; d=4; граница выгрузки; роль неизвестна,0.15741963943562942,0.029007293138962602,0.08842282173954807,0.0,0.0,0.0,0.27485,Оборот 44360 (+0.157); связей 1 (+0.029); seed 2 (+0.088); внешних групп 0 (+0.000); 1–2д 0% (+0.000); цикл +0.00
100000008254069100,2,False,1,5,10200.0,107500.0,2,6,4,1,0.0,0.0,0,0.0003405685663666991,10.53921568627451,True,False,49,True,4,0.375,distributor,0.8,0.6666666666666666,in=1/10200 KZT; out=5/107500 KZT; tx=2/6; d=2; рассылка многим получателям,0.17177537233543413,0.08143376716923444,0.12953709247559939,0.039397430255579034,0.0,0.1,0.522144,Оборот 117700 (+0.172); связей 6 (+0.081); seed 4 (+0.130); внешних групп 1 (+0.039); 1–2д 0% (+0.000); цикл +0.10
100000008254576100,3,False,1,1,8000.0,60000.0,1,1,1,0,0.0,0.0,0,0.0002900787175209288,7.5,True,False,38,False,2,0.5,peripheral,0.4,1.0,in=1/8000 KZT; out=1/60000 KZT; tx=1/1; d=3; недостаточно признаков других ролей,0.16370402381261542,0.04597547187268181,0.05578858913022596,0.0,0.0,0.0,0.265468,Оборот 68000 (+0.164); связей 2 (+0.046); seed 1 (+0.056); внешних групп 0 (+0.000); 1–2д 0% (+0.000); цикл +0.00
100000008255655100,4,False,1,0,5400.0,0.0,1,0,1,0,0.0,0.0,0,0.000528052592634837,0.0,True,True,28,False,1,1.0,peripheral,0.2,1.0,in=1/5400 KZT; out=0/0 KZT; tx=1/0; d=4; граница выгрузки; роль неизвестна,0.1264395462298287,0.029007293138962602,0.05578858913022596,0.0,0.0,0.0,0.211235,Оборот 5400 (+0.126); связей 1 (+0.029); seed 1 (+0.056); внешних групп 0 (+0.000); 1–2д 0% (+0.000); цикл +0.00
100000008258083100,2,False,2,2,3149500.0,2045650.0,13,6,3,0,87500.0,0.027782187648833147,5,0.001041108900889549,0.6495157961581204,True,False,33,True,12,0.15789473684210525,peripheral,0.4,1.0,in=2/3149500 KZT; out=2/2045650 KZT; tx=13/6; d=2; недостаточно признаков других ролей,0.22749445691782727,0.06735284889599069,0.11157717826045192,0.0,0.002778218764883315,0.1,0.509203,Оборот 5195150 (+0.227); связей 4 (+0.067); seed 3 (+0.112); внешних групп 0 (+0.000); 1–2д 3% (+0.003); цикл +0.10
100000008258458100,3,False,1,2,19000.0,1557988.0,1,4,2,1,0.0,0.0,0,0.00028969066853050895,81.99936842105264,True,False,70,False,3,0.4,peripheral,0.4,1.0,in=1/19000 KZT; out=2/1557988 KZT; tx=1/4; d=3; недостаточно признаков других ролей,0.2099547395815792,0.058014586277925204,0.08842282173954807,0.039397430255579034,0.0,0.0,0.39579,Оборот 1576988 (+0.210); связей 3 (+0.058); seed 2 (+0.088); внешних групп 1 (+0.039); 1–2д 0% (+0.000); цикл +0.00
100000008259451100,3,False,1,0,55000.0,0.0,1,0,1,0,0.0,0.0,0,0.0002995299229832352,0.0,True,False,40,False,1,1.0,terminal,0.55,1.0,in=1/55000 KZT; out=0/0 KZT; tx=1/0; d=3; нет выхода в наблюдаемой выборке,0.16058257267085202,0.029007293138962602,0.05578858913022596,0.0,0.0,0.0,0.245378,Оборот 55000 (+0.161); связей 1 (+0.029); seed 1 (+0.056); внешних групп 0 (+0.000); 1–2д 0% (+0.000); цикл +0.00
100000008279405100,3,False,1,0,234738.0,0.0,2,0,1,0,0.0,0.0,0,0.0003314205226227102,0.0,True,False,8,False,2,0.5,terminal,0.55,1.0,in=1/234738 KZT; out=0/0 KZT; tx=2/0; d=3; нет выхода в наблюдаемой выборке,0.18193142933147183,0.029007293138962602,0.05578858913022596,0.0,0.0,0.0,0.266727,Оборот 234738 (+0.182); связей 1 (+0.029); seed 1 (+0.056); внешних групп 0 (+0.000); 1–2д 0% (+0.000); цикл +0.00
100000008283183100,2,False,1,0,29000.0,0.0,1,0,1,0,0.0,0.0,0,0.00029381240672199426,0.0,True,False,22,False,1,1.0,terminal,0.55,1.0,in=1/29000 KZT; out=0/0 KZT; tx=1/0; d=2; нет выхода в наблюдаемой выборке,0.1511666108422302,0.029007293138962602,0.05578858913022596,0.0,0.0,0.0,0.235962,Оборот 29000 (+0.151); связей 1 (+0.029); seed 1 (+0.056); внешних групп 0 (+0.000); 1–2д 0% (+0.000); цикл +0.00
100000008289539100,2,False,1,0,14912.0,0.0,1,0,3,0,0.0,0.0,0,0.0002887447831909519,0.0,True,False,3,False,1,1.0,terminal,0.55,1.0,in=1/14912 KZT; out=0/0 KZT; tx=1/0; d=2; нет выхода в наблюдаемой выборке,0.14138173285451253,0.029007293138962602,0.11157717826045192,0.0,0.0,0.0,0.281966,Оборот 14912 (+0.141); связей 1 (+0.029); seed 3 (+0.112); внешних групп 0 (+0.000); 1–2д 0% (+0.000); цикл +0.00
100000008293431100,3,False,1,5,15000.0,297000.0,1,7,1,2,0.0,0.0,0,0.0002853573992977896,19.8,True,False,0,True,7,0.25,distributor,0.8,0.6666666666666666,in=1/15000 KZT; out=5/297000 KZT; tx=1/7; d=3; рассылка многим получателям,0.18611745367517774,0.08143376716923444,0.05578858913022596,0.062443449579869886,0.0,0.1,0.485783,Оборот 312000 (+0.186); связей 6 (+0.081); seed 1 (+0.056); внешних групп 2 (+0.062); 1–2д 0% (+0.000); цикл +0.10
100000008295429100,3,False,1,0,352000.0,0.0,1,0,3,0,0.0,0.0,0,0.00029535081455016326,0.0,True,False,10,False,1,1.0,terminal,0.55,1.0,in=1/352000 KZT; out=0/0 KZT; tx=1/0; d=3; нет выхода в наблюдаемой выборке,0.18789212200931374,0.029007293138962602,0.11157717826045192,0.0,0.0,0.0,0.328477,Оборот 352000 (+0.188); связей 1 (+0.029); seed 3 (+0.112); внешних групп 0 (+0.000); 1–2д 0% (+0.000); цикл +0.00
100000008297199100,3,False,1,0,42268.0,0.0,1,0,2,0,0.0,0.0,0,0.00029497341979497094,0.0,True,False,0,False,1,1.0,terminal,0.55,1.0,in=1/42268 KZT; out=0/0 KZT; tx=1/0; d=3; нет выхода в наблюдаемой выборке,0.15670895266406265,0.029007293138962602,0.08842282173954807,0.0,0.0,0.0,0.274139,Оборот 42268 (+0.157); связей 1 (+0.029); seed 2 (+0.088); внешних групп 0 (+0.000); 1–2д 0% (+0.000); цикл +0.00
100000008304115100,1,False,1,0,51000.0,0.0,1,0,1,0,0.0,0.0,0,0.0002924457823304949,0.0,True,False,7,False,1,1.0,terminal,0.55,1.0,in=1/51000 KZT; out=0/0 KZT; tx=1/0; d=1; нет выхода в наблюдаемой выборке,0.1594717298325002,0.029007293138962602,0.05578858913022596,0.0,0.0,0.0,0.244268,Оборот 51000 (+0.159); связей 1 (+0.029); seed 1 (+0.056); внешних групп 0 (+0.000); 1–2д 0% (+0.000); цикл +0.00
100000008304139100,1,False,4,24,189329.75,1692997.0,4,43,2,9,171228.75,0.9043943173220268,4,0.0003118821974114273,8.942054801213228,True,False,2,True,24,0.0851063829787234,distributor,0.8,0.6666666666666666,in=4/189330 KZT; out=24/1692997 KZT; tx=4/43; d=1; рассылка многим получателям,0.21255863585466306,0.14091687878917475,0.08842282173954807,0.1308754304323734,0.09043943173220269,0.1,0.763213,Оборот 1882327 (+0.213); связей 28 (+0.141); seed 2 (+0.088); внешних групп 9 (+0.131); 1–2д 90% (+0.090); цикл +0.10
100000008306857100,3,False,1,0,125000.0,0.0,1,0,2,0,0.0,0.0,0,0.00028994864053911166,0.0,True,False,24,False,1,1.0,terminal,0.55,1.0,in=1/125000 KZT; out=0/0 KZT; tx=1/0; d=3; нет выхода в наблюдаемой выборке,0.1726606529352228,0.029007293138962602,0.08842282173954807,0.0,0.0,0.0,0.290091,Оборот 125000 (+0.173); связей 1 (+0.029); seed 2 (+0.088); внешних групп 0 (+0.000); 1–2д 0% (+0.000); цикл +0.00
100000008308418100,4,False,1,0,50000.0,0.0,1,0,2,0,0.0,0.0,0,0.00042910531853190343,0.0,True,True,0,False,1,1.0,peripheral,0.2,1.0,in=1/50000 KZT; out=0/0 KZT; tx=1/0; d=4; граница выгрузки; роль неизвестна,0.1591804002131276,0.029007293138962602,0.08842282173954807,0.0,0.0,0.0,0.276611,Оборот 50000 (+0.159); связей 1 (+0.029); seed 2 (+0.088); внешних групп 0 (+0.000); 1–2д 0% (+0.000); цикл +0.00
100000008309514100,3,False,1,0,17200.0,0.0,1,0,1,0,0.0,0.0,0,0.00028670215218414474,0.0,True,False,22,False,1,1.0,terminal,0.55,1.0,in=1/17200 KZT; out=0/0 KZT; tx=1/0; d=3; нет выхода в наблюдаемой выборке,0.14348163226297123,0.029007293138962602,0.05578858913022596,0.0,0.0,0.0,0.228278,Оборот 17200 (+0.143); связей 1 (+0.029); seed 1 (+0.056); внешних групп 0 (+0.000); 1–2д 0% (+0.000); цикл +0.00
100000008314203100,0,True,2,2,382076.0,327000.0,10,13,3,0,129000.0,0.3376291627843675,4,0.0004992320778223485,0.8558506684533967,True,False,51,True,13,0.17391304347826086,peripheral,0.4,1.0,in=2/382076 KZT; out=2/327000 KZT; tx=10/13; d=0; недостаточно признаков других ролей,0.19819534799490884,0.06735284889599069,0.11157717826045192,0.0,0.0,0.1,0.477125,Оборот 709076 (+0.198); связей 4 (+0.067); seed 3 (+0.112); внешних групп 0 (+0.000); 1–2д 34% (+0.000); цикл +0.10
100000008314863100,3,False,1,0,12000.0,0.0,1,0,2,0,0.0,0.0,0,0.0005138944435778045,0.0,True,False,2,False,1,1.0,terminal,0.55,1.0,in=1/12000 KZT; out=0/0 KZT; tx=1/0; d=3; нет выхода в наблюдаемой выборке,0.13818565837320845,0.029007293138962602,0.08842282173954807,0.0,0.0,0.0,0.255616,Оборот 12000 (+0.138); связей 1 (+0.029); seed 2 (+0.088); внешних групп 0 (+0.000); 1–2д 0% (+0.000); цикл +0.00
100000008321975100,4,False,1,0,5900.0,0.0,1,0,2,0,0.0,0.0,0,0.00030156986721106073,0.0,True,True,32,False,1,1.0,peripheral,0.2,1.0,in=1/5900 KZT; out=0/0 KZT; tx=1/0; d=4; граница выгрузки; роль неизвестна,0.12774210910380604,0.029007293138962602,0.08842282173954807,0.0,0.0,0.0,0.245172,Оборот 5900 (+0.128); связей 1 (+0.029); seed 2 (+0.088); внешних групп 0 (+0.000); 1–2д 0% (+0.000); цикл +0.00
100000008324800100,2,False,3,1,526500.0,511000.0,17,13,3,2,210000.0,0.39886039886039887,3,0.001945821565047556,0.9705603038936372,True,False,85,True,8,0.26666666666666666,peripheral,0.4,1.0,in=3/526500 KZT; out=1/511000 KZT; tx=17/13; d=2; недостаточно признаков других ролей,0.20379480820684356,0.06735284889599069,0.11157717826045192,0.062443449579869886,0.03988603988603989,0.1,0.585054,Оборот 1037500 (+0.204); связей 4 (+0.067); seed 3 (+0.112); внешних групп 2 (+0.062); 1–2д 40% (+0.040); цикл +0.10
100000008327791100,4,False,1,0,11000.0,0.0,1,0,1,0,0.0,0.0,0,0.0005335791797667817,0.0,True,True,28,False,1,1.0,peripheral,0.2,1.0,in=1/11000 KZT; out=0/0 KZT; tx=1/0; d=4; граница выгрузки; роль неизвестна,0.13690566223636327,0.029007293138962602,0.05578858913022596,0.0,0.0,0.0,0.221702,Оборот 11000 (+0.137); связей 1 (+0.029); seed 1 (+0.056); внешних групп 0 (+0.000); 1–2д 0% (+0.000); цикл +0.00
100000008331280100,4,False,1,0,41000.0,0.0,2,0,1,0,0.0,0.0,0,0.0003162820288046077,0.0,True,True,14,False,2,0.5,peripheral,0.2,1.0,in=1/41000 KZT; out=0/0 KZT; tx=2/0; d=4; граница выгрузки; роль неизвестна,0.15626086325008096,0.029007293138962602,0.05578858913022596,0.0,0.0,0.0,0.241057,Оборот 41000 (+0.156); связей 1 (+0.029); seed 1 (+0.056); внешних групп 0 (+0.000); 1–2д 0% (+0.000); цикл +0.00
100000008332511100,3,False,1,0,100000.0,0.0,1,0,4,0,0.0,0.0,0,0.0011043230338188897,0.0,True,False,24,False,1,1.0,terminal,0.55,1.0,in=1/100000 KZT; out=0/0 KZT; tx=1/0; d=3; нет выхода в наблюдаемой выборке,0.16937780416926437,0.029007293138962602,0.12953709247559939,0.0,0.0,0.0,0.327922,Оборот 100000 (+0.169); связей 1 (+0.029); seed 4 (+0.130); внешних групп 0 (+0.000); 1–2д 0% (+0.000); цикл +0.00
100000008333492100,4,False,1,0,216400.0,0.0,1,0,1,0,0.0,0.0,0,0.0004354837533642592,0.0,True,True,60,False,1,1.0,peripheral,0.2,1.0,in=1/216400 KZT; out=0/0 KZT; tx=1/0; d=4; граница выгрузки; роль неизвестна,0.18073474275609783,0.029007293138962602,0.05578858913022596,0.0,0.0,0.0,0.265531,Оборот 216400 (+0.181); связей 1 (+0.029); seed 1 (+0.056); внешних групп 0 (+0.000); 1–2д 0% (+0.000); цикл +0.00
100000008335401100,2,False,1,0,150000.0,0.0,3,0,2,0,0.0,0.0,0,0.0005478806918531156,0.0,True,False,18,False,1,1.0,terminal,0.55,1.0,in=1/150000 KZT; out=0/0 KZT; tx=3/0; d=2; нет выхода в наблюдаемой выборке,0.17534294010700102,0.029007293138962602,0.08842282173954807,0.0,0.0,0.0,0.292773,Оборот 150000 (+0.175); связей 1 (+0.029); seed 2 (+0.088); внешних групп 0 (+0.000); 1–2д 0% (+0.000); цикл +0.00
100000008336318100,4,False,1,0,170000.0,0.0,1,0,1,0,0.0,0.0,0,0.00032491870737350916,0.0,True,True,4,False,1,1.0,peripheral,0.2,1.0,in=1/170000 KZT; out=0/0 KZT; tx=1/0; d=4; граница выгрузки; роль неизвестна,0.17718432326567204,0.029007293138962602,0.05578858913022596,0.0,0.0,0.0,0.26198,Оборот 170000 (+0.177); связей 1 (+0.029); seed 1 (+0.056); внешних групп 0 (+0.000); 1–2д 0% (+0.000); цикл +0.00
100000008337304100,4,False,1,0,105465.0,0.0,2,0,1,0,0.0,0.0,0,0.0003522772406743106,0.0,True,True,8,False,1,1.0,peripheral,0.2,1.0,in=1/105465 KZT; out=0/0 KZT; tx=2/0; d=4; граница выгрузки; роль неизвестна,0.170160604418962,0.029007293138962602,0.05578858913022596,0.0,0.0,0.0,0.254956,Оборот 105465 (+0.170); связей 1 (+0.029); seed 1 (+0.056); внешних групп 0 (+0.000); 1–2д 0% (+0.000); цикл +0.00
100000008343415100,4,False,1,0,100000.0,0.0,3,0,2,0,0.0,0.0,0,0.0004314669467661542,0.0,True,True,35,False,1,1.0,peripheral,0.2,1.0,in=1/100000 KZT; out=0/0 KZT; tx=3/0; d=4; граница выгрузки; роль неизвестна,0.16937780416926437,0.029007293138962602,0.08842282173954807,0.0,0.0,0.0,0.286808,Оборот 100000 (+0.169); связей 1 (+0.029); seed 2 (+0.088); внешних групп 0 (+0.000); 1–2д 0% (+0.000); цикл +0.00
100000008343874100,3,False,2,2,283535.0,176400.0,2,5,2,1,143400.0,0.5057576666020068,2,0.0003059599092780296,0.6221454141464017,True,False,35,False,5,0.42857142857142855,peripheral,0.4,1.0,in=2/283535 KZT; out=2/176400 KZT; tx=2/5; d=3; недостаточно признаков других ролей,0.1918268837715566,0.06735284889599069,0.08842282173954807,0.039397430255579034,0.05057576666020069,0.0,0.437576,Оборот 459935 (+0.192); связей 4 (+0.067); seed 2 (+0.088); внешних групп 1 (+0.039); 1–2д 51% (+0.051); цикл +0.00
100000008346837100,2,False,9,25,254359.0,1258643.0,12,26,6,7,210550.0,0.8277670536525148,6,0.0005440589933665711,4.948293553599441,True,False,12,True,15,0.15789473684210525,coordinator,0.75,1.0,in=9/254359 KZT; out=25/1258643 KZT; tx=12/26; d=2; связь с 6 seed и 7 внеш. группами,0.2093453568865971,0.14878661606522514,0.1566183702893892,0.1181922907667371,0.08277670536525149,0.1,0.815719,Оборот 1513002 (+0.209); связей 34 (+0.149); seed 6 (+0.157); внешних групп 7 (+0.118); 1–2д 83% (+0.083); цикл +0.10
100000008349675100,1,False,1,1,46520.0,36650.0,1,2,1,0,0.0,0.0,0,0.00028668744510675076,0.7878331900257953,True,False,1,False,2,0.6666666666666666,peripheral,0.4,1.0,in=1/46520 KZT; out=1/36650 KZT; tx=1/2; d=1; недостаточно признаков других ролей,0.16666666342180161,0.04597547187268181,0.05578858913022596,0.0,0.0,0.0,0.268431,Оборот 83170 (+0.167); связей 2 (+0.046); seed 1 (+0.056); внешних групп 0 (+0.000); 1–2д 0% (+0.000); цикл +0.00
100000008349740100,4,False,1,0,70000.0,0.0,2,0,3,0,0.0,0.0,0,0.00029094734102650923,0.0,True,True,20,False,2,0.5,peripheral,0.2,1.0,in=1/70000 KZT; out=0/0 KZT; tx=2/0; d=4; граница выгрузки; роль неизвестна,0.16413048100875918,0.029007293138962602,0.11157717826045192,0.0,0.0,0.0,0.304715,Оборот 70000 (+0.164); связей 1 (+0.029); seed 3 (+0.112); внешних групп 0 (+0.000); 1–2д 0% (+0.000); цикл +0.00
100000008352542100,2,False,1,0,50220.0,0.0,1,0,4,0,0.0,0.0,0,0.00032963153604009896,0.0,True,False,2,False,1,1.0,terminal,0.55,1.0,in=1/50220 KZT; out=0/0 KZT; tx=1/0; d=2; нет выхода в наблюдаемой выборке,0.15924498953679941,0.029007293138962602,0.12953709247559939,0.0,0.0,0.0,0.317789,Оборот 50220 (+0.159); связей 1 (+0.029); seed 4 (+0.130); внешних групп 0 (+0.000); 1–2д 0% (+0.000); цикл +0.00
100000008356606100,2,False,2,0,168500.0,0.0,2,0,1,0,0.0,0.0,0,0.0006230027334802671,0.0,True,False,12,False,2,0.5,terminal,0.55,1.0,in=2/168500 KZT; out=0/0 KZT; tx=2/0; d=2; нет выхода в наблюдаемой выборке,0.1770539365678656,0.04597547187268181,0.05578858913022596,0.0,0.0,0.0,0.278818,Оборот 168500 (+0.177); связей 2 (+0.046); seed 1 (+0.056); внешних групп 0 (+0.000); 1–2д 0% (+0.000); цикл +0.00
100000008376089100,2,False,1,0,135000.0,0.0,1,0,3,0,0.0,0.0,0,0.00030074895742571975,0.0,True,False,33,False,1,1.0,terminal,0.55,1.0,in=1/135000 KZT; out=0/0 KZT; tx=1/0; d=2; нет выхода в наблюдаемой выборке,0.17379289169593487,0.029007293138962602,0.11157717826045192,0.0,0.0,0.0,0.314377,Оборот 135000 (+0.174); связей 1 (+0.029); seed 3 (+0.112); внешних групп 0 (+0.000); 1–2д 0% (+0.000); цикл +0.00
100000008376785100,4,False,1,0,234250.0,0.0,2,0,3,0,0.0,0.0,0,0.0005286571752915876,0.0,True,True,10,False,2,0.5,peripheral,0.2,1.0,in=1/234250 KZT; out=0/0 KZT; tx=2/0; d=4; граница выгрузки; роль неизвестна,0.18190081274136888,0.029007293138962602,0.11157717826045192,0.0,0.0,0.0,0.322485,Оборот 234250 (+0.182); связей 1 (+0.029); seed 3 (+0.112); внешних групп 0 (+0.000); 1–2д 0% (+0.000); цикл +0.00
100000008379273100,3,False,2,4,36000.0,38000.0,2,4,2,3,0.0,0.0,0,0.00029738689439238623,1.0555555555555556,True,False,18,True,5,0.3333333333333333,peripheral,0.4,0.6666666666666666,in=2/36000 KZT; out=4/38000 KZT; tx=2/4; d=3; недостаточно признаков других ролей,0.16494801087361774,0.08143376716923444,0.08842282173954807,0.07879486051115807,0.0,0.1,0.513599,Оборот 74000 (+0.165); связей 6 (+0.081); seed 2 (+0.088); внешних групп 3 (+0.079); 1–2д 0% (+0.000); цикл +0.10
100000008383405100,1,False,1,0,25000.0,0.0,2,0,1,0,0.0,0.0,0,0.00030435981829883085,0.0,True,False,21,False,2,0.5,terminal,0.55,1.0,in=1/25000 KZT; out=0/0 KZT; tx=2/0; d=1; нет выхода в наблюдаемой выборке,0.14898314336993435,0.029007293138962602,0.05578858913022596,0.0,0.0,0.0,0.233779,Оборот 25000 (+0.149); связей 1 (+0.029); seed 1 (+0.056); внешних групп 0 (+0.000); 1–2д 0% (+0.000); цикл +0.00
100000008388049100,3,False,1,0,496400.0,0.0,1,0,2,0,0.0,0.0,0,0.00030751245933886856,0.0,True,False,24,False,1,1.0,terminal,0.55,1.0,in=1/496400 KZT; out=0/0 KZT; tx=1/0; d=3; нет выхода в наблюдаемой выборке,0.19294935776423508,0.029007293138962602,0.08842282173954807,0.0,0.0,0.0,0.310379,Оборот 496400 (+0.193); связей 1 (+0.029); seed 2 (+0.088); внешних групп 0 (+0.000); 1–2д 0% (+0.000); цикл +0.00
100000008389800100,2,False,3,7,189000.0,401620.0,3,8,1,2,166400.0,0.8804232804232804,3,0.000502011261962191,2.124973544973545,True,False,16,True,7,0.2727272727272727,distributor,0.8,0.6666666666666666,in=3/189000 KZT; out=7/401620 KZT; tx=3/8; d=2; рассылка многим получателям,0.1955061553972356,0.10034874705600798,0.05578858913022596,0.062443449579869886,0.08804232804232805,0.1,0.602129,Оборот 590620 (+0.196); связей 10 (+0.100); seed 1 (+0.056); внешних групп 2 (+0.062); 1–2д 88% (+0.088); цикл +0.10
100000008405209100,3,False,1,0,54400.0,0.0,1,0,1,0,0.0,0.0,0,0.00029253731785083446,0.0,True,False,28,False,1,1.0,terminal,0.55,1.0,in=1/54400 KZT; out=0/0 KZT; tx=1/0; d=3; нет выхода в наблюдаемой выборке,0.1604211997101891,0.029007293138962602,0.05578858913022596,0.0,0.0,0.0,0.245217,Оборот 54400 (+0.160); связей 1 (+0.029); seed 1 (+0.056); внешних групп 0 (+0.000); 1–2д 0% (+0.000); цикл +0.00
100000008406609100,2,False,1,0,34000.0,0.0,1,0,1,0,0.0,0.0,0,0.00042791268321765044,0.0,True,False,49,False,1,1.0,terminal,0.55,1.0,in=1/34000 KZT; out=0/0 KZT; tx=1/0; d=2; нет выхода в наблюдаемой выборке,0.15350668908664886,0.029007293138962602,0.05578858913022596,0.0,0.0,0.0,0.238303,Оборот 34000 (+0.154); связей 1 (+0.029); seed 1 (+0.056); внешних групп 0 (+0.000); 1–2д 0% (+0.000); цикл +0.00
100000008413748100,2,False,2,18,26480.0,1377320.22,2,21,2,3,26480.0,1.0,1,0.0003886634499669642,52.01360347432024,True,False,28,True,5,0.6086956521739131,distributor,0.8,1.0,in=2/26480 KZT; out=18/1377320 KZT; tx=2/21; d=2; рассылка многим получателям,0.2082432444655536,0.12740923904191623,0.08842282173954807,0.07879486051115807,0.1,0.1,0.70287,Оборот 1403800 (+0.208); связей 20 (+0.127); seed 2 (+0.088); внешних групп 3 (+0.079); 1–2д 100% (+0.100); цикл +0.10
100000008416433100,3,False,1,0,20000.0,0.0,1,0,1,0,0.0,0.0,0,0.00028967097170599926,0.0,True,False,40,False,1,1.0,terminal,0.55,1.0,in=1/20000 KZT; out=0/0 KZT; tx=1/0; d=3; нет выхода в наблюдаемой выборке,0.14570041229327152,0.029007293138962602,0.05578858913022596,0.0,0.0,0.0,0.230496,Оборот 20000 (+0.146); связей 1 (+0.029); seed 1 (+0.056); внешних групп 0 (+0.000); 1–2д 0% (+0.000); цикл +0.00
100000008417029100,3,False,1,0,100000.0,0.0,1,0,2,0,0.0,0.0,0,0.00030495773346618694,0.0,True,False,4,False,1,1.0,terminal,0.55,1.0,in=1/100000 KZT; out=0/0 KZT; tx=1/0; d=3; нет выхода в наблюдаемой выборке,0.16937780416926437,0.029007293138962602,0.08842282173954807,0.0,0.0,0.0,0.286808,Оборот 100000 (+0.169); связей 1 (+0.029); seed 2 (+0.088); внешних групп 0 (+0.000); 1–2д 0% (+0.000); цикл +0.00
100000008417359100,3,False,1,2,40810.0,110760.0,2,3,1,0,30810.0,0.7549620191129625,1,0.00029041387220958255,2.714040676304827,True,False,28,True,5,0.2,peripheral,0.4,1.0,in=1/40810 KZT; out=2/110760 KZT; tx=2/3; d=3; недостаточно признаков других ролей,0.17549612395806236,0.058014586277925204,0.05578858913022596,0.0,0.07549620191129625,0.1,0.464796,Оборот 151570 (+0.175); связей 3 (+0.058); seed 1 (+0.056); внешних групп 0 (+0.000); 1–2д 75% (+0.075); цикл +0.10
100000008418835100,0,True,1,4,1372000.0,186179.0,67,6,1,1,93624.0,0.06823906705539358,3,0.0005254689777410252,0.13569897959183674,True,False,3,False,18,0.1643835616438356,peripheral,0.4,0.6666666666666666,in=1/1372000 KZT; out=4/186179 KZT; tx=67/6; d=0; недостаточно признаков других ролей,0.20977821288895274,0.0749827650116444,0.05578858913022596,0.039397430255579034,0.0,0.0,0.379947,Оборот 1558179 (+0.210); связей 5 (+0.075); seed 1 (+0.056); внешних групп 1 (+0.039); 1–2д 7% (+0.000); цикл +0.00
100000008418934100,2,False,1,0,360000.0,0.0,1,0,1,0,0.0,0.0,0,0.0003176868364829991,0.0,True,False,4,False,1,1.0,terminal,0.55,1.0,in=1/360000 KZT; out=0/0 KZT; tx=1/0; d=2; нет выхода в наблюдаемой выборке,0.18822274075517736,0.029007293138962602,0.05578858913022596,0.0,0.0,0.0,0.273019,Оборот 360000 (+0.188); связей 1 (+0.029); seed 1 (+0.056); внешних групп 0 (+0.000); 1–2д 0% (+0.000); цикл +0.00
100000008422226100,3,False,1,0,87450.0,0.0,1,0,2,0,0.0,0.0,0,0.0002889280863699294,0.0,True,False,0,False,1,1.0,terminal,0.55,1.0,in=1/87450 KZT; out=0/0 KZT; tx=1/0; d=3; нет выхода в наблюдаемой выборке,0.167404908025802,0.029007293138962602,0.08842282173954807,0.0,0.0,0.0,0.284835,Оборот 87450 (+0.167); связей 1 (+0.029); seed 2 (+0.088); внешних групп 0 (+0.000); 1–2д 0% (+0.000); цикл +0.00
100000008427027100,3,False,1,0,300000.0,0.0,1,0,2,0,0.0,0.0,0,0.0005479295884264172,0.0,True,False,2,False,1,1.0,terminal,0.55,1.0,in=1/300000 KZT; out=0/0 KZT; tx=1/0; d=3; нет выхода в наблюдаемой выборке,0.1855404421408853,0.029007293138962602,0.08842282173954807,0.0,0.0,0.0,0.302971,Оборот 300000 (+0.186); связей 1 (+0.029); seed 2 (+0.088); внешних групп 0 (+0.000); 1–2д 0% (+0.000); цикл +0.00
100000008430691100,3,False,1,2,20000.0,604900.0,1,2,1,1,0.0,0.0,0,0.00030528670375102994,30.245,True,False,84,True,2,0.6666666666666666,peripheral,0.4,1.0,in=1/20000 KZT; out=2/604900 KZT; tx=1/2; d=3; недостаточно признаков других ролей,0.19633618501816336,0.058014586277925204,0.05578858913022596,0.039397430255579034,0.0,0.1,0.449537,Оборот 624900 (+0.196); связей 3 (+0.058); seed 1 (+0.056); внешних групп 1 (+0.039); 1–2д 0% (+0.000); цикл +0.10
100000008432942100,3,False,1,0,44542.0,0.0,2,0,2,0,0.0,0.0,0,0.00028652837803436795,0.0,True,False,0,False,2,0.5,terminal,0.55,1.0,in=1/44542 KZT; out=0/0 KZT; tx=2/0; d=3; нет выхода в наблюдаемой выборке,0.15747987474109348,0.029007293138962602,0.08842282173954807,0.0,0.0,0.0,0.27491,Оборот 44542 (+0.157); связей 1 (+0.029); seed 2 (+0.088); внешних групп 0 (+0.000); 1–2д 0% (+0.000); цикл +0.00
100000008436257100,3,False,2,0,35000.0,0.0,2,0,1,0,0.0,0.0,0,0.0002929826165584204,0.0,True,False,28,False,1,1.0,terminal,0.55,1.0,in=2/35000 KZT; out=0/0 KZT; tx=2/0; d=3; нет выхода в наблюдаемой выборке,0.1539331401015672,0.04597547187268181,0.05578858913022596,0.0,0.0,0.0,0.255697,Оборот 35000 (+0.154); связей 2 (+0.046); seed 1 (+0.056); внешних групп 0 (+0.000); 1–2д 0% (+0.000); цикл +0.00
100000008438656100,1,False,2,1,80000.0,5000.0,2,1,5,1,0.0,0.0,0,0.000295764680412747,0.0625,True,False,2,False,2,0.6666666666666666,peripheral,0.4,1.0,in=2/80000 KZT; out=1/5000 KZT; tx=2/1; d=1; недостаточно признаков других ролей,0.16698685873233457,0.058014586277925204,0.14421141086977404,0.039397430255579034,0.0,0.0,0.40861,Оборот 85000 (+0.167); связей 3 (+0.058); seed 5 (+0.144); внешних групп 1 (+0.039); 1–2д 0% (+0.000); цикл +0.00
100000008443341100,1,False,2,3,34500.0,50000.0,2,4,1,1,7000.0,0.2028985507246377,1,0.0006644485230334256,1.4492753623188406,True,False,7,True,4,0.5,peripheral,0.4,1.0,in=2/34500 KZT; out=3/50000 KZT; tx=2/4; d=1; недостаточно признаков других ролей,0.16690006330198673,0.0749827650116444,0.05578858913022596,0.039397430255579034,0.02028985507246377,0.1,0.457359,Оборот 84500 (+0.167); связей 5 (+0.075); seed 1 (+0.056); внешних групп 1 (+0.039); 1–2д 20% (+0.020); цикл +0.10
100000008454065100,3,False,1,0,24050.0,0.0,1,0,1,0,0.0,0.0,0,0.0002908117932109366,0.0,True,False,40,False,1,1.0,terminal,0.55,1.0,in=1/24050 KZT; out=0/0 KZT; tx=1/0; d=3; нет выхода в наблюдаемой выборке,0.14841321323883347,0.029007293138962602,0.05578858913022596,0.0,0.0,0.0,0.233209,Оборот 24050 (+0.148); связей 1 (+0.029); seed 1 (+0.056); внешних групп 0 (+0.000); 1–2д 0% (+0.000); цикл +0.00
100000008459449100,3,False,1,0,53700.0,0.0,1,0,2,0,0.0,0.0,0,0.0002979312576387883,0.0,True,False,0,False,1,1.0,terminal,0.55,1.0,in=1/53700 KZT; out=0/0 KZT; tx=1/0; d=3; нет выхода в наблюдаемой выборке,0.16023066644723735,0.029007293138962602,0.08842282173954807,0.0,0.0,0.0,0.277661,Оборот 53700 (+0.160); связей 1 (+0.029); seed 2 (+0.088); внешних групп 0 (+0.000); 1–2д 0% (+0.000); цикл +0.00
100000008460102100,3,False,1,31,17500.0,476570.0,1,34,1,4,17500.0,1.0,1,0.00029806414550897885,27.23257142857143,True,False,47,False,9,0.22857142857142856,distributor,0.8,1.0,in=1/17500 KZT; out=31/476570 KZT; tx=1/34; d=3; рассылка многим получателям,0.19288014041824808,0.14632421892868977,0.05578858913022596,0.09147800017679435,0.1,0.0,0.586471,Оборот 494070 (+0.193); связей 32 (+0.146); seed 1 (+0.056); внешних групп 4 (+0.091); 1–2д 100% (+0.100); цикл +0.00
100000008461217100,4,False,1,0,18000.0,0.0,1,0,1,0,0.0,0.0,0,0.0005423215954219172,0.0,True,True,48,False,1,1.0,peripheral,0.2,1.0,in=1/18000 KZT; out=0/0 KZT; tx=1/0; d=4; граница выгрузки; роль неизвестна,0.144150434713314,0.029007293138962602,0.05578858913022596,0.0,0.0,0.0,0.228946,Оборот 18000 (+0.144); связей 1 (+0.029); seed 1 (+0.056); внешних групп 0 (+0.000); 1–2д 0% (+0.000); цикл +0.00
100000008461532100,2,False,2,8,565300.0,2530090.0,2,9,2,1,0.0,0.0,0,0.0007397967015965475,4.475658942154608,True,False,14,True,3,0.6363636363636364,distributor,0.8,1.0,in=2/565300 KZT; out=8/2530090 KZT; tx=2/9; d=2; рассылка многим получателям,0.21987643732015674,0.10034874705600798,0.08842282173954807,0.039397430255579034,0.0,0.1,0.548045,Оборот 3095390 (+0.220); связей 10 (+0.100); seed 2 (+0.088); внешних групп 1 (+0.039); 1–2д 0% (+0.000); цикл +0.10
100000008463968100,3,False,1,0,10000.0,0.0,1,0,1,0,0.0,0.0,0,0.00028558662649574835,0.0,True,False,22,False,1,1.0,terminal,0.55,1.0,in=1/10000 KZT; out=0/0 KZT; tx=1/0; d=3; нет выхода в наблюдаемой выборке,0.13550359676243048,0.029007293138962602,0.05578858913022596,0.0,0.0,0.0,0.220299,Оборот 10000 (+0.136); связей 1 (+0.029); seed 1 (+0.056); внешних групп 0 (+0.000); 1–2д 0% (+0.000); цикл +0.00
100000008465789100,3,False,1,16,30099.0,1858100.0,1,17,3,1,30099.0,1.0,1,0.0002883275319243434,61.732947938469714,True,False,4,True,7,0.2222222222222222,distributor,0.8,1.0,in=1/30099 KZT; out=16/1858100 KZT; tx=1/17; d=3; рассылка многим получателям,0.21260446092814306,0.1209582368843262,0.11157717826045192,0.039397430255579034,0.1,0.1,0.684537,Оборот 1888199 (+0.213); связей 17 (+0.121); seed 3 (+0.112); внешних групп 1 (+0.039); 1–2д 100% (+0.100); цикл +0.10
100000008466579100,2,False,2,17,36952.0,1933000.0,2,20,2,3,30000.0,0.8118640398354622,1,0.00035401408229296404,52.31110630006495,True,False,4,True,9,0.22727272727272727,distributor,0.8,1.0,in=2/36952 KZT; out=17/1933000 KZT; tx=2/20; d=2; рассылка многим получателям,0.2132280373539702,0.1253674351739159,0.08842282173954807,0.07879486051115807,0.08118640398354622,0.1,0.687,Оборот 1969952 (+0.213); связей 19 (+0.125); seed 2 (+0.088); внешних групп 3 (+0.079); 1–2д 81% (+0.081); цикл +0.10
100000008468762100,3,False,2,0,170000.0,0.0,2,0,2,1,0.0,0.0,0,0.0003087102321920068,0.0,True,False,46,False,1,1.0,terminal,0.55,1.0,in=2/170000 KZT; out=0/0 KZT; tx=2/0; d=3; нет выхода в наблюдаемой выборке,0.17718432326567204,0.04597547187268181,0.08842282173954807,0.039397430255579034,0.0,0.0,0.35098,Оборот 170000 (+0.177); связей 2 (+0.046); seed 2 (+0.088); внешних групп 1 (+0.039); 1–2д 0% (+0.000); цикл +0.00
100000008469048100,4,False,1,0,265200.0,0.0,7,0,3,0,0.0,0.0,0,0.00057519333443722,0.0,True,True,0,False,6,0.2857142857142857,peripheral,0.2,1.0,in=1/265200 KZT; out=0/0 KZT; tx=7/0; d=4; граница выгрузки; роль неизвестна,0.1837264905974678,0.029007293138962602,0.11157717826045192,0.0,0.0,0.0,0.324311,Оборот 265200 (+0.184); связей 1 (+0.029); seed 3 (+0.112); внешних групп 0 (+0.000); 1–2д 0% (+0.000); цикл +0.00
100000008470470100,1,False,1,0,33547.0,0.0,1,0,1,0,0.0,0.0,0,0.00029102539282814104,0.0,True,False,22,False,1,1.0,terminal,0.55,1.0,in=1/33547 KZT; out=0/0 KZT; tx=1/0; d=1; нет выхода в наблюдаемой выборке,0.15330936222335226,0.029007293138962602,0.05578858913022596,0.0,0.0,0.0,0.238105,Оборот 33547 (+0.153); связей 1 (+0.029); seed 1 (+0.056); внешних групп 0 (+0.000); 1–2д 0% (+0.000); цикл +0.00
100000008471634100,4,False,1,0,20000.0,0.0,1,0,1,0,0.0,0.0,0,0.0011160644652426729,0.0,True,True,13,False,1,1.0,peripheral,0.2,1.0,in=1/20000 KZT; out=0/0 KZT; tx=1/0; d=4; граница выгрузки; роль неизвестна,0.14570041229327152,0.029007293138962602,0.05578858913022596,0.0,0.0,0.0,0.230496,Оборот 20000 (+0.146); связей 1 (+0.029); seed 1 (+0.056); внешних групп 0 (+0.000); 1–2д 0% (+0.000); цикл +0.00
100000008472324100,3,False,1,0,205200.0,0.0,1,0,3,0,0.0,0.0,0,0.0002906325585856114,0.0,True,False,10,False,1,1.0,terminal,0.55,1.0,in=1/205200 KZT; out=0/0 KZT; tx=1/0; d=3; нет выхода в наблюдаемой выборке,0.17995290258954916,0.029007293138962602,0.11157717826045192,0.0,0.0,0.0,0.320537,Оборот 205200 (+0.180); связей 1 (+0.029); seed 3 (+0.112); внешних групп 0 (+0.000); 1–2д 0% (+0.000); цикл +0.00
100000008473207100,2,False,1,0,202000.0,0.0,4,0,8,0,0.0,0.0,0,0.0005526322024602039,0.0,True,False,2,False,4,0.25,terminal,0.55,1.0,in=1/202000 KZT; out=0/0 KZT; tx=4/0; d=2; нет выхода в наблюдаемой выборке,0.17972166978852547,0.029007293138962602,0.17684564347909615,0.0,0.0,0.0,0.385575,Оборот 202000 (+0.180); связей 1 (+0.029); seed 8 (+0.177); внешних групп 0 (+0.000); 1–2д 0% (+0.000); цикл +0.00
100000008473765100,3,False,1,0,30000.0,0.0,1,0,1,0,0.0,0.0,0,0.00029009296061406723,0.0,True,False,8,False,1,1.0,terminal,0.55,1.0,in=1/30000 KZT; out=0/0 KZT; tx=1/0; d=3; нет выхода в наблюдаемой выборке,0.15166535208139753,0.029007293138962602,0.05578858913022596,0.0,0.0,0.0,0.236461,Оборот 30000 (+0.152); связей 1 (+0.029); seed 1 (+0.056); внешних групп 0 (+0.000); 1–2д 0% (+0.000); цикл +0.00
100000008474308100,2,False,1,1,14000.0,10000.0,2,1,1,0,0.0,0.0,0,0.0004421760337490897,0.7142857142857143,True,False,7,True,3,0.3333333333333333,peripheral,0.4,1.0,in=1/14000 KZT; out=1/10000 KZT; tx=2/1; d=2; недостаточно признаков других ролей,0.1483825964868302,0.04597547187268181,0.05578858913022596,0.0,0.0,0.1,0.350147,Оборот 24000 (+0.148); связей 2 (+0.046); seed 1 (+0.056); внешних групп 0 (+0.000); 1–2д 0% (+0.000); цикл +0.10
100000008474391100,3,False,1,0,20000.0,0.0,1,0,2,0,0.0,0.0,0,0.0004050372714962104,0.0,True,False,29,False,1,1.0,terminal,0.55,1.0,in=1/20000 KZT; out=0/0 KZT; tx=1/0; d=3; нет выхода в наблюдаемой выборке,0.14570041229327152,0.029007293138962602,0.08842282173954807,0.0,0.0,0.0,0.263131,Оборот 20000 (+0.146); связей 1 (+0.029); seed 2 (+0.088); внешних групп 0 (+0.000); 1–2д 0% (+0.000); цикл +0.00
100000008477350100,2,False,11,39,610100.0,3374866.0,14,44,3,4,308200.0,0.5051630880183576,7,0.0010272821771992267,5.531660383543682,True,False,0,True,17,0.1206896551724138,coordinator,0.75,1.0,in=11/610100 KZT; out=39/3374866 KZT; tx=14/44; d=2; связь с 3 seed и 4 внеш. группами,0.22359289523735967,0.16454170470344737,0.11157717826045192,0.09147800017679435,0.05051630880183577,0.1,0.741706,Оборот 3984966 (+0.224); связей 50 (+0.165); seed 3 (+0.112); внешних групп 4 (+0.091); 1–2д 51% (+0.051); цикл +0.10
100000008478414100,2,False,1,0,10000.0,0.0,1,0,1,0,0.0,0.0,0,0.0002874080167998403,0.0,True,False,22,False,1,1.0,terminal,0.55,1.0,in=1/10000 KZT; out=0/0 KZT; tx=1/0; d=2; нет выхода в наблюдаемой выборке,0.13550359676243048,0.029007293138962602,0.05578858913022596,0.0,0.0,0.0,0.220299,Оборот 10000 (+0.136); связей 1 (+0.029); seed 1 (+0.056); внешних групп 0 (+0.000); 1–2д 0% (+0.000); цикл +0.00
100000008486520100,1,False,1,1,35720.0,14000.0,2,1,2,0,0.0,0.0,0,0.0002878525678640294,0.3919372900335946,True,False,16,False,2,0.6666666666666666,peripheral,0.4,1.0,in=1/35720 KZT; out=1/14000 KZT; tx=2/1; d=1; недостаточно признаков других ролей,0.15909778336615285,0.04597547187268181,0.08842282173954807,0.0,0.0,0.0,0.293496,Оборот 49720 (+0.159); связей 2 (+0.046); seed 2 (+0.088); внешних групп 0 (+0.000); 1–2д 0% (+0.000); цикл +0.00
100000008488166100,3,False,1,0,5600.0,0.0,1,0,1,0,0.0,0.0,0,0.00028490491635283947,0.0,True,False,22,False,1,1.0,terminal,0.55,1.0,in=1/5600 KZT; out=0/0 KZT; tx=1/0; d=3; нет выхода в наблюдаемой выборке,0.12697448814028864,0.029007293138962602,0.05578858913022596,0.0,0.0,0.0,0.21177,Оборот 5600 (+0.127); связей 1 (+0.029); seed 1 (+0.056); внешних групп 0 (+0.000); 1–2д 0% (+0.000); цикл +0.00
100000008489604100,3,False,1,0,11000.0,0.0,1,0,1,0,0.0,0.0,0,0.0002857415606191367,0.0,True,False,22,False,1,1.0,terminal,0.55,1.0,in=1/11000 KZT; out=0/0 KZT; tx=1/0; d=3; нет выхода в наблюдаемой выборке,0.13690566223636327,0.029007293138962602,0.05578858913022596,0.0,0.0,0.0,0.221702,Оборот 11000 (+0.137); связей 1 (+0.029); seed 1 (+0.056); внешних групп 0 (+0.000); 1–2д 0% (+0.000); цикл +0.00
100000008489922100,3,False,3,36,262010.0,3789900.0,5,41,3,5,233000.0,0.8892790351513301,3,0.0005825208477313037,14.464715087210411,True,False,4,True,15,0.1956521739130435,distributor,0.8,1.0,in=3/262010 KZT; out=36/3789900 KZT; tx=5/41; d=3; рассылка многим получателям,0.22383799040625096,0.15437472831287852,0.11157717826045192,0.10184087983544891,0.08892790351513302,0.1,0.780559,Оборот 4051910 (+0.224); связей 39 (+0.154); seed 3 (+0.112); внешних групп 5 (+0.102); 1–2д 89% (+0.089); цикл +0.10
100000008490127100,3,False,1,6,431755.0,923000.0,2,9,3,0,0.0,0.0,0,0.0002979141967330845,2.137786476126507,True,False,10,False,7,0.18181818181818182,distributor,0.8,1.0,in=1/431755 KZT; out=6/923000 KZT; tx=2/9; d=3; рассылка многим получателям,0.20772005272319274,0.08702187941688781,0.11157717826045192,0.0,0.0,0.0,0.406319,Оборот 1354755 (+0.208); связей 7 (+0.087); seed 3 (+0.112); внешних групп 0 (+0.000); 1–2д 0% (+0.000); цикл +0.00
100000008491390100,3,False,1,0,36000.0,0.0,1,0,2,0,0.0,0.0,0,0.0002860506510696442,0.0,True,False,0,False,1,1.0,terminal,0.55,1.0,in=1/36000 KZT; out=0/0 KZT; tx=1/0; d=3; нет выхода в наблюдаемой выборке,0.1543475771383801,0.029007293138962602,0.08842282173954807,0.0,0.0,0.0,0.271778,Оборот 36000 (+0.154); связей 1 (+0.029); seed 2 (+0.088); внешних групп 0 (+0.000); 1–2д 0% (+0.000); цикл +0.00
100000008493007100,3,False,1,1,26150.0,26150.0,1,1,1,0,26150.0,1.0,1,0.00028808881258847083,1.0,True,False,22,False,2,0.5,transit,0.65,1.0,in=1/26150 KZT; out=1/26150 KZT; tx=1/1; d=3; вход≈выход; сценарий 1–2д 100% входа,0.15984203346644074,0.04597547187268181,0.05578858913022596,0.0,0.1,0.0,0.361606,Оборот 52300 (+0.160); связей 2 (+0.046); seed 1 (+0.056); внешних групп 0 (+0.000); 1–2д 100% (+0.100); цикл +0.00
100000008497298100,2,False,1,0,600000.0,0.0,1,0,1,0,0.0,0.0,0,0.0003401198706304222,0.0,True,False,4,False,1,1.0,terminal,0.55,1.0,in=1/600000 KZT; out=0/0 KZT; tx=1/0; d=2; нет выхода в наблюдаемой выборке,0.195737968694513,0.029007293138962602,0.05578858913022596,0.0,0.0,0.0,0.280534,Оборот 600000 (+0.196); связей 1 (+0.029); seed 1 (+0.056); внешних групп 0 (+0.000); 1–2д 0% (+0.000); цикл +0.00
100000008501413100,3,False,1,1,5000.0,5100.0,1,1,2,0,5000.0,1.0,1,0.0003645540726362135,1.02,True,False,53,False,2,0.5,transit,0.65,1.0,in=1/5000 KZT; out=1/5100 KZT; tx=1/1; d=3; вход≈выход; сценарий 1–2д 100% входа,0.13564997103089496,0.04597547187268181,0.08842282173954807,0.0,0.1,0.0,0.370048,Оборот 10100 (+0.136); связей 2 (+0.046); seed 2 (+0.088); внешних групп 0 (+0.000); 1–2д 100% (+0.100); цикл +0.00
100000008502995100,3,False,1,0,25000.0,0.0,2,0,1,0,0.0,0.0,0,0.0007212404439425996,0.0,True,False,0,False,2,0.5,terminal,0.55,1.0,in=1/25000 KZT; out=0/0 KZT; tx=2/0; d=3; нет выхода в наблюдаемой выборке,0.14898314336993435,0.029007293138962602,0.05578858913022596,0.0,0.0,0.0,0.233779,Оборот 25000 (+0.149); связей 1 (+0.029); seed 1 (+0.056); внешних групп 0 (+0.000); 1–2д 0% (+0.000); цикл +0.00
100000008503177100,3,False,1,0,33951.0,0.0,1,0,1,0,0.0,0.0,0,0.00029089049305795235,0.0,True,False,8,False,1,1.0,terminal,0.55,1.0,in=1/33951 KZT; out=0/0 KZT; tx=1/0; d=3; нет выхода в наблюдаемой выборке,0.15348547189280226,0.029007293138962602,0.05578858913022596,0.0,0.0,0.0,0.238281,Оборот 33951 (+0.153); связей 1 (+0.029); seed 1 (+0.056); внешних групп 0 (+0.000); 1–2д 0% (+0.000); цикл +0.00
100000008507703100,3,False,1,0,28500.0,0.0,1,0,1,0,0.0,0.0,0,0.0002884529077784335,0.0,True,False,22,False,1,1.0,terminal,0.55,1.0,in=1/28500 KZT; out=0/0 KZT; tx=1/0; d=3; нет выхода в наблюдаемой выборке,0.1509107531822232,0.029007293138962602,0.05578858913022596,0.0,0.0,0.0,0.235707,Оборот 28500 (+0.151); связей 1 (+0.029); seed 1 (+0.056); внешних групп 0 (+0.000); 1–2д 0% (+0.000); цикл +0.00
100000008512552100,2,False,4,6,394360.0,1302275.0,9,11,2,2,346860.0,0.8795516786692362,7,0.0004233503725220224,3.3022492139162187,True,False,28,True,11,0.2,peripheral,0.4,0.6666666666666666,in=4/394360 KZT; out=6/1302275 KZT; tx=9/11; d=2; недостаточно признаков других ролей,0.2110306269275072,0.10034874705600798,0.08842282173954807,0.062443449579869886,0.08795516786692363,0.1,0.650201,Оборот 1696635 (+0.211); связей 10 (+0.100); seed 2 (+0.088); внешних групп 2 (+0.062); 1–2д 88% (+0.088); цикл +0.10
100000008512827100,2,False,3,10,107949.0,1944500.0,3,10,5,5,97949.0,0.9073636624702406,2,0.0003333929016123721,18.01313583266172,True,False,24,False,8,0.3076923076923077,distributor,0.8,1.0,in=3/107949 KZT; out=10/1944500 KZT; tx=3/10; d=2; рассылка многим получателям,0.21383158825662735,0.11044106030819703,0.14421141086977404,0.10184087983544891,0.09073636624702407,0.0,0.661061,Оборот 2052449 (+0.214); связей 13 (+0.110); seed 5 (+0.144); внешних групп 5 (+0.102); 1–2д 91% (+0.091); цикл +0.00
100000008513251100,0,True,0,0,0.0,0.0,0,0,0,0,0.0,0.0,0,0.0002840372852618645,0.0,False,False,88,False,0,0.0,peripheral,0.3,1.0,in=0/0 KZT; out=0/0 KZT; tx=0/0; d=0; нет наблюдаемых связей,0.0,0.0,0.0,0.0,0.0,0.0,0.0,Оборот 0 (+0.000); связей 0 (+0.000); seed 0 (+0.000); внешних групп 0 (+0.000); 1–2д 0% (+0.000); цикл +0.00
100000008514970100,3,False,1,1,379966.0,31000.0,1,1,1,0,0.0,0.0,0,0.0003109101483224329,0.0815862471905381,True,False,35,False,1,1.0,peripheral,0.4,1.0,in=1/379966 KZT; out=1/31000 KZT; tx=1/1; d=3; недостаточно признаков других ролей,0.1901706936688285,0.04597547187268181,0.05578858913022596,0.0,0.0,0.0,0.291935,Оборот 410966 (+0.190); связей 2 (+0.046); seed 1 (+0.056); внешних групп 0 (+0.000); 1–2д 0% (+0.000); цикл +0.00
100000008516839100,0,True,3,0,155000.0,0.0,4,0,3,0,0.0,0.0,0,0.0010626714028414185,0.0,True,False,49,False,2,0.5,peripheral,0.4,1.0,in=3/155000 KZT; out=0/0 KZT; tx=4/0; d=0; недостаточно признаков других ролей,0.17582533938568062,0.058014586277925204,0.11157717826045192,0.0,0.0,0.0,0.345417,Оборот 155000 (+0.176); связей 3 (+0.058); seed 3 (+0.112); внешних групп 0 (+0.000); 1–2д 0% (+0.000); цикл +0.00
100000008517061100,4,False,1,0,1844000.0,0.0,4,0,1,0,0.0,0.0,0,0.00041079354588504475,0.0,True,True,40,False,1,1.0,peripheral,0.2,1.0,in=1/1844000 KZT; out=0/0 KZT; tx=4/0; d=4; граница выгрузки; роль неизвестна,0.2122559887206468,0.029007293138962602,0.05578858913022596,0.0,0.0,0.0,0.297052,Оборот 1844000 (+0.212); связей 1 (+0.029); seed 1 (+0.056); внешних групп 0 (+0.000); 1–2д 0% (+0.000); цикл +0.00
100000008517538100,3,False,3,17,155500.0,1439000.0,6,18,2,3,154500.0,0.9935691318327974,5,0.0003053961594492161,9.254019292604502,True,False,4,False,13,0.16666666666666666,distributor,0.8,1.0,in=3/155500 KZT; out=17/1439000 KZT; tx=6/18; d=3; рассылка многим получателям,0.2101172111001638,0.12740923904191623,0.08842282173954807,0.07879486051115807,0.09935691318327974,0.0,0.604101,Оборот 1594500 (+0.210); связей 20 (+0.127); seed 2 (+0.088); внешних групп 3 (+0.079); 1–2д 99% (+0.099); цикл +0.00
100000008522127100,0,True,0,1,0.0,145000.0,0,3,0,0,0.0,0.0,0,0.0002840372852618645,0.0,False,False,59,False,3,0.3333333333333333,peripheral,0.4,1.0,in=0/0 KZT; out=1/145000 KZT; tx=0/3; d=0; недостаточно признаков других ролей,0.17484418534014842,0.029007293138962602,0.0,0.0,0.0,0.0,0.203851,Оборот 145000 (+0.175); связей 1 (+0.029); seed 0 (+0.000); внешних групп 0 (+0.000); 1–2д 0% (+0.000); цикл +0.00
100000008524903100,4,False,1,0,15000.0,0.0,1,0,2,0,0.0,0.0,0,0.0003299385746147472,0.0,True,True,0,False,1,1.0,peripheral,0.2,1.0,in=1/15000 KZT; out=0/0 KZT; tx=1/0; d=4; граница выгрузки; роль неизвестна,0.14146829138193068,0.029007293138962602,0.08842282173954807,0.0,0.0,0.0,0.258898,Оборот 15000 (+0.141); связей 1 (+0.029); seed 2 (+0.088); внешних групп 0 (+0.000); 1–2д 0% (+0.000); цикл +0.00
100000008525136100,4,False,1,0,14100.0,0.0,1,0,3,0,0.0,0.0,0,0.00028696854185001133,0.0,True,True,0,False,1,1.0,peripheral,0.2,1.0,in=1/14100 KZT; out=0/0 KZT; tx=1/0; d=4; граница выгрузки; роль неизвестна,0.14055804574225392,0.029007293138962602,0.11157717826045192,0.0,0.0,0.0,0.281143,Оборот 14100 (+0.141); связей 1 (+0.029); seed 3 (+0.112); внешних групп 0 (+0.000); 1–2д 0% (+0.000); цикл +0.00
100000008531133100,2,False,1,3,25000.0,158271.68,1,3,1,1,0.0,0.0,0,0.0005296002494825376,6.3308672,True,False,16,False,3,0.5,peripheral,0.4,1.0,in=1/25000 KZT; out=3/158272 KZT; tx=1/3; d=2; недостаточно признаков других ролей,0.17829023248712472,0.06735284889599069,0.05578858913022596,0.039397430255579034,0.0,0.0,0.340829,Оборот 183272 (+0.178); связей 4 (+0.067); seed 1 (+0.056); внешних групп 1 (+0.039); 1–2д 0% (+0.000); цикл +0.00
100000008531186100,2,False,1,0,125000.0,0.0,1,0,3,0,0.0,0.0,0,0.0003598404885037613,0.0,True,False,2,False,1,1.0,terminal,0.55,1.0,in=1/125000 KZT; out=0/0 KZT; tx=1/0; d=2; нет выхода в наблюдаемой выборке,0.1726606529352228,0.029007293138962602,0.11157717826045192,0.0,0.0,0.0,0.313245,Оборот 125000 (+0.173); связей 1 (+0.029); seed 3 (+0.112); внешних групп 0 (+0.000); 1–2д 0% (+0.000); цикл +0.00
100000008532050100,3,False,1,0,455156.0,0.0,1,0,3,0,0.0,0.0,0,0.0002986663214457989,0.0,True,False,10,False,1,1.0,terminal,0.55,1.0,in=1/455156 KZT; out=0/0 KZT; tx=1/0; d=3; нет выхода в наблюдаемой выборке,0.19167321834376141,0.029007293138962602,0.11157717826045192,0.0,0.0,0.0,0.332258,Оборот 455156 (+0.192); связей 1 (+0.029); seed 3 (+0.112); внешних групп 0 (+0.000); 1–2д 0% (+0.000); цикл +0.00
100000008536546100,3,False,2,0,250000.0,0.0,2,0,2,1,0.0,0.0,0,0.00031551050966050983,0.0,True,False,46,False,1,1.0,terminal,0.55,1.0,in=2/250000 KZT; out=0/0 KZT; tx=2/0; d=3; нет выхода в наблюдаемой выборке,0.18285814516124407,0.04597547187268181,0.08842282173954807,0.039397430255579034,0.0,0.0,0.356654,Оборот 250000 (+0.183); связей 2 (+0.046); seed 2 (+0.088); внешних групп 1 (+0.039); 1–2д 0% (+0.000); цикл +0.00
100000008537380100,3,False,1,0,8000.0,0.0,1,0,1,0,0.0,0.0,0,0.0002852767582489716,0.0,True,False,22,False,1,1.0,terminal,0.55,1.0,in=1/8000 KZT; out=0/0 KZT; tx=1/0; d=3; нет выхода в наблюдаемой выборке,0.13222108633036048,0.029007293138962602,0.05578858913022596,0.0,0.0,0.0,0.217017,Оборот 8000 (+0.132); связей 1 (+0.029); seed 1 (+0.056); внешних групп 0 (+0.000); 1–2д 0% (+0.000); цикл +0.00
100000008545727100,2,False,1,6,30000.0,1866500.0,1,7,2,0,0.0,0.0,0,0.00033680596658011475,62.21666666666667,True,False,18,True,5,0.375,distributor,0.8,1.0,in=1/30000 KZT; out=6/1866500 KZT; tx=1/7; d=2; рассылка многим получателям,0.21266899661833283,0.08702187941688781,0.08842282173954807,0.0,0.0,0.1,0.488114,Оборот 1896500 (+0.213); связей 7 (+0.087); seed 2 (+0.088); внешних групп 0 (+0.000); 1–2д 0% (+0.000); цикл +0.10
100000008546855100,2,False,6,2,71790.0,10000.0,8,2,3,2,10000.0,0.1392951664577239,2,0.0014140985260612238,0.1392951664577239,True,False,43,True,3,0.6,consolidator,0.75,1.0,in=6/71790 KZT; out=2/10000 KZT; tx=8/2; d=2; сбор; выход 14% наблюдаемого входа,0.16642051008456898,0.09195094374536363,0.11157717826045192,0.062443449579869886,0.013929516645772392,0.1,0.546322,Оборот 81790 (+0.166); связей 8 (+0.092); seed 3 (+0.112); внешних групп 2 (+0.062); 1–2д 14% (+0.014); цикл +0.10
100000008547295100,3,False,1,0,15000.0,0.0,1,0,1,0,0.0,0.0,0,0.0005588021296792129,0.0,True,False,41,False,1,1.0,terminal,0.55,1.0,in=1/15000 KZT; out=0/0 KZT; tx=1/0; d=3; нет выхода в наблюдаемой выборке,0.14146829138193068,0.029007293138962602,0.05578858913022596,0.0,0.0,0.0,0.226264,Оборот 15000 (+0.141); связей 1 (+0.029); seed 1 (+0.056); внешних групп 0 (+0.000); 1–2д 0% (+0.000); цикл +0.00
100000008547844100,2,False,3,19,177600.0,2042199.0,3,21,3,4,177600.0,1.0,3,0.00034245958703387467,11.498868243243244,True,False,4,True,11,0.20833333333333334,distributor,0.8,1.0,in=3/177600 KZT; out=19/2042199 KZT; tx=3/21; d=2; рассылка многим получателям,0.21498475406432285,0.13121628769160484,0.11157717826045192,0.09147800017679435,0.1,0.1,0.749256,Оборот 2219799 (+0.215); связей 22 (+0.131); seed 3 (+0.112); внешних групп 4 (+0.091); 1–2д 100% (+0.100); цикл +0.10
100000008547948100,2,False,6,26,212665.0,5185600.0,7,31,3,5,212665.0,1.0,4,0.0004276678287120423,24.383890155878966,True,False,4,True,13,0.15789473684210525,coordinator,0.75,1.0,in=6/212665 KZT; out=26/5185600 KZT; tx=7/31; d=2; связь с 3 seed и 5 внеш. группами,0.22805869134464957,0.14632421892868977,0.11157717826045192,0.10184087983544891,0.1,0.1,0.787801,Оборот 5398265 (+0.228); связей 32 (+0.146); seed 3 (+0.112); внешних групп 5 (+0.102); 1–2д 100% (+0.100); цикл +0.10
100000008548853100,3,False,1,0,14000.0,0.0,1,0,1,0,0.0,0.0,0,0.0002862063629893019,0.0,True,False,22,False,1,1.0,terminal,0.55,1.0,in=1/14000 KZT; out=0/0 KZT; tx=1/0; d=3; нет выхода в наблюдаемой выборке,0.14045334131935877,0.029007293138962602,0.05578858913022596,0.0,0.0,0.0,0.225249,Оборот 14000 (+0.140); связей 1 (+0.029); seed 1 (+0.056); внешних групп 0 (+0.000); 1–2д 0% (+0.000); цикл +0.00
100000008551752100,4,False,1,0,406000.0,0.0,2,0,2,0,0.0,0.0,0,0.00033965962406745165,0.0,True,True,65,False,2,0.5,peripheral,0.2,1.0,in=1/406000 KZT; out=0/0 KZT; tx=2/0; d=4; граница выгрузки; роль неизвестна,0.18999183605103748,0.029007293138962602,0.08842282173954807,0.0,0.0,0.0,0.307422,Оборот 406000 (+0.190); связей 1 (+0.029); seed 2 (+0.088); внешних групп 0 (+0.000); 1–2д 0% (+0.000); цикл +0.00
100000008554390100,4,False,1,0,14000.0,0.0,1,0,1,0,0.0,0.0,0,0.00029147997643347496,0.0,True,True,47,False,1,1.0,peripheral,0.2,1.0,in=1/14000 KZT; out=0/0 KZT; tx=1/0; d=4; граница выгрузки; роль неизвестна,0.14045334131935877,0.029007293138962602,0.05578858913022596,0.0,0.0,0.0,0.225249,Оборот 14000 (+0.140); связей 1 (+0.029); seed 1 (+0.056); внешних групп 0 (+0.000); 1–2д 0% (+0.000); цикл +0.00
100000008555233100,3,False,1,0,440600.0,0.0,1,0,1,0,0.0,0.0,0,0.00036135597110227016,0.0,True,False,46,False,1,1.0,terminal,0.55,1.0,in=1/440600 KZT; out=0/0 KZT; tx=1/0; d=3; нет выхода в наблюдаемой выборке,0.19119503988696981,0.029007293138962602,0.05578858913022596,0.0,0.0,0.0,0.275991,Оборот 440600 (+0.191); связей 1 (+0.029); seed 1 (+0.056); внешних групп 0 (+0.000); 1–2д 0% (+0.000); цикл +0.00
100000008555918100,1,False,1,2,139211.0,43300.0,1,2,4,0,0.0,0.0,0,0.0003116868107727731,0.3110386391879952,True,False,2,False,3,0.3333333333333333,peripheral,0.4,1.0,in=1/139211 KZT; out=2/43300 KZT; tx=1/2; d=1; недостаточно признаков других ролей,0.17822904289821798,0.058014586277925204,0.12953709247559939,0.0,0.0,0.0,0.365781,Оборот 182511 (+0.178); связей 3 (+0.058); seed 4 (+0.130); внешних групп 0 (+0.000); 1–2д 0% (+0.000); цикл +0.00
100000008556318100,1,False,2,0,180132.0,0.0,2,0,5,0,0.0,0.0,0,0.000557125293106868,0.0,True,False,2,False,2,0.5,terminal,0.55,1.0,in=2/180132 KZT; out=0/0 KZT; tx=2/0; d=1; нет выхода в наблюдаемой выборке,0.17803601530221635,0.04597547187268181,0.14421141086977404,0.0,0.0,0.0,0.368223,Оборот 180132 (+0.178); связей 2 (+0.046); seed 5 (+0.144); внешних групп 0 (+0.000); 1–2д 0% (+0.000); цикл +0.00
100000008557672100,2,False,1,0,49125.0,0.0,1,0,1,0,0.0,0.0,0,0.0003005960039421705,0.0,True,False,22,False,1,1.0,terminal,0.55,1.0,in=1/49125 KZT; out=0/0 KZT; tx=1/0; d=2; нет выхода в наблюдаемой выборке,0.1589206668170997,0.029007293138962602,0.05578858913022596,0.0,0.0,0.0,0.243717,Оборот 49125 (+0.159); связей 1 (+0.029); seed 1 (+0.056); внешних групп 0 (+0.000); 1–2д 0% (+0.000); цикл +0.00
100000008560263100,4,False,1,0,100000.0,0.0,1,0,3,0,0.0,0.0,0,0.00031147250381334584,0.0,True,True,10,False,1,1.0,peripheral,0.2,1.0,in=1/100000 KZT; out=0/0 KZT; tx=1/0; d=4; граница выгрузки; роль неизвестна,0.16937780416926437,0.029007293138962602,0.11157717826045192,0.0,0.0,0.0,0.309962,Оборот 100000 (+0.169); связей 1 (+0.029); seed 3 (+0.112); внешних групп 0 (+0.000); 1–2д 0% (+0.000); цикл +0.00
100000008560717100,1,False,7,1,529000.0,25000.0,9,1,3,3,0.0,0.0,0,0.0003289465794256069,0.04725897920604915,True,False,10,False,8,0.2,consolidator,0.75,1.0,in=7/529000 KZT; out=1/25000 KZT; tx=9/1; d=1; сбор; выход 5% наблюдаемого входа,0.19456447199505478,0.09195094374536363,0.11157717826045192,0.07879486051115807,0.0,0.0,0.476887,Оборот 554000 (+0.195); связей 8 (+0.092); seed 3 (+0.112); внешних групп 3 (+0.079); 1–2д 0% (+0.000); цикл +0.00
100000008561016100,3,False,1,1,180000.0,185000.0,2,4,1,0,80000.0,0.4444444444444444,1,0.00029324834406732717,1.0277777777777777,True,False,4,False,2,0.5,peripheral,0.4,0.6666666666666666,in=1/180000 KZT; out=1/185000 KZT; tx=2/4; d=3; недостаточно признаков других ролей,0.1884256669486741,0.04597547187268181,0.05578858913022596,0.0,0.044444444444444446,0.0,0.334634,Оборот 365000 (+0.188); связей 2 (+0.046); seed 1 (+0.056); внешних групп 0 (+0.000); 1–2д 44% (+0.044); цикл +0.00
100000008566737100,1,False,2,0,230000.0,0.0,2,0,4,1,0.0,0.0,0,0.0003474682166388988,0.0,True,False,0,False,1,1.0,terminal,0.55,1.0,in=2/230000 KZT; out=0/0 KZT; tx=2/0; d=1; нет выхода в наблюдаемой выборке,0.18163144368624182,0.04597547187268181,0.12953709247559939,0.039397430255579034,0.0,0.0,0.396541,Оборот 230000 (+0.182); связей 2 (+0.046); seed 4 (+0.130); внешних групп 1 (+0.039); 1–2д 0% (+0.000); цикл +0.00
100000008568512100,3,False,1,0,199640.0,0.0,1,0,3,0,0.0,0.0,0,0.0002904538562479894,0.0,True,False,10,False,1,1.0,terminal,0.55,1.0,in=1/199640 KZT; out=0/0 KZT; tx=1/0; d=3; нет выхода в наблюдаемой выборке,0.17954877643271225,0.029007293138962602,0.11157717826045192,0.0,0.0,0.0,0.320133,Оборот 199640 (+0.180); связей 1 (+0.029); seed 3 (+0.112); внешних групп 0 (+0.000); 1–2д 0% (+0.000); цикл +0.00
100000008571243100,3,False,1,0,134000.0,0.0,1,0,1,0,0.0,0.0,0,0.00030459029870658945,0.0,True,False,18,False,1,1.0,terminal,0.55,1.0,in=1/134000 KZT; out=0/0 KZT; tx=1/0; d=3; нет выхода в наблюдаемой выборке,0.17368350943012562,0.029007293138962602,0.05578858913022596,0.0,0.0,0.0,0.258479,Оборот 134000 (+0.174); связей 1 (+0.029); seed 1 (+0.056); внешних групп 0 (+0.000); 1–2д 0% (+0.000); цикл +0.00
100000008571433100,0,True,2,2,350000.0,1434000.0,2,3,0,0,350000.0,1.0,2,0.001627672737524963,4.097142857142857,True,False,58,True,4,0.4,peripheral,0.4,1.0,in=2/350000 KZT; out=2/1434000 KZT; tx=2/3; d=0; недостаточно признаков других ролей,0.21176933084600133,0.06735284889599069,0.0,0.0,0.0,0.1,0.379122,Оборот 1784000 (+0.212); связей 4 (+0.067); seed 0 (+0.000); внешних групп 0 (+0.000); 1–2д 100% (+0.000); цикл +0.10
100000008571443100,2,False,2,0,65000.0,0.0,2,0,3,1,0.0,0.0,0,0.00031301223092084597,0.0,True,False,12,False,2,0.5,terminal,0.55,1.0,in=2/65000 KZT; out=0/0 KZT; tx=2/0; d=2; нет выхода в наблюдаемой выборке,0.16304022392303275,0.04597547187268181,0.11157717826045192,0.039397430255579034,0.0,0.0,0.35999,Оборот 65000 (+0.163); связей 2 (+0.046); seed 3 (+0.112); внешних групп 1 (+0.039); 1–2д 0% (+0.000); цикл +0.00
100000008575624100,0,True,0,3,0.0,89500.0,0,5,0,0,0.0,0.0,0,0.0002840372852618645,0.0,False,False,71,False,4,0.4,peripheral,0.4,1.0,in=0/0 KZT; out=3/89500 KZT; tx=0/5; d=0; недостаточно признаков других ролей,0.16774580114852022,0.058014586277925204,0.0,0.0,0.0,0.0,0.22576,Оборот 89500 (+0.168); связей 3 (+0.058); seed 0 (+0.000); внешних групп 0 (+0.000); 1–2д 0% (+0.000); цикл +0.00
100000008576243100,3,False,2,0,82920.0,0.0,4,0,3,0,0.0,0.0,0,0.0016387812843189954,0.0,True,False,0,False,3,0.5,terminal,0.55,1.0,in=2/82920 KZT; out=0/0 KZT; tx=4/0; d=3; нет выхода в наблюдаемой выборке,0.16662237481225567,0.04597547187268181,0.11157717826045192,0.0,0.0,0.0,0.324175,Оборот 82920 (+0.167); связей 2 (+0.046); seed 3 (+0.112); внешних групп 0 (+0.000); 1–2д 0% (+0.000); цикл +0.00
100000008576528100,3,False,1,0,28000.0,0.0,1,0,3,0,0.0,0.0,0,0.0002849372250916155,0.0,True,False,10,False,1,1.0,terminal,0.55,1.0,in=1/28000 KZT; out=0/0 KZT; tx=1/0; d=3; нет выхода в наблюдаемой выборке,0.15065036699398576,0.029007293138962602,0.11157717826045192,0.0,0.0,0.0,0.291235,Оборот 28000 (+0.151); связей 1 (+0.029); seed 3 (+0.112); внешних групп 0 (+0.000); 1–2д 0% (+0.000); цикл +0.00
100000008579978100,3,False,1,1,34000.0,77000.0,1,6,3,0,17000.0,0.5,1,0.00028513006934084787,2.264705882352941,True,False,10,False,3,0.42857142857142855,peripheral,0.4,1.0,in=1/34000 KZT; out=1/77000 KZT; tx=1/6; d=3; недостаточно признаков других ролей,0.17091312958147287,0.04597547187268181,0.11157717826045192,0.0,0.05,0.0,0.378466,Оборот 111000 (+0.171); связей 2 (+0.046); seed 3 (+0.112); внешних групп 0 (+0.000); 1–2д 50% (+0.050); цикл +0.00
100000008582730100,3,False,1,1,5000.0,5000.0,1,1,1,0,0.0,0.0,0,0.0008850291588652009,1.0,True,False,43,True,1,1.0,peripheral,0.4,1.0,in=1/5000 KZT; out=1/5000 KZT; tx=1/1; d=3; недостаточно признаков других ролей,0.13550359676243048,0.04597547187268181,0.05578858913022596,0.0,0.0,0.1,0.337268,Оборот 10000 (+0.136); связей 2 (+0.046); seed 1 (+0.056); внешних групп 0 (+0.000); 1–2д 0% (+0.000); цикл +0.10
100000008583360100,3,False,1,1,112843.0,170000.0,1,1,1,0,0.0,0.0,0,0.00032578840595113055,1.5065179054083992,True,False,18,False,2,0.5,peripheral,0.4,1.0,in=1/112843 KZT; out=1/170000 KZT; tx=1/1; d=3; недостаточно признаков других ролей,0.18467405063066847,0.04597547187268181,0.05578858913022596,0.0,0.0,0.0,0.286438,Оборот 282843 (+0.185); связей 2 (+0.046); seed 1 (+0.056); внешних групп 0 (+0.000); 1–2д 0% (+0.000); цикл +0.00
100000008583971100,4,False,2,0,51000.0,0.0,2,0,2,0,0.0,0.0,0,0.0003278953634457952,0.0,True,True,0,False,2,0.5,peripheral,0.2,1.0,in=2/51000 KZT; out=0/0 KZT; tx=2/0; d=4; граница выгрузки; роль неизвестна,0.1594717298325002,0.04597547187268181,0.08842282173954807,0.0,0.0,0.0,0.29387,Оборот 51000 (+0.159); связей 2 (+0.046); seed 2 (+0.088); внешних групп 0 (+0.000); 1–2д 0% (+0.000); цикл +0.00
100000008586731100,1,False,1,0,12000.0,0.0,1,0,1,0,0.0,0.0,0,0.00028601575516036575,0.0,True,False,7,False,1,1.0,terminal,0.55,1.0,in=1/12000 KZT; out=0/0 KZT; tx=1/0; d=1; нет выхода в наблюдаемой выборке,0.13818565837320845,0.029007293138962602,0.05578858913022596,0.0,0.0,0.0,0.222982,Оборот 12000 (+0.138); связей 1 (+0.029); seed 1 (+0.056); внешних групп 0 (+0.000); 1–2д 0% (+0.000); цикл +0.00
100000008587459100,2,False,2,2,181507.0,686500.0,2,4,2,1,0.0,0.0,0,0.00029912070239252516,3.782223275135394,True,False,0,True,5,0.3333333333333333,peripheral,0.4,1.0,in=2/181507 KZT; out=2/686500 KZT; tx=2/4; d=2; недостаточно признаков других ролей,0.20117064707308205,0.06735284889599069,0.08842282173954807,0.039397430255579034,0.0,0.1,0.496344,Оборот 868007 (+0.201); связей 4 (+0.067); seed 2 (+0.088); внешних групп 1 (+0.039); 1–2д 0% (+0.000); цикл +0.10
100000008588665100,4,False,1,0,25000.0,0.0,1,0,2,0,0.0,0.0,0,0.0003504670299656388,0.0,True,True,0,False,1,1.0,peripheral,0.2,1.0,in=1/25000 KZT; out=0/0 KZT; tx=1/0; d=4; граница выгрузки; роль неизвестна,0.14898314336993435,0.029007293138962602,0.08842282173954807,0.0,0.0,0.0,0.266413,Оборот 25000 (+0.149); связей 1 (+0.029); seed 2 (+0.088); внешних групп 0 (+0.000); 1–2д 0% (+0.000); цикл +0.00
100000008595687100,3,False,1,1,64395.0,10400.0,1,1,2,0,10400.0,0.161503222299868,1,0.00030319779134525186,0.161503222299868,True,False,16,True,2,0.5,peripheral,0.4,1.0,in=1/64395 KZT; out=1/10400 KZT; tx=1/1; d=3; недостаточно признаков других ролей,0.16510521991146124,0.04597547187268181,0.08842282173954807,0.0,0.0161503222299868,0.1,0.415654,Оборот 74795 (+0.165); связей 2 (+0.046); seed 2 (+0.088); внешних групп 0 (+0.000); 1–2д 16% (+0.016); цикл +0.10
100000008596924100,3,False,1,0,100000.0,0.0,1,0,1,0,0.0,0.0,0,0.0004136331808442537,0.0,True,False,41,False,1,1.0,terminal,0.55,1.0,in=1/100000 KZT; out=0/0 KZT; tx=1/0; d=3; нет выхода в наблюдаемой выборке,0.16937780416926437,0.029007293138962602,0.05578858913022596,0.0,0.0,0.0,0.254174,Оборот 100000 (+0.169); связей 1 (+0.029); seed 1 (+0.056); внешних групп 0 (+0.000); 1–2д 0% (+0.000); цикл +0.00
100000008598972100,3,False,1,0,120000.0,0.0,1,0,1,0,0.0,0.0,0,0.00029252421190074327,0.0,True,False,35,False,1,1.0,terminal,0.55,1.0,in=1/120000 KZT; out=0/0 KZT; tx=1/0; d=3; нет выхода в наблюдаемой выборке,0.17206008643713802,0.029007293138962602,0.05578858913022596,0.0,0.0,0.0,0.256856,Оборот 120000 (+0.172); связей 1 (+0.029); seed 1 (+0.056); внешних групп 0 (+0.000); 1–2д 0% (+0.000); цикл +0.00
100000008599354100,3,False,1,1,177000.0,38200.0,1,2,2,1,0.0,0.0,0,0.000329833060135524,0.21581920903954802,True,False,0,False,3,0.3333333333333333,peripheral,0.4,1.0,in=1/177000 KZT; out=1/38200 KZT; tx=1/2; d=3; недостаточно признаков других ролей,0.1806529340845588,0.04597547187268181,0.08842282173954807,0.039397430255579034,0.0,0.0,0.354449,Оборот 215200 (+0.181); связей 2 (+0.046); seed 2 (+0.088); внешних групп 1 (+0.039); 1–2д 0% (+0.000); цикл +0.00
100000008601794100,0,True,2,1,494400.0,871400.0,8,13,0,0,13200.0,0.02669902912621359,2,0.002440312794459903,1.7625404530744337,True,False,39,True,17,0.09523809523809523,peripheral,0.4,1.0,in=2/494400 KZT; out=1/871400 KZT; tx=8/13; d=0; недостаточно признаков других ролей,0.20783950947472501,0.058014586277925204,0.0,0.0,0.0,0.1,0.365854,Оборот 1365800 (+0.208); связей 3 (+0.058); seed 0 (+0.000); внешних групп 0 (+0.000); 1–2д 3% (+0.000); цикл +0.10
100000008603331100,2,False,2,6,39500.0,741774.0,3,6,1,1,5000.0,0.12658227848101267,1,0.0003423190317629866,18.779088607594936,True,False,4,True,6,0.3333333333333333,distributor,0.8,1.0,in=2/39500 KZT; out=6/741774 KZT; tx=3/6; d=2; рассылка многим получателям,0.19962186454131398,0.09195094374536363,0.05578858913022596,0.039397430255579034,0.012658227848101267,0.1,0.499417,Оборот 781274 (+0.200); связей 8 (+0.092); seed 1 (+0.056); внешних групп 1 (+0.039); 1–2д 13% (+0.013); цикл +0.10
100000008603629100,2,False,19,61,1817300.0,4986156.0,45,74,4,9,1686917.0,0.9282545534584273,19,0.0011840996859005693,2.7437165025037142,True,False,8,True,27,0.09243697478991597,coordinator,0.75,1.0,in=19/1817300 KZT; out=61/4986156 KZT; tx=45/74; d=2; связь с 4 seed и 9 внеш. группами,0.23146234768054574,0.18390188749072725,0.12953709247559939,0.1308754304323734,0.09282545534584274,0.1,0.868602,Оборот 6803456 (+0.231); связей 80 (+0.184); seed 4 (+0.130); внешних групп 9 (+0.131); 1–2д 93% (+0.093); цикл +0.10
100000008612257100,3,False,1,0,9500.0,0.0,1,0,1,0,0.0,0.0,0,0.00028631595460324214,0.0,True,False,28,False,1,1.0,terminal,0.55,1.0,in=1/9500 KZT; out=0/0 KZT; tx=1/0; d=3; нет выхода в наблюдаемой выборке,0.13474904947709254,0.029007293138962602,0.05578858913022596,0.0,0.0,0.0,0.219545,Оборот 9500 (+0.135); связей 1 (+0.029); seed 1 (+0.056); внешних групп 0 (+0.000); 1–2д 0% (+0.000); цикл +0.00
100000008619159100,4,False,1,0,446400.0,0.0,2,0,1,0,0.0,0.0,0,0.0003545899642749395,0.0,True,True,70,False,1,1.0,peripheral,0.2,1.0,in=1/446400 KZT; out=0/0 KZT; tx=2/0; d=4; граница выгрузки; роль неизвестна,0.19138744207563985,0.029007293138962602,0.05578858913022596,0.0,0.0,0.0,0.276183,Оборот 446400 (+0.191); связей 1 (+0.029); seed 1 (+0.056); внешних групп 0 (+0.000); 1–2д 0% (+0.000); цикл +0.00
100000008619857100,3,False,1,2,29000.0,13000.0,1,2,2,1,0.0,0.0,0,0.00028565916327368706,0.4482758620689655,True,False,0,False,2,0.6666666666666666,peripheral,0.4,1.0,in=1/29000 KZT; out=2/13000 KZT; tx=1/2; d=3; недостаточно признаков других ролей,0.15661537683404306,0.058014586277925204,0.08842282173954807,0.039397430255579034,0.0,0.0,0.34245,Оборот 42000 (+0.157); связей 3 (+0.058); seed 2 (+0.088); внешних групп 1 (+0.039); 1–2д 0% (+0.000); цикл +0.00
100000008620570100,3,False,2,2,145000.0,31800.0,2,2,4,2,0.0,0.0,0,0.00034656400462453827,0.2193103448275862,True,False,8,False,3,0.5,peripheral,0.4,1.0,in=2/145000 KZT; out=2/31800 KZT; tx=2/2; d=3; недостаточно признаков других ролей,0.17776133335762884,0.06735284889599069,0.12953709247559939,0.062443449579869886,0.0,0.0,0.437095,Оборот 176800 (+0.178); связей 4 (+0.067); seed 4 (+0.130); внешних групп 2 (+0.062); 1–2д 0% (+0.000); цикл +0.00
100000008624978100,2,False,1,0,109000.0,0.0,1,0,4,0,0.0,0.0,0,0.00033615005785542706,0.0,True,False,35,False,1,1.0,terminal,0.55,1.0,in=1/109000 KZT; out=0/0 KZT; tx=1/0; d=2; нет выхода в наблюдаемой выборке,0.17064563452845108,0.029007293138962602,0.12953709247559939,0.0,0.0,0.0,0.32919,Оборот 109000 (+0.171); связей 1 (+0.029); seed 4 (+0.130); внешних групп 0 (+0.000); 1–2д 0% (+0.000); цикл +0.00
100000008625905100,3,False,1,2,197800.0,635000.0,1,2,4,0,0.0,0.0,0,0.0005420444893144058,3.210313447927199,True,False,45,False,2,0.6666666666666666,peripheral,0.4,1.0,in=1/197800 KZT; out=2/635000 KZT; tx=1/2; d=3; недостаточно признаков других ролей,0.20056148067222337,0.058014586277925204,0.12953709247559939,0.0,0.0,0.0,0.388113,Оборот 832800 (+0.201); связей 3 (+0.058); seed 4 (+0.130); внешних групп 0 (+0.000); 1–2д 0% (+0.000); цикл +0.00
100000008628231100,1,False,1,2,50000.0,627870.0,1,19,4,1,22000.0,0.44,1,0.0002939680829398169,12.5574,True,False,74,False,7,0.4,peripheral,0.4,1.0,in=1/50000 KZT; out=2/627870 KZT; tx=1/19; d=1; недостаточно признаков других ролей,0.19753320521016196,0.058014586277925204,0.12953709247559939,0.039397430255579034,0.044000000000000004,0.0,0.468482,Оборот 677870 (+0.198); связей 3 (+0.058); seed 4 (+0.130); внешних групп 1 (+0.039); 1–2д 44% (+0.044); цикл +0.00
100000008628818100,4,False,1,0,46310.0,0.0,1,0,2,0,0.0,0.0,0,0.00030124080434579465,0.0,True,True,18,False,1,1.0,peripheral,0.2,1.0,in=1/46310 KZT; out=0/0 KZT; tx=1/0; d=4; граница выгрузки; роль неизвестна,0.15805253027360364,0.029007293138962602,0.08842282173954807,0.0,0.0,0.0,0.275483,Оборот 46310 (+0.158); связей 1 (+0.029); seed 2 (+0.088); внешних групп 0 (+0.000); 1–2д 0% (+0.000); цикл +0.00
100000008629504100,4,False,1,0,20000.0,0.0,1,0,1,0,0.0,0.0,0,0.0003003708737743048,0.0,True,True,0,False,1,1.0,peripheral,0.2,1.0,in=1/20000 KZT; out=0/0 KZT; tx=1/0; d=4; граница выгрузки; роль неизвестна,0.14570041229327152,0.029007293138962602,0.05578858913022596,0.0,0.0,0.0,0.230496,Оборот 20000 (+0.146); связей 1 (+0.029); seed 1 (+0.056); внешних групп 0 (+0.000); 1–2д 0% (+0.000); цикл +0.00
100000008629581100,2,False,1,0,54184.0,0.0,1,0,2,0,0.0,0.0,0,0.0003135970866159335,0.0,True,False,2,False,1,1.0,terminal,0.55,1.0,in=1/54184 KZT; out=0/0 KZT; tx=1/0; d=2; нет выхода в наблюдаемой выборке,0.1603626693883089,0.029007293138962602,0.08842282173954807,0.0,0.0,0.0,0.277793,Оборот 54184 (+0.160); связей 1 (+0.029); seed 2 (+0.088); внешних групп 0 (+0.000); 1–2д 0% (+0.000); цикл +0.00
100000008631800100,4,False,1,0,12850.0,0.0,1,0,1,0,0.0,0.0,0,0.00029086861251580696,0.0,True,True,47,False,1,1.0,peripheral,0.2,1.0,in=1/12850 KZT; out=0/0 KZT; tx=1/0; d=4; граница выгрузки; роль неизвестна,0.13919242181708144,0.029007293138962602,0.05578858913022596,0.0,0.0,0.0,0.223988,Оборот 12850 (+0.139); связей 1 (+0.029); seed 1 (+0.056); внешних групп 0 (+0.000); 1–2д 0% (+0.000); цикл +0.00
100000008632060100,3,False,1,9,6000.0,339200.0,1,12,1,3,0.0,0.0,0,0.00028647558241616457,56.53333333333333,True,False,0,True,11,0.23076923076923078,distributor,0.8,1.0,in=1/6000 KZT; out=9/339200 KZT; tx=1/12; d=3; рассылка многим получателям,0.18760513351635127,0.10034874705600798,0.05578858913022596,0.07879486051115807,0.0,0.1,0.522537,Оборот 345200 (+0.188); связей 10 (+0.100); seed 1 (+0.056); внешних групп 3 (+0.079); 1–2д 0% (+0.000); цикл +0.10
100000008633099100,3,False,1,1,19468.0,13500.0,1,1,1,0,0.0,0.0,0,0.0002903832551808389,0.6934456544072324,True,False,1,False,2,0.5,peripheral,0.4,1.0,in=1/19468 KZT; out=1/13500 KZT; tx=1/1; d=3; недостаточно признаков других ролей,0.15305323407917473,0.04597547187268181,0.05578858913022596,0.0,0.0,0.0,0.254817,Оборот 32968 (+0.153); связей 2 (+0.046); seed 1 (+0.056); внешних групп 0 (+0.000); 1–2д 0% (+0.000); цикл +0.00
100000008634520100,3,False,1,0,90000.0,0.0,1,0,3,0,0.0,0.0,0,0.00029686569150868663,0.0,True,False,4,False,1,1.0,terminal,0.55,1.0,in=1/90000 KZT; out=0/0 KZT; tx=1/0; d=3; нет выхода в наблюдаемой выборке,0.16782776120697507,0.029007293138962602,0.11157717826045192,0.0,0.0,0.0,0.308412,Оборот 90000 (+0.168); связей 1 (+0.029); seed 3 (+0.112); внешних групп 0 (+0.000); 1–2д 0% (+0.000); цикл +0.00
100000008636603100,2,False,2,6,35460.0,159375.0,2,7,2,4,31210.0,0.8801466441060349,2,0.0003368074117877757,4.494500846023689,True,False,16,True,6,0.3333333333333333,distributor,0.8,1.0,in=2/35460 KZT; out=6/159375 KZT; tx=2/7; d=2; рассылка многим получателям,0.17919035529914892,0.09195094374536363,0.08842282173954807,0.09147800017679435,0.0880146644106035,0.1,0.639057,Оборот 194835 (+0.179); связей 8 (+0.092); seed 2 (+0.088); внешних групп 4 (+0.091); 1–2д 88% (+0.088); цикл +0.10
100000008637537100,0,True,3,3,619890.0,2351495.0,22,30,4,1,455505.0,0.7348158544257852,9,0.0008220105656451441,3.793406894771653,True,False,51,True,15,0.11538461538461539,peripheral,0.4,1.0,in=3/619890 KZT; out=3/2351495 KZT; tx=22/30; d=0; недостаточно признаков других ролей,0.21927492838685583,0.08143376716923444,0.12953709247559939,0.039397430255579034,0.0,0.1,0.569643,Оборот 2971385 (+0.219); связей 6 (+0.081); seed 4 (+0.130); внешних групп 1 (+0.039); 1–2д 73% (+0.000); цикл +0.10
100000008638859100,4,False,1,0,34000.0,0.0,1,0,4,0,0.0,0.0,0,0.0005361260953868284,0.0,True,True,43,False,1,1.0,peripheral,0.2,1.0,in=1/34000 KZT; out=0/0 KZT; tx=1/0; d=4; граница выгрузки; роль неизвестна,0.15350668908664886,0.029007293138962602,0.12953709247559939,0.0,0.0,0.0,0.312051,Оборот 34000 (+0.154); связей 1 (+0.029); seed 4 (+0.130); внешних групп 0 (+0.000); 1–2д 0% (+0.000); цикл +0.00
100000008647905100,2,False,1,2,50000.0,344222.0,1,2,1,0,50000.0,1.0,1,0.0003268949314100567,6.88444,True,False,43,False,3,0.3333333333333333,peripheral,0.4,1.0,in=1/50000 KZT; out=2/344222 KZT; tx=1/2; d=2; недостаточно признаков других ролей,0.18955873247985988,0.058014586277925204,0.05578858913022596,0.0,0.1,0.0,0.403362,Оборот 394222 (+0.190); связей 3 (+0.058); seed 1 (+0.056); внешних групп 0 (+0.000); 1–2д 100% (+0.100); цикл +0.00
100000008648783100,4,False,1,0,5200.0,0.0,1,0,1,0,0.0,0.0,0,0.0002868017134113198,0.0,True,True,47,False,1,1.0,peripheral,0.2,1.0,in=1/5200 KZT; out=0/0 KZT; tx=1/0; d=4; граница выгрузки; роль неизвестна,0.1258844169376617,0.029007293138962602,0.05578858913022596,0.0,0.0,0.0,0.21068,Оборот 5200 (+0.126); связей 1 (+0.029); seed 1 (+0.056); внешних групп 0 (+0.000); 1–2д 0% (+0.000); цикл +0.00
100000008649416100,4,False,1,0,5000.0,0.0,1,0,1,0,0.0,0.0,0,0.000530566001267966,0.0,True,True,28,False,1,1.0,peripheral,0.2,1.0,in=1/5000 KZT; out=0/0 KZT; tx=1/0; d=4; граница выгрузки; роль неизвестна,0.12530751666392811,0.029007293138962602,0.05578858913022596,0.0,0.0,0.0,0.210103,Оборот 5000 (+0.125); связей 1 (+0.029); seed 1 (+0.056); внешних групп 0 (+0.000); 1–2д 0% (+0.000); цикл +0.00
100000008650785100,0,True,2,2,92000.0,120120.0,2,2,4,0,56500.0,0.6141304347826086,1,0.0006087274787214643,1.3056521739130436,True,False,16,False,4,0.25,peripheral,0.4,1.0,in=2/92000 KZT; out=2/120120 KZT; tx=2/2; d=0; недостаточно признаков других ролей,0.18044085228067727,0.06735284889599069,0.12953709247559939,0.0,0.0,0.0,0.377331,Оборот 212120 (+0.180); связей 4 (+0.067); seed 4 (+0.130); внешних групп 0 (+0.000); 1–2д 61% (+0.000); цикл +0.00
100000008652094100,3,False,1,0,35000.0,0.0,1,0,2,0,0.0,0.0,0,0.00028599472424165035,0.0,True,False,0,False,1,1.0,terminal,0.55,1.0,in=1/35000 KZT; out=0/0 KZT; tx=1/0; d=3; нет выхода в наблюдаемой выборке,0.1539331401015672,0.029007293138962602,0.08842282173954807,0.0,0.0,0.0,0.271363,Оборот 35000 (+0.154); связей 1 (+0.029); seed 2 (+0.088); внешних групп 0 (+0.000); 1–2д 0% (+0.000); цикл +0.00
100000008653041100,3,False,1,0,28000.0,0.0,1,0,1,0,0.0,0.0,0,0.0002883754407167393,0.0,True,False,22,False,1,1.0,terminal,0.55,1.0,in=1/28000 KZT; out=0/0 KZT; tx=1/0; d=3; нет выхода в наблюдаемой выборке,0.15065036699398576,0.029007293138962602,0.05578858913022596,0.0,0.0,0.0,0.235446,Оборот 28000 (+0.151); связей 1 (+0.029); seed 1 (+0.056); внешних групп 0 (+0.000); 1–2д 0% (+0.000); цикл +0.00
100000008654653100,0,True,0,1,0.0,54000.0,0,1,0,0,0.0,0.0,0,0.0002840372852618645,0.0,False,False,16,False,1,1.0,peripheral,0.4,1.0,in=0/0 KZT; out=1/54000 KZT; tx=0/1; d=0; недостаточно признаков других ролей,0.1603126258968977,0.029007293138962602,0.0,0.0,0.0,0.0,0.18932,Оборот 54000 (+0.160); связей 1 (+0.029); seed 0 (+0.000); внешних групп 0 (+0.000); 1–2д 0% (+0.000); цикл +0.00
100000008655035100,2,False,1,0,30000.0,0.0,1,0,2,0,0.0,0.0,0,0.0005369336194156901,0.0,True,False,1,False,1,1.0,terminal,0.55,1.0,in=1/30000 KZT; out=0/0 KZT; tx=1/0; d=2; нет выхода в наблюдаемой выборке,0.15166535208139753,0.029007293138962602,0.08842282173954807,0.0,0.0,0.0,0.269095,Оборот 30000 (+0.152); связей 1 (+0.029); seed 2 (+0.088); внешних групп 0 (+0.000); 1–2д 0% (+0.000); цикл +0.00
100000008655779100,3,False,1,2,47000.0,24704.0,1,2,1,0,0.0,0.0,0,0.0003944507406337856,0.5256170212765957,True,False,15,False,3,0.3333333333333333,peripheral,0.4,1.0,in=1/47000 KZT; out=2/24704 KZT; tx=1/2; d=3; недостаточно признаков других ролей,0.16448431757271426,0.058014586277925204,0.05578858913022596,0.0,0.0,0.0,0.278287,Оборот 71704 (+0.164); связей 3 (+0.058); seed 1 (+0.056); внешних групп 0 (+0.000); 1–2д 0% (+0.000); цикл +0.00
100000008656043100,2,False,1,0,26200.0,0.0,1,0,1,0,0.0,0.0,0,0.000292868601891361,0.0,True,False,22,False,1,1.0,terminal,0.55,1.0,in=1/26200 KZT; out=0/0 KZT; tx=1/0; d=2; нет выхода в наблюдаемой выборке,0.14967286568766733,0.029007293138962602,0.05578858913022596,0.0,0.0,0.0,0.234469,Оборот 26200 (+0.150); связей 1 (+0.029); seed 1 (+0.056); внешних групп 0 (+0.000); 1–2д 0% (+0.000); цикл +0.00
100000008659445100,0,True,3,4,138490.0,875150.0,7,18,0,0,96900.0,0.699689508267745,2,0.0025466577767960094,6.319228825185934,True,False,9,True,15,0.16,peripheral,0.4,1.0,in=3/138490 KZT; out=4/875150 KZT; tx=7/18; d=0; недостаточно признаков других ролей,0.20345251780148133,0.08702187941688781,0.0,0.0,0.0,0.1,0.390474,Оборот 1013640 (+0.203); связей 7 (+0.087); seed 0 (+0.000); внешних групп 0 (+0.000); 1–2д 70% (+0.000); цикл +0.10
100000008659950100,3,False,1,0,246000.0,0.0,1,0,3,0,0.0,0.0,0,0.000319101595669845,0.0,True,False,4,False,1,1.0,terminal,0.55,1.0,in=1/246000 KZT; out=0/0 KZT; tx=1/0; d=3; нет выхода в наблюдаемой выборке,0.18262085135500178,0.029007293138962602,0.11157717826045192,0.0,0.0,0.0,0.323205,Оборот 246000 (+0.183); связей 1 (+0.029); seed 3 (+0.112); внешних групп 0 (+0.000); 1–2д 0% (+0.000); цикл +0.00
100000008661550100,3,False,1,0,22800.0,0.0,1,0,1,0,0.0,0.0,0,0.00028756978327511973,0.0,True,False,22,False,1,1.0,terminal,0.55,1.0,in=1/22800 KZT; out=0/0 KZT; tx=1/0; d=3; нет выхода в наблюдаемой выборке,0.14762800403977164,0.029007293138962602,0.05578858913022596,0.0,0.0,0.0,0.232424,Оборот 22800 (+0.148); связей 1 (+0.029); seed 1 (+0.056); внешних групп 0 (+0.000); 1–2д 0% (+0.000); цикл +0.00
100000008661585100,1,False,1,0,43141.0,0.0,1,0,1,0,0.0,0.0,0,0.00029302389951997213,0.0,True,False,22,False,1,1.0,terminal,0.55,1.0,in=1/43141 KZT; out=0/0 KZT; tx=1/0; d=1; нет выхода в наблюдаемой выборке,0.15700970983110776,0.029007293138962602,0.05578858913022596,0.0,0.0,0.0,0.241806,Оборот 43141 (+0.157); связей 1 (+0.029); seed 1 (+0.056); внешних групп 0 (+0.000); 1–2д 0% (+0.000); цикл +0.00
100000008662216100,3,False,1,0,26200.0,0.0,1,0,1,0,0.0,0.0,0,0.0002880965592946402,0.0,True,False,22,False,1,1.0,terminal,0.55,1.0,in=1/26200 KZT; out=0/0 KZT; tx=1/0; d=3; нет выхода в наблюдаемой выборке,0.14967286568766733,0.029007293138962602,0.05578858913022596,0.0,0.0,0.0,0.234469,Оборот 26200 (+0.150); связей 1 (+0.029); seed 1 (+0.056); внешних групп 0 (+0.000); 1–2д 0% (+0.000); цикл +0.00
100000008662805100,3,False,1,0,16500.0,0.0,1,0,1,0,0.0,0.0,0,0.0002865936982977729,0.0,True,False,22,False,1,1.0,terminal,0.55,1.0,in=1/16500 KZT; out=0/0 KZT; tx=1/0; d=3; нет выхода в наблюдаемой выборке,0.14287040143045776,0.029007293138962602,0.05578858913022596,0.0,0.0,0.0,0.227666,Оборот 16500 (+0.143); связей 1 (+0.029); seed 1 (+0.056); внешних групп 0 (+0.000); 1–2д 0% (+0.000); цикл +0.00
100000008663007100,1,False,1,0,14000.0,0.0,1,0,1,0,0.0,0.0,0,0.0002869535968822142,0.0,True,False,22,False,1,1.0,terminal,0.55,1.0,in=1/14000 KZT; out=0/0 KZT; tx=1/0; d=1; нет выхода в наблюдаемой выборке,0.14045334131935877,0.029007293138962602,0.05578858913022596,0.0,0.0,0.0,0.225249,Оборот 14000 (+0.140); связей 1 (+0.029); seed 1 (+0.056); внешних групп 0 (+0.000); 1–2д 0% (+0.000); цикл +0.00
100000008663723100,3,False,1,0,15600.0,0.0,1,0,1,0,0.0,0.0,0,0.00028645425758672333,0.0,True,False,22,False,1,1.0,terminal,0.55,1.0,in=1/15600 KZT; out=0/0 KZT; tx=1/0; d=3; нет выхода в наблюдаемой выборке,0.14204526708186652,0.029007293138962602,0.05578858913022596,0.0,0.0,0.0,0.226841,Оборот 15600 (+0.142); связей 1 (+0.029); seed 1 (+0.056); внешних групп 0 (+0.000); 1–2д 0% (+0.000); цикл +0.00
100000008664469100,1,False,1,0,25000.0,0.0,1,0,4,0,0.0,0.0,0,0.00028900268410084065,0.0,True,False,2,False,1,1.0,terminal,0.55,1.0,in=1/25000 KZT; out=0/0 KZT; tx=1/0; d=1; нет выхода в наблюдаемой выборке,0.14898314336993435,0.029007293138962602,0.12953709247559939,0.0,0.0,0.0,0.307528,Оборот 25000 (+0.149); связей 1 (+0.029); seed 4 (+0.130); внешних групп 0 (+0.000); 1–2д 0% (+0.000); цикл +0.00
100000008664774100,3,False,1,0,16300.0,0.0,1,0,1,0,0.0,0.0,0,0.0002865627114730952,0.0,True,False,22,False,1,1.0,terminal,0.55,1.0,in=1/16300 KZT; out=0/0 KZT; tx=1/0; d=3; нет выхода в наблюдаемой выборке,0.14269099604449131,0.029007293138962602,0.05578858913022596,0.0,0.0,0.0,0.227487,Оборот 16300 (+0.143); связей 1 (+0.029); seed 1 (+0.056); внешних групп 0 (+0.000); 1–2д 0% (+0.000); цикл +0.00
100000008665380100,1,False,2,1,69100.0,18200.0,2,1,2,0,18200.0,0.2633863965267728,1,0.00028920444205055533,0.2633863965267728,True,False,0,False,3,0.3333333333333333,peripheral,0.4,1.0,in=2/69100 KZT; out=1/18200 KZT; tx=2/1; d=1; недостаточно признаков других ролей,0.16737965173120836,0.058014586277925204,0.08842282173954807,0.0,0.026338639652677284,0.0,0.340156,Оборот 87300 (+0.167); связей 3 (+0.058); seed 2 (+0.088); внешних групп 0 (+0.000); 1–2д 26% (+0.026); цикл +0.00
100000008666075100,1,False,1,0,26217.0,0.0,1,0,1,0,0.0,0.0,0,0.0002894984953869151,0.0,True,False,22,False,1,1.0,terminal,0.55,1.0,in=1/26217 KZT; out=0/0 KZT; tx=1/0; d=1; нет выхода в наблюдаемой выборке,0.14968240815383183,0.029007293138962602,0.05578858913022596,0.0,0.0,0.0,0.234478,Оборот 26217 (+0.150); связей 1 (+0.029); seed 1 (+0.056); внешних групп 0 (+0.000); 1–2д 0% (+0.000); цикл +0.00
100000008667058100,1,False,1,0,17534.0,0.0,1,0,1,0,0.0,0.0,0,0.00028768975725837964,0.0,True,False,22,False,1,1.0,terminal,0.55,1.0,in=1/17534 KZT; out=0/0 KZT; tx=1/0; d=1; нет выхода в наблюдаемой выборке,0.14376456322045422,0.029007293138962602,0.05578858913022596,0.0,0.0,0.0,0.22856,Оборот 17534 (+0.144); связей 1 (+0.029); seed 1 (+0.056); внешних групп 0 (+0.000); 1–2д 0% (+0.000); цикл +0.00
100000008667795100,3,False,1,0,34000.0,0.0,1,0,1,0,0.0,0.0,0,0.00028930504545706965,0.0,True,False,22,False,1,1.0,terminal,0.55,1.0,in=1/34000 KZT; out=0/0 KZT; tx=1/0; d=3; нет выхода в наблюдаемой выборке,0.15350668908664886,0.029007293138962602,0.05578858913022596,0.0,0.0,0.0,0.238303,Оборот 34000 (+0.154); связей 1 (+0.029); seed 1 (+0.056); внешних групп 0 (+0.000); 1–2д 0% (+0.000); цикл +0.00
100000008667799100,3,False,1,0,34000.0,0.0,1,0,1,0,0.0,0.0,0,0.00028930504545706965,0.0,True,False,22,False,1,1.0,terminal,0.55,1.0,in=1/34000 KZT; out=0/0 KZT; tx=1/0; d=3; нет выхода в наблюдаемой выборке,0.15350668908664886,0.029007293138962602,0.05578858913022596,0.0,0.0,0.0,0.238303,Оборот 34000 (+0.154); связей 1 (+0.029); seed 1 (+0.056); внешних групп 0 (+0.000); 1–2д 0% (+0.000); цикл +0.00
100000008668099100,3,False,1,0,15700.0,0.0,1,0,1,0,0.0,0.0,0,0.00028646975099906217,0.0,True,False,22,False,1,1.0,terminal,0.55,1.0,in=1/15700 KZT; out=0/0 KZT; tx=1/0; d=3; нет выхода в наблюдаемой выборке,0.14213926750620587,0.029007293138962602,0.05578858913022596,0.0,0.0,0.0,0.226935,Оборот 15700 (+0.142); связей 1 (+0.029); seed 1 (+0.056); внешних групп 0 (+0.000); 1–2д 0% (+0.000); цикл +0.00
100000008669037100,0,True,0,0,0.0,0.0,0,0,0,0,0.0,0.0,0,0.0002840372852618645,0.0,False,False,89,False,0,0.0,peripheral,0.3,1.0,in=0/0 KZT; out=0/0 KZT; tx=0/0; d=0; нет наблюдаемых связей,0.0,0.0,0.0,0.0,0.0,0.0,0.0,Оборот 0 (+0.000); связей 0 (+0.000); seed 0 (+0.000); внешних групп 0 (+0.000); 1–2д 0% (+0.000); цикл +0.00
100000008669310100,3,False,1,0,59567.0,0.0,2,0,2,0,0.0,0.0,0,0.000287368678624976,0.0,True,False,0,False,2,0.5,terminal,0.55,1.0,in=1/59567 KZT; out=0/0 KZT; tx=2/0; d=3; нет выхода в наблюдаемой выборке,0.16175610350445255,0.029007293138962602,0.08842282173954807,0.0,0.0,0.0,0.279186,Оборот 59567 (+0.162); связей 1 (+0.029); seed 2 (+0.088); внешних групп 0 (+0.000); 1–2д 0% (+0.000); цикл +0.00
100000008670667100,1,False,1,0,15534.0,0.0,1,0,1,0,0.0,0.0,0,0.00028727314131261536,0.0,True,False,22,False,1,1.0,terminal,0.55,1.0,in=1/15534 KZT; out=0/0 KZT; tx=1/0; d=1; нет выхода в наблюдаемой выборке,0.14198289615597603,0.029007293138962602,0.05578858913022596,0.0,0.0,0.0,0.226779,Оборот 15534 (+0.142); связей 1 (+0.029); seed 1 (+0.056); внешних групп 0 (+0.000); 1–2д 0% (+0.000); цикл +0.00
100000008671026100,1,False,1,0,23534.0,0.0,1,0,1,0,0.0,0.0,0,0.00028893960509567235,0.0,True,False,22,False,1,1.0,terminal,0.55,1.0,in=1/23534 KZT; out=0/0 KZT; tx=1/0; d=1; нет выхода в наблюдаемой выборке,0.1480941417875446,0.029007293138962602,0.05578858913022596,0.0,0.0,0.0,0.23289,Оборот 23534 (+0.148); связей 1 (+0.029); seed 1 (+0.056); внешних групп 0 (+0.000); 1–2д 0% (+0.000); цикл +0.00
100000008671081100,3,False,1,0,37200.0,0.0,1,0,1,0,0.0,0.0,0,0.00028980083465191247,0.0,True,False,22,False,1,1.0,terminal,0.55,1.0,in=1/37200 KZT; out=0/0 KZT; tx=1/0; d=3; нет выхода в наблюдаемой выборке,0.15482996639850422,0.029007293138962602,0.05578858913022596,0.0,0.0,0.0,0.239626,Оборот 37200 (+0.155); связей 1 (+0.029); seed 1 (+0.056); внешних групп 0 (+0.000); 1–2д 0% (+0.000); цикл +0.00
100000008671129100,3,False,1,0,26200.0,0.0,1,0,1,0,0.0,0.0,0,0.0002880965592946402,0.0,True,False,22,False,1,1.0,terminal,0.55,1.0,in=1/26200 KZT; out=0/0 KZT; tx=1/0; d=3; нет выхода в наблюдаемой выборке,0.14967286568766733,0.029007293138962602,0.05578858913022596,0.0,0.0,0.0,0.234469,Оборот 26200 (+0.150); связей 1 (+0.029); seed 1 (+0.056); внешних групп 0 (+0.000); 1–2д 0% (+0.000); цикл +0.00
100000008671929100,1,False,1,0,75000.0,0.0,2,0,4,0,0.0,0.0,0,0.00029893348177879305,0.0,True,False,2,False,2,0.5,terminal,0.55,1.0,in=1/75000 KZT; out=0/0 KZT; tx=2/0; d=1; нет выхода в наблюдаемой выборке,0.1651454871122357,0.029007293138962602,0.12953709247559939,0.0,0.0,0.0,0.32369,Оборот 75000 (+0.165); связей 1 (+0.029); seed 4 (+0.130); внешних групп 0 (+0.000); 1–2д 0% (+0.000); цикл +0.00
100000008672162100,1,False,1,0,15550.0,0.0,1,0,1,0,0.0,0.0,0,0.00028727647424018146,0.0,True,False,22,False,1,1.0,terminal,0.55,1.0,in=1/15550 KZT; out=0/0 KZT; tx=1/0; d=1; нет выхода в наблюдаемой выборке,0.14199804067907926,0.029007293138962602,0.05578858913022596,0.0,0.0,0.0,0.226794,Оборот 15550 (+0.142); связей 1 (+0.029); seed 1 (+0.056); внешних групп 0 (+0.000); 1–2д 0% (+0.000); цикл +0.00
100000008672200100,1,False,1,0,8511.0,0.0,1,0,1,0,0.0,0.0,0,0.00028581019441906424,0.0,True,False,22,False,1,1.0,terminal,0.55,1.0,in=1/8511 KZT; out=0/0 KZT; tx=1/0; d=1; нет выхода в наблюдаемой выборке,0.13313190941490768,0.029007293138962602,0.05578858913022596,0.0,0.0,0.0,0.217928,Оборот 8511 (+0.133); связей 1 (+0.029); seed 1 (+0.056); внешних групп 0 (+0.000); 1–2д 0% (+0.000); цикл +0.00
100000008672480100,2,False,1,0,13000.0,0.0,1,0,1,0,0.0,0.0,0,0.000288419236261233,0.0,True,False,22,False,1,1.0,terminal,0.55,1.0,in=1/13000 KZT; out=0/0 KZT; tx=1/0; d=2; нет выхода в наблюдаемой выборке,0.13936314889581666,0.029007293138962602,0.05578858913022596,0.0,0.0,0.0,0.224159,Оборот 13000 (+0.139); связей 1 (+0.029); seed 1 (+0.056); внешних групп 0 (+0.000); 1–2д 0% (+0.000); цикл +0.00
100000008672493100,3,False,1,0,14000.0,0.0,1,0,1,0,0.0,0.0,0,0.0002862063629893019,0.0,True,False,22,False,1,1.0,terminal,0.55,1.0,in=1/14000 KZT; out=0/0 KZT; tx=1/0; d=3; нет выхода в наблюдаемой выборке,0.14045334131935877,0.029007293138962602,0.05578858913022596,0.0,0.0,0.0,0.225249,Оборот 14000 (+0.140); связей 1 (+0.029); seed 1 (+0.056); внешних групп 0 (+0.000); 1–2д 0% (+0.000); цикл +0.00
100000008672603100,2,False,1,0,21200.0,0.0,1,0,2,0,0.0,0.0,0,0.00029560283576951,0.0,True,False,2,False,1,1.0,terminal,0.55,1.0,in=1/21200 KZT; out=0/0 KZT; tx=1/0; d=2; нет выхода в наблюдаемой выборке,0.1465576202913182,0.029007293138962602,0.08842282173954807,0.0,0.0,0.0,0.263988,Оборот 21200 (+0.147); связей 1 (+0.029); seed 2 (+0.088); внешних групп 0 (+0.000); 1–2д 0% (+0.000); цикл +0.00
100000008672762100,2,False,1,0,13000.0,0.0,1,0,1,0,0.0,0.0,0,0.000288419236261233,0.0,True,False,22,False,1,1.0,terminal,0.55,1.0,in=1/13000 KZT; out=0/0 KZT; tx=1/0; d=2; нет выхода в наблюдаемой выборке,0.13936314889581666,0.029007293138962602,0.05578858913022596,0.0,0.0,0.0,0.224159,Оборот 13000 (+0.139); связей 1 (+0.029); seed 1 (+0.056); внешних групп 0 (+0.000); 1–2д 0% (+0.000); цикл +0.00
100000008673001100,0,True,1,0,80000.0,0.0,1,0,1,0,0.0,0.0,0,0.0004662498833593442,0.0,True,False,49,False,1,1.0,peripheral,0.4,1.0,in=1/80000 KZT; out=0/0 KZT; tx=1/0; d=0; недостаточно признаков других ролей,0.16609496275913513,0.029007293138962602,0.05578858913022596,0.0,0.0,0.0,0.250891,Оборот 80000 (+0.166); связей 1 (+0.029); seed 1 (+0.056); внешних групп 0 (+0.000); 1–2д 0% (+0.000); цикл +0.00
100000008675322100,4,False,1,0,340000.0,0.0,4,0,3,0,0.0,0.0,0,0.0003176004132615675,0.0,True,True,20,False,4,0.25,peripheral,0.2,1.0,in=1/340000 KZT; out=0/0 KZT; tx=4/0; d=4; граница выгрузки; роль неизвестна,0.18738183106889666,0.029007293138962602,0.11157717826045192,0.0,0.0,0.0,0.327966,Оборот 340000 (+0.187); связей 1 (+0.029); seed 3 (+0.112); внешних групп 0 (+0.000); 1–2д 0% (+0.000); цикл +0.00
100000008676812100,3,False,1,0,230800.0,0.0,1,0,1,0,0.0,0.0,0,0.0004703421921121476,0.0,True,False,43,False,1,1.0,terminal,0.55,1.0,in=1/230800 KZT; out=0/0 KZT; tx=1/0; d=3; нет выхода в наблюдаемой выборке,0.18168252669766574,0.029007293138962602,0.05578858913022596,0.0,0.0,0.0,0.266478,Оборот 230800 (+0.182); связей 1 (+0.029); seed 1 (+0.056); внешних групп 0 (+0.000); 1–2д 0% (+0.000); цикл +0.00
100000008677215100,3,False,1,0,9000.0,0.0,1,0,2,0,0.0,0.0,0,0.00030293742154474787,0.0,True,False,29,False,1,1.0,terminal,0.55,1.0,in=1/9000 KZT; out=0/0 KZT; tx=1/0; d=3; нет выхода в наблюдаемой выборке,0.13395370090262443,0.029007293138962602,0.08842282173954807,0.0,0.0,0.0,0.251384,Оборот 9000 (+0.134); связей 1 (+0.029); seed 2 (+0.088); внешних групп 0 (+0.000); 1–2д 0% (+0.000); цикл +0.00
100000008677368100,4,False,1,0,13500.0,0.0,1,0,1,0,0.0,0.0,0,0.0005308630521723473,0.0,True,True,1,False,1,1.0,peripheral,0.2,1.0,in=1/13500 KZT; out=0/0 KZT; tx=1/0; d=4; граница выгрузки; роль неизвестна,0.13991834104298206,0.029007293138962602,0.05578858913022596,0.0,0.0,0.0,0.224714,Оборот 13500 (+0.140); связей 1 (+0.029); seed 1 (+0.056); внешних групп 0 (+0.000); 1–2д 0% (+0.000); цикл +0.00
100000008677518100,3,False,1,0,48700.0,0.0,1,0,1,0,0.0,0.0,0,0.00029158257707087896,0.0,True,False,22,False,1,1.0,terminal,0.55,1.0,in=1/48700 KZT; out=0/0 KZT; tx=1/0; d=3; нет выхода в наблюдаемой выборке,0.15879283665177835,0.029007293138962602,0.05578858913022596,0.0,0.0,0.0,0.243589,Оборот 48700 (+0.159); связей 1 (+0.029); seed 1 (+0.056); внешних групп 0 (+0.000); 1–2д 0% (+0.000); цикл +0.00
100000008679986100,1,False,1,0,19000.0,0.0,1,0,1,0,0.0,0.0,0,0.0002879951367466248,0.0,True,False,22,False,1,1.0,terminal,0.55,1.0,in=1/19000 KZT; out=0/0 KZT; tx=1/0; d=1; нет выхода в наблюдаемой выборке,0.14494582629821837,0.029007293138962602,0.05578858913022596,0.0,0.0,0.0,0.229742,Оборот 19000 (+0.145); связей 1 (+0.029); seed 1 (+0.056); внешних групп 0 (+0.000); 1–2д 0% (+0.000); цикл +0.00
100000008680061100,4,False,1,0,41300.0,0.0,2,0,1,0,0.0,0.0,0,0.0003089565682190843,0.0,True,True,10,False,2,0.5,peripheral,0.2,1.0,in=1/41300 KZT; out=0/0 KZT; tx=2/0; d=4; граница выгрузки; роль неизвестна,0.1563681171796715,0.029007293138962602,0.05578858913022596,0.0,0.0,0.0,0.241164,Оборот 41300 (+0.156); связей 1 (+0.029); seed 1 (+0.056); внешних групп 0 (+0.000); 1–2д 0% (+0.000); цикл +0.00
100000008680451100,1,False,1,0,23534.0,0.0,1,0,1,0,0.0,0.0,0,0.00028893960509567235,0.0,True,False,22,False,1,1.0,terminal,0.55,1.0,in=1/23534 KZT; out=0/0 KZT; tx=1/0; d=1; нет выхода в наблюдаемой выборке,0.1480941417875446,0.029007293138962602,0.05578858913022596,0.0,0.0,0.0,0.23289,Оборот 23534 (+0.148); связей 1 (+0.029); seed 1 (+0.056); внешних групп 0 (+0.000); 1–2д 0% (+0.000); цикл +0.00
100000008680731100,0,True,0,27,0.0,1464354.0,0,28,0,3,0.0,0.0,0,0.0002840372852618645,0.0,False,False,7,False,6,0.35714285714285715,distributor,0.8,1.0,in=0/0 KZT; out=27/1464354 KZT; tx=0/28; d=0; рассылка многим получателям,0.20886454742066815,0.13944835344715964,0.0,0.07879486051115807,0.0,0.0,0.427108,Оборот 1464354 (+0.209); связей 27 (+0.139); seed 0 (+0.000); внешних групп 3 (+0.079); 1–2д 0% (+0.000); цикл +0.00
100000008680912100,3,False,1,1,45112.0,5990.85,2,1,1,0,5990.85,0.13279947685759885,1,0.0005414864913228879,0.13279947685759888,True,False,0,True,3,0.3333333333333333,peripheral,0.4,1.0,in=1/45112 KZT; out=1/5991 KZT; tx=2/1; d=3; недостаточно признаков других ролей,0.15950136848773921,0.04597547187268181,0.05578858913022596,0.0,0.013279947685759887,0.1,0.374545,Оборот 51103 (+0.160); связей 2 (+0.046); seed 1 (+0.056); внешних групп 0 (+0.000); 1–2д 13% (+0.013); цикл +0.10
100000008682426100,3,False,1,0,20000.0,0.0,1,0,1,0,0.0,0.0,0,0.00028967097170599926,0.0,True,False,40,False,1,1.0,terminal,0.55,1.0,in=1/20000 KZT; out=0/0 KZT; tx=1/0; d=3; нет выхода в наблюдаемой выборке,0.14570041229327152,0.029007293138962602,0.05578858913022596,0.0,0.0,0.0,0.230496,Оборот 20000 (+0.146); связей 1 (+0.029); seed 1 (+0.056); внешних групп 0 (+0.000); 1–2д 0% (+0.000); цикл +0.00
100000008683818100,2,False,1,0,17400.0,0.0,1,0,1,0,0.0,0.0,0,0.00028990235813794235,0.0,True,False,22,False,1,1.0,terminal,0.55,1.0,in=1/17400 KZT; out=0/0 KZT; tx=1/0; d=2; нет выхода в наблюдаемой выборке,0.1436517047466572,0.029007293138962602,0.05578858913022596,0.0,0.0,0.0,0.228448,Оборот 17400 (+0.144); связей 1 (+0.029); seed 1 (+0.056); внешних групп 0 (+0.000); 1–2д 0% (+0.000); цикл +0.00
100000008684452100,3,False,1,0,51800.0,0.0,1,0,1,0,0.0,0.0,0,0.00029206287285338294,0.0,True,False,22,False,1,1.0,terminal,0.55,1.0,in=1/51800 KZT; out=0/0 KZT; tx=1/0; d=3; нет выхода в наблюдаемой выборке,0.159700709865619,0.029007293138962602,0.05578858913022596,0.0,0.0,0.0,0.244497,Оборот 51800 (+0.160); связей 1 (+0.029); seed 1 (+0.056); внешних групп 0 (+0.000); 1–2д 0% (+0.000); цикл +0.00
100000008684767100,3,False,1,0,31100.0,0.0,1,0,1,0,0.0,0.0,0,0.00028885573649924335,0.0,True,False,22,False,1,1.0,terminal,0.55,1.0,in=1/31100 KZT; out=0/0 KZT; tx=1/0; d=3; нет выхода в наблюдаемой выборке,0.15219511872212857,0.029007293138962602,0.05578858913022596,0.0,0.0,0.0,0.236991,Оборот 31100 (+0.152); связей 1 (+0.029); seed 1 (+0.056); внешних групп 0 (+0.000); 1–2д 0% (+0.000); цикл +0.00
100000008684951100,3,False,1,0,17200.0,0.0,1,0,1,0,0.0,0.0,0,0.00028670215218414474,0.0,True,False,22,False,1,1.0,terminal,0.55,1.0,in=1/17200 KZT; out=0/0 KZT; tx=1/0; d=3; нет выхода в наблюдаемой выборке,0.14348163226297123,0.029007293138962602,0.05578858913022596,0.0,0.0,0.0,0.228278,Оборот 17200 (+0.143); связей 1 (+0.029); seed 1 (+0.056); внешних групп 0 (+0.000); 1–2д 0% (+0.000); цикл +0.00
100000008686214100,3,False,1,0,25000.0,0.0,1,0,2,0,0.0,0.0,0,0.0002961136738442418,0.0,True,False,8,False,1,1.0,terminal,0.55,1.0,in=1/25000 KZT; out=0/0 KZT; tx=1/0; d=3; нет выхода в наблюдаемой выборке,0.14898314336993435,0.029007293138962602,0.08842282173954807,0.0,0.0,0.0,0.266413,Оборот 25000 (+0.149); связей 1 (+0.029); seed 2 (+0.088); внешних групп 0 (+0.000); 1–2д 0% (+0.000); цикл +0.00
100000008686234100,1,False,1,0,39778.0,0.0,1,0,1,0,0.0,0.0,0,0.00029144347651502975,0.0,True,False,0,False,1,1.0,terminal,0.55,1.0,in=1/39778 KZT; out=0/0 KZT; tx=1/0; d=1; нет выхода в наблюдаемой выборке,0.15581571885208004,0.029007293138962602,0.05578858913022596,0.0,0.0,0.0,0.240612,Оборот 39778 (+0.156); связей 1 (+0.029); seed 1 (+0.056); внешних групп 0 (+0.000); 1–2д 0% (+0.000); цикл +0.00
100000008686247100,3,False,1,1,22000.0,5000.0,2,1,1,0,0.0,0.0,0,0.0003119291757898327,0.22727272727272727,True,False,21,True,3,0.3333333333333333,peripheral,0.4,1.0,in=1/22000 KZT; out=1/5000 KZT; tx=2/1; d=3; недостаточно признаков других ролей,0.15011534725947276,0.04597547187268181,0.05578858913022596,0.0,0.0,0.1,0.351879,Оборот 27000 (+0.150); связей 2 (+0.046); seed 1 (+0.056); внешних групп 0 (+0.000); 1–2д 0% (+0.000); цикл +0.10
100000008686313100,1,False,6,7,1912716.0,333800.0,16,13,3,4,198095.0,0.1035673879446818,9,0.00046470631676358076,0.17451623764322566,True,False,0,True,20,0.10344827586206896,coordinator,0.75,1.0,in=6/1912716 KZT; out=7/333800 KZT; tx=16/13; d=1; связь с 3 seed и 4 внеш. группами,0.2151607666610665,0.11044106030819703,0.11157717826045192,0.09147800017679435,0.010356738794468181,0.1,0.639014,Оборот 2246516 (+0.215); связей 13 (+0.110); seed 3 (+0.112); внешних групп 4 (+0.091); 1–2д 10% (+0.010); цикл +0.10
100000008686494100,3,False,1,0,15700.0,0.0,1,0,1,0,0.0,0.0,0,0.00028646975099906217,0.0,True,False,22,False,1,1.0,terminal,0.55,1.0,in=1/15700 KZT; out=0/0 KZT; tx=1/0; d=3; нет выхода в наблюдаемой выборке,0.14213926750620587,0.029007293138962602,0.05578858913022596,0.0,0.0,0.0,0.226935,Оборот 15700 (+0.142); связей 1 (+0.029); seed 1 (+0.056); внешних групп 0 (+0.000); 1–2д 0% (+0.000); цикл +0.00
100000008687492100,2,False,1,0,15000.0,0.0,1,0,1,0,0.0,0.0,0,0.00028909338256882816,0.0,True,False,22,False,1,1.0,terminal,0.55,1.0,in=1/15000 KZT; out=0/0 KZT; tx=1/0; d=2; нет выхода в наблюдаемой выборке,0.14146829138193068,0.029007293138962602,0.05578858913022596,0.0,0.0,0.0,0.226264,Оборот 15000 (+0.141); связей 1 (+0.029); seed 1 (+0.056); внешних групп 0 (+0.000); 1–2д 0% (+0.000); цикл +0.00
100000008687617100,3,False,1,0,43350.0,0.0,2,0,1,0,0.0,0.0,0,0.0002907536795107511,0.0,True,False,22,False,2,0.5,terminal,0.55,1.0,in=1/43350 KZT; out=0/0 KZT; tx=2/0; d=3; нет выхода в наблюдаемой выборке,0.15708080933891422,0.029007293138962602,0.05578858913022596,0.0,0.0,0.0,0.241877,Оборот 43350 (+0.157); связей 1 (+0.029); seed 1 (+0.056); внешних групп 0 (+0.000); 1–2д 0% (+0.000); цикл +0.00
100000008687671100,1,False,1,0,37500.0,0.0,1,0,1,0,0.0,0.0,0,0.00029184883424494406,0.0,True,False,22,False,1,1.0,terminal,0.55,1.0,in=1/37500 KZT; out=0/0 KZT; tx=1/0; d=1; нет выхода в наблюдаемой выборке,0.15494813219423714,0.029007293138962602,0.05578858913022596,0.0,0.0,0.0,0.239744,Оборот 37500 (+0.155); связей 1 (+0.029); seed 1 (+0.056); внешних групп 0 (+0.000); 1–2д 0% (+0.000); цикл +0.00
100000008687733100,3,False,1,0,14650.0,0.0,1,0,1,0,0.0,0.0,0,0.00028630707016950434,0.0,True,False,22,False,1,1.0,terminal,0.55,1.0,in=1/14650 KZT; out=0/0 KZT; tx=1/0; d=3; нет выхода в наблюдаемой выборке,0.14112096749934455,0.029007293138962602,0.05578858913022596,0.0,0.0,0.0,0.225917,Оборот 14650 (+0.141); связей 1 (+0.029); seed 1 (+0.056); внешних групп 0 (+0.000); 1–2д 0% (+0.000); цикл +0.00
100000008687990100,3,False,1,0,17600.0,0.0,1,0,1,0,0.0,0.0,0,0.0002867641258335001,0.0,True,False,22,False,1,1.0,terminal,0.55,1.0,in=1/17600 KZT; out=0/0 KZT; tx=1/0; d=3; нет выхода в наблюдаемой выборке,0.1438198336133267,0.029007293138962602,0.05578858913022596,0.0,0.0,0.0,0.228616,Оборот 17600 (+0.144); связей 1 (+0.029); seed 1 (+0.056); внешних групп 0 (+0.000); 1–2д 0% (+0.000); цикл +0.00
100000008688109100,3,False,1,0,12800.0,0.0,1,0,1,0,0.0,0.0,0,0.00028602044204123587,0.0,True,False,22,False,1,1.0,terminal,0.55,1.0,in=1/12800 KZT; out=0/0 KZT; tx=1/0; d=3; нет выхода в наблюдаемой выборке,0.1391350696613258,0.029007293138962602,0.05578858913022596,0.0,0.0,0.0,0.223931,Оборот 12800 (+0.139); связей 1 (+0.029); seed 1 (+0.056); внешних групп 0 (+0.000); 1–2д 0% (+0.000); цикл +0.00
100000008688155100,3,False,1,0,23600.0,0.0,1,0,1,0,0.0,0.0,0,0.00028769373057383043,0.0,True,False,22,False,1,1.0,terminal,0.55,1.0,in=1/23600 KZT; out=0/0 KZT; tx=1/0; d=3; нет выхода в наблюдаемой выборке,0.14813534128493597,0.029007293138962602,0.05578858913022596,0.0,0.0,0.0,0.232931,Оборот 23600 (+0.148); связей 1 (+0.029); seed 1 (+0.056); внешних групп 0 (+0.000); 1–2д 0% (+0.000); цикл +0.00
100000008688476100,2,False,1,0,24000.0,0.0,1,0,1,0,0.0,0.0,0,0.0002921270409530064,0.0,True,False,22,False,1,1.0,terminal,0.55,1.0,in=1/24000 KZT; out=0/0 KZT; tx=1/0; d=2; нет выхода в наблюдаемой выборке,0.1483825964868302,0.029007293138962602,0.05578858913022596,0.0,0.0,0.0,0.233178,Оборот 24000 (+0.148); связей 1 (+0.029); seed 1 (+0.056); внешних групп 0 (+0.000); 1–2д 0% (+0.000); цикл +0.00
100000008688881100,2,False,1,0,44211.0,0.0,1,0,1,0,0.0,0.0,0,0.00029893962646440923,0.0,True,False,22,False,1,1.0,terminal,0.55,1.0,in=1/44211 KZT; out=0/0 KZT; tx=1/0; d=2; нет выхода в наблюдаемой выборке,0.15737014165265117,0.029007293138962602,0.05578858913022596,0.0,0.0,0.0,0.242166,Оборот 44211 (+0.157); связей 1 (+0.029); seed 1 (+0.056); внешних групп 0 (+0.000); 1–2д 0% (+0.000); цикл +0.00
100000008690762100,3,False,1,0,26750.0,0.0,1,0,1,0,0.0,0.0,0,0.00028818177306250386,0.0,True,False,22,False,1,1.0,terminal,0.55,1.0,in=1/26750 KZT; out=0/0 KZT; tx=1/0; d=3; нет выхода в наблюдаемой выборке,0.1499784959567688,0.029007293138962602,0.05578858913022596,0.0,0.0,0.0,0.234774,Оборот 26750 (+0.150); связей 1 (+0.029); seed 1 (+0.056); внешних групп 0 (+0.000); 1–2д 0% (+0.000); цикл +0.00
100000008690932100,1,False,1,0,23000.0,0.0,1,0,1,0,0.0,0.0,0,0.0002888283686381533,0.0,True,False,22,False,1,1.0,terminal,0.55,1.0,in=1/23000 KZT; out=0/0 KZT; tx=1/0; d=1; нет выхода в наблюдаемой выборке,0.14775648794763754,0.029007293138962602,0.05578858913022596,0.0,0.0,0.0,0.232552,Оборот 23000 (+0.148); связей 1 (+0.029); seed 1 (+0.056); внешних групп 0 (+0.000); 1–2д 0% (+0.000); цикл +0.00
100000008691027100,1,False,1,0,17534.0,0.0,1,0,1,0,0.0,0.0,0,0.00028768975725837964,0.0,True,False,22,False,1,1.0,terminal,0.55,1.0,in=1/17534 KZT; out=0/0 KZT; tx=1/0; d=1; нет выхода в наблюдаемой выборке,0.14376456322045422,0.029007293138962602,0.05578858913022596,0.0,0.0,0.0,0.22856,Оборот 17534 (+0.144); связей 1 (+0.029); seed 1 (+0.056); внешних групп 0 (+0.000); 1–2д 0% (+0.000); цикл +0.00
100000008691168100,2,False,1,0,24000.0,0.0,1,0,1,0,0.0,0.0,0,0.0002921270409530064,0.0,True,False,22,False,1,1.0,terminal,0.55,1.0,in=1/24000 KZT; out=0/0 KZT; tx=1/0; d=2; нет выхода в наблюдаемой выборке,0.1483825964868302,0.029007293138962602,0.05578858913022596,0.0,0.0,0.0,0.233178,Оборот 24000 (+0.148); связей 1 (+0.029); seed 1 (+0.056); внешних групп 0 (+0.000); 1–2д 0% (+0.000); цикл +0.00
100000008691330100,1,False,1,0,21440.0,0.0,1,0,1,0,0.0,0.0,0,0.00028850340820045717,0.0,True,False,22,False,1,1.0,terminal,0.55,1.0,in=1/21440 KZT; out=0/0 KZT; tx=1/0; d=1; нет выхода в наблюдаемой выборке,0.14672322728960857,0.029007293138962602,0.05578858913022596,0.0,0.0,0.0,0.231519,Оборот 21440 (+0.147); связей 1 (+0.029); seed 1 (+0.056); внешних групп 0 (+0.000); 1–2д 0% (+0.000); цикл +0.00
100000008691495100,1,False,1,0,27000.0,0.0,1,0,1,0,0.0,0.0,0,0.0002896616005296818,0.0,True,False,22,False,1,1.0,terminal,0.55,1.0,in=1/27000 KZT; out=0/0 KZT; tx=1/0; d=1; нет выхода в наблюдаемой выборке,0.15011534725947276,0.029007293138962602,0.05578858913022596,0.0,0.0,0.0,0.234911,Оборот 27000 (+0.150); связей 1 (+0.029); seed 1 (+0.056); внешних групп 0 (+0.000); 1–2д 0% (+0.000); цикл +0.00
100000008692291100,3,False,3,3,160000.0,156000.0,3,3,3,1,21000.0,0.13125,1,0.00030628641801545375,0.975,True,False,4,False,5,0.3333333333333333,peripheral,0.4,1.0,in=3/160000 KZT; out=3/156000 KZT; tx=3/3; d=3; недостаточно признаков других ролей,0.1863048690696412,0.08143376716923444,0.11157717826045192,0.039397430255579034,0.013125000000000001,0.0,0.431838,Оборот 316000 (+0.186); связей 6 (+0.081); seed 3 (+0.112); внешних групп 1 (+0.039); 1–2д 13% (+0.013); цикл +0.00
100000008693069100,1,False,1,0,20000.0,0.0,1,0,1,0,0.0,0.0,0,0.00028820344471950694,0.0,True,False,22,False,1,1.0,terminal,0.55,1.0,in=1/20000 KZT; out=0/0 KZT; tx=1/0; d=1; нет выхода в наблюдаемой выборке,0.14570041229327152,0.029007293138962602,0.05578858913022596,0.0,0.0,0.0,0.230496,Оборот 20000 (+0.146); связей 1 (+0.029); seed 1 (+0.056); внешних групп 0 (+0.000); 1–2д 0% (+0.000); цикл +0.00
100000008695133100,3,False,1,0,36610.0,0.0,1,0,1,0,0.0,0.0,0,0.00028970942351911336,0.0,True,False,22,False,1,1.0,terminal,0.55,1.0,in=1/36610 KZT; out=0/0 KZT; tx=1/0; d=3; нет выхода в наблюдаемой выборке,0.15459476780952788,0.029007293138962602,0.05578858913022596,0.0,0.0,0.0,0.239391,Оборот 36610 (+0.155); связей 1 (+0.029); seed 1 (+0.056); внешних групп 0 (+0.000); 1–2д 0% (+0.000); цикл +0.00
100000008695157100,4,False,1,0,425546.0,0.0,3,0,1,0,0.0,0.0,0,0.0004945670132085712,0.0,True,True,8,False,3,0.3333333333333333,peripheral,0.2,1.0,in=1/425546 KZT; out=0/0 KZT; tx=3/0; d=4; граница выгрузки; роль неизвестна,0.19068358896647247,0.029007293138962602,0.05578858913022596,0.0,0.0,0.0,0.275479,Оборот 425546 (+0.191); связей 1 (+0.029); seed 1 (+0.056); внешних групп 0 (+0.000); 1–2д 0% (+0.000); цикл +0.00
100000008695495100,1,False,1,0,21000.0,0.0,1,0,1,0,0.0,0.0,0,0.000288411752692389,0.0,True,False,22,False,1,1.0,terminal,0.55,1.0,in=1/21000 KZT; out=0/0 KZT; tx=1/0; d=1; нет выхода в наблюдаемой выборке,0.146418176032715,0.029007293138962602,0.05578858913022596,0.0,0.0,0.0,0.231214,Оборот 21000 (+0.146); связей 1 (+0.029); seed 1 (+0.056); внешних групп 0 (+0.000); 1–2д 0% (+0.000); цикл +0.00
100000008695566100,3,False,1,0,33700.0,0.0,1,0,1,0,0.0,0.0,0,0.00028925856522005314,0.0,True,False,22,False,1,1.0,terminal,0.55,1.0,in=1/33700 KZT; out=0/0 KZT; tx=1/0; d=3; нет выхода в наблюдаемой выборке,0.15337630547030898,0.029007293138962602,0.05578858913022596,0.0,0.0,0.0,0.238172,Оборот 33700 (+0.153); связей 1 (+0.029); seed 1 (+0.056); внешних групп 0 (+0.000); 1–2д 0% (+0.000); цикл +0.00
100000008695689100,3,False,1,0,26200.0,0.0,1,0,1,0,0.0,0.0,0,0.0002880965592946402,0.0,True,False,22,False,1,1.0,terminal,0.55,1.0,in=1/26200 KZT; out=0/0 KZT; tx=1/0; d=3; нет выхода в наблюдаемой выборке,0.14967286568766733,0.029007293138962602,0.05578858913022596,0.0,0.0,0.0,0.234469,Оборот 26200 (+0.150); связей 1 (+0.029); seed 1 (+0.056); внешних групп 0 (+0.000); 1–2д 0% (+0.000); цикл +0.00
100000008696692100,2,False,1,0,19000.0,0.0,1,0,1,0,0.0,0.0,0,0.00029044167518401846,0.0,True,False,22,False,1,1.0,terminal,0.55,1.0,in=1/19000 KZT; out=0/0 KZT; tx=1/0; d=2; нет выхода в наблюдаемой выборке,0.14494582629821837,0.029007293138962602,0.05578858913022596,0.0,0.0,0.0,0.229742,Оборот 19000 (+0.145); связей 1 (+0.029); seed 1 (+0.056); внешних групп 0 (+0.000); 1–2д 0% (+0.000); цикл +0.00
100000008696919100,1,False,1,0,31945.0,0.0,1,0,1,0,0.0,0.0,0,0.0002906916834555839,0.0,True,False,22,False,1,1.0,terminal,0.55,1.0,in=1/31945 KZT; out=0/0 KZT; tx=1/0; d=1; нет выхода в наблюдаемой выборке,0.15258950220047465,0.029007293138962602,0.05578858913022596,0.0,0.0,0.0,0.237385,Оборот 31945 (+0.153); связей 1 (+0.029); seed 1 (+0.056); внешних групп 0 (+0.000); 1–2д 0% (+0.000); цикл +0.00
100000008697670100,3,False,1,0,25350.0,0.0,1,0,1,0,0.0,0.0,0,0.00028796486528976013,0.0,True,False,22,False,1,1.0,terminal,0.55,1.0,in=1/25350 KZT; out=0/0 KZT; tx=1/0; d=3; нет выхода в наблюдаемой выборке,0.1491876741794751,0.029007293138962602,0.05578858913022596,0.0,0.0,0.0,0.233984,Оборот 25350 (+0.149); связей 1 (+0.029); seed 1 (+0.056); внешних групп 0 (+0.000); 1–2д 0% (+0.000); цикл +0.00
100000008699083100,4,False,1,0,238500.0,0.0,1,0,1,0,0.0,0.0,0,0.0003047341557010088,0.0,True,True,24,False,1,1.0,peripheral,0.2,1.0,in=1/238500 KZT; out=0/0 KZT; tx=1/0; d=4; граница выгрузки; роль неизвестна,0.1821653383236599,0.029007293138962602,0.05578858913022596,0.0,0.0,0.0,0.266961,Оборот 238500 (+0.182); связей 1 (+0.029); seed 1 (+0.056); внешних групп 0 (+0.000); 1–2д 0% (+0.000); цикл +0.00
100000008701222100,0,True,0,0,0.0,0.0,0,0,0,0,0.0,0.0,0,0.0002840372852618645,0.0,False,False,90,False,0,0.0,peripheral,0.3,1.0,in=0/0 KZT; out=0/0 KZT; tx=0/0; d=0; нет наблюдаемых связей,0.0,0.0,0.0,0.0,0.0,0.0,0.0,Оборот 0 (+0.000); связей 0 (+0.000); seed 0 (+0.000); внешних групп 0 (+0.000); 1–2д 0% (+0.000); цикл +0.00
100000008701256100,2,False,1,0,58250.0,0.0,1,0,2,0,0.0,0.0,0,0.00030208908909501236,0.0,True,False,0,False,1,1.0,terminal,0.55,1.0,in=1/58250 KZT; out=0/0 KZT; tx=1/0; d=2; нет выхода в наблюдаемой выборке,0.16142718450845409,0.029007293138962602,0.08842282173954807,0.0,0.0,0.0,0.278857,Оборот 58250 (+0.161); связей 1 (+0.029); seed 2 (+0.088); внешних групп 0 (+0.000); 1–2д 0% (+0.000); цикл +0.00
100000008701944100,1,False,1,0,52124.0,0.0,1,0,2,0,0.0,0.0,0,0.00040908421991667747,0.0,True,False,3,False,1,1.0,terminal,0.55,1.0,in=1/52124 KZT; out=0/0 KZT; tx=1/0; d=1; нет выхода в наблюдаемой выборке,0.15979244223874658,0.029007293138962602,0.08842282173954807,0.0,0.0,0.0,0.277223,Оборот 52124 (+0.160); связей 1 (+0.029); seed 2 (+0.088); внешних групп 0 (+0.000); 1–2д 0% (+0.000); цикл +0.00
100000008703533100,4,False,1,0,75000.0,0.0,1,0,1,0,0.0,0.0,0,0.00029392958393291527,0.0,True,True,4,False,1,1.0,peripheral,0.2,1.0,in=1/75000 KZT; out=0/0 KZT; tx=1/0; d=4; граница выгрузки; роль неизвестна,0.1651454871122357,0.029007293138962602,0.05578858913022596,0.0,0.0,0.0,0.249941,Оборот 75000 (+0.165); связей 1 (+0.029); seed 1 (+0.056); внешних групп 0 (+0.000); 1–2д 0% (+0.000); цикл +0.00
100000008706846100,3,False,1,0,14200.0,0.0,1,0,1,0,0.0,0.0,0,0.0002862373498139796,0.0,True,False,22,False,1,1.0,terminal,0.55,1.0,in=1/14200 KZT; out=0/0 KZT; tx=1/0; d=3; нет выхода в наблюдаемой выборке,0.14066201025067343,0.029007293138962602,0.05578858913022596,0.0,0.0,0.0,0.225458,Оборот 14200 (+0.141); связей 1 (+0.029); seed 1 (+0.056); внешних групп 0 (+0.000); 1–2д 0% (+0.000); цикл +0.00
100000008706947100,3,False,1,0,17200.0,0.0,1,0,1,0,0.0,0.0,0,0.00028670215218414474,0.0,True,False,22,False,1,1.0,terminal,0.55,1.0,in=1/17200 KZT; out=0/0 KZT; tx=1/0; d=3; нет выхода в наблюдаемой выборке,0.14348163226297123,0.029007293138962602,0.05578858913022596,0.0,0.0,0.0,0.228278,Оборот 17200 (+0.143); связей 1 (+0.029); seed 1 (+0.056); внешних групп 0 (+0.000); 1–2д 0% (+0.000); цикл +0.00
100000008707810100,3,False,1,0,26200.0,0.0,1,0,1,0,0.0,0.0,0,0.0002880965592946402,0.0,True,False,22,False,1,1.0,terminal,0.55,1.0,in=1/26200 KZT; out=0/0 KZT; tx=1/0; d=3; нет выхода в наблюдаемой выборке,0.14967286568766733,0.029007293138962602,0.05578858913022596,0.0,0.0,0.0,0.234469,Оборот 26200 (+0.150); связей 1 (+0.029); seed 1 (+0.056); внешних групп 0 (+0.000); 1–2д 0% (+0.000); цикл +0.00
100000008708025100,3,False,1,0,10000.0,0.0,1,0,1,0,0.0,0.0,0,0.00030752950980908174,0.0,True,False,15,False,1,1.0,terminal,0.55,1.0,in=1/10000 KZT; out=0/0 KZT; tx=1/0; d=3; нет выхода в наблюдаемой выборке,0.13550359676243048,0.029007293138962602,0.05578858913022596,0.0,0.0,0.0,0.220299,Оборот 10000 (+0.136); связей 1 (+0.029); seed 1 (+0.056); внешних групп 0 (+0.000); 1–2д 0% (+0.000); цикл +0.00
100000008708061100,3,False,1,0,8650.0,0.0,1,0,1,0,0.0,0.0,0,0.00028537746542917406,0.0,True,False,22,False,1,1.0,terminal,0.55,1.0,in=1/8650 KZT; out=0/0 KZT; tx=1/0; d=3; нет выхода в наблюдаемой выборке,0.13337021351634282,0.029007293138962602,0.05578858913022596,0.0,0.0,0.0,0.218166,Оборот 8650 (+0.133); связей 1 (+0.029); seed 1 (+0.056); внешних групп 0 (+0.000); 1–2д 0% (+0.000); цикл +0.00
100000008708207100,3,False,2,0,465000.0,0.0,2,0,3,0,0.0,0.0,0,0.0003577504141433973,0.0,True,False,4,False,1,1.0,terminal,0.55,1.0,in=2/465000 KZT; out=0/0 KZT; tx=2/0; d=3; нет выхода в наблюдаемой выборке,0.1919880121593973,0.04597547187268181,0.11157717826045192,0.0,0.0,0.0,0.349541,Оборот 465000 (+0.192); связей 2 (+0.046); seed 3 (+0.112); внешних групп 0 (+0.000); 1–2д 0% (+0.000); цикл +0.00
100000008708368100,1,False,1,0,23677.0,0.0,1,0,1,0,0.0,0.0,0,0.0002889693931357945,0.0,True,False,22,False,1,1.0,terminal,0.55,1.0,in=1/23677 KZT; out=0/0 KZT; tx=1/0; d=1; нет выхода в наблюдаемой выборке,0.14818326199567544,0.029007293138962602,0.05578858913022596,0.0,0.0,0.0,0.232979,Оборот 23677 (+0.148); связей 1 (+0.029); seed 1 (+0.056); внешних групп 0 (+0.000); 1–2д 0% (+0.000); цикл +0.00
100000008708595100,3,False,1,0,17200.0,0.0,1,0,1,0,0.0,0.0,0,0.00028670215218414474,0.0,True,False,22,False,1,1.0,terminal,0.55,1.0,in=1/17200 KZT; out=0/0 KZT; tx=1/0; d=3; нет выхода в наблюдаемой выборке,0.14348163226297123,0.029007293138962602,0.05578858913022596,0.0,0.0,0.0,0.228278,Оборот 17200 (+0.143); связей 1 (+0.029); seed 1 (+0.056); внешних групп 0 (+0.000); 1–2д 0% (+0.000); цикл +0.00
100000008708743100,3,False,1,0,15550.0,0.0,1,0,1,0,0.0,0.0,0,0.0002864465108805539,0.0,True,False,22,False,1,1.0,terminal,0.55,1.0,in=1/15550 KZT; out=0/0 KZT; tx=1/0; d=3; нет выхода в наблюдаемой выборке,0.14199804067907926,0.029007293138962602,0.05578858913022596,0.0,0.0,0.0,0.226794,Оборот 15550 (+0.142); связей 1 (+0.029); seed 1 (+0.056); внешних групп 0 (+0.000); 1–2д 0% (+0.000); цикл +0.00
100000008710791100,2,False,3,23,181510.0,5521511.0,3,25,5,4,169510.0,0.933887940058399,2,0.00033241151970310554,30.41987218335078,True,False,4,False,10,0.17857142857142858,distributor,0.8,1.0,in=3/181510 KZT; out=23/5521511 KZT; tx=3/25; d=2; рассылка многим получателям,0.22886664872693768,0.13792641561804542,0.14421141086977404,0.09147800017679435,0.09338879400583991,0.0,0.695871,Оборот 5703021 (+0.229); связей 26 (+0.138); seed 5 (+0.144); внешних групп 4 (+0.091); 1–2д 93% (+0.093); цикл +0.00
100000008710843100,2,False,2,13,33944.0,1985500.0,3,14,3,4,0.0,0.0,0,0.00029129417863686826,58.49340089559274,True,False,46,True,12,0.17647058823529413,distributor,0.8,1.0,in=2/33944 KZT; out=13/1985500 KZT; tx=3/14; d=2; рассылка многим получателям,0.2135930856655028,0.11602917255585041,0.11157717826045192,0.09147800017679435,0.0,0.1,0.632677,Оборот 2019444 (+0.214); связей 15 (+0.116); seed 3 (+0.112); внешних групп 4 (+0.091); 1–2д 0% (+0.000); цикл +0.10
100000008710913100,4,False,1,0,14000.0,0.0,1,0,2,0,0.0,0.0,0,0.0002865627990197185,0.0,True,True,4,False,1,1.0,peripheral,0.2,1.0,in=1/14000 KZT; out=0/0 KZT; tx=1/0; d=4; граница выгрузки; роль неизвестна,0.14045334131935877,0.029007293138962602,0.08842282173954807,0.0,0.0,0.0,0.257883,Оборот 14000 (+0.140); связей 1 (+0.029); seed 2 (+0.088); внешних групп 0 (+0.000); 1–2д 0% (+0.000); цикл +0.00
100000008712036100,3,False,1,0,21000.0,0.0,1,0,1,0,0.0,0.0,0,0.0002872909018530206,0.0,True,False,22,False,1,1.0,terminal,0.55,1.0,in=1/21000 KZT; out=0/0 KZT; tx=1/0; d=3; нет выхода в наблюдаемой выборке,0.146418176032715,0.029007293138962602,0.05578858913022596,0.0,0.0,0.0,0.231214,Оборот 21000 (+0.146); связей 1 (+0.029); seed 1 (+0.056); внешних групп 0 (+0.000); 1–2д 0% (+0.000); цикл +0.00
100000008712184100,3,False,1,0,18000.0,0.0,1,0,1,0,0.0,0.0,0,0.00028682609948285545,0.0,True,False,22,False,1,1.0,terminal,0.55,1.0,in=1/18000 KZT; out=0/0 KZT; tx=1/0; d=3; нет выхода в наблюдаемой выборке,0.144150434713314,0.029007293138962602,0.05578858913022596,0.0,0.0,0.0,0.228946,Оборот 18000 (+0.144); связей 1 (+0.029); seed 1 (+0.056); внешних групп 0 (+0.000); 1–2д 0% (+0.000); цикл +0.00
100000008712827100,3,False,1,0,76000.0,0.0,1,0,1,0,0.0,0.0,0,0.0002958122786393819,0.0,True,False,22,False,1,1.0,terminal,0.55,1.0,in=1/76000 KZT; out=0/0 KZT; tx=1/0; d=3; нет выхода в наблюдаемой выборке,0.16534034772918849,0.029007293138962602,0.05578858913022596,0.0,0.0,0.0,0.250136,Оборот 76000 (+0.165); связей 1 (+0.029); seed 1 (+0.056); внешних групп 0 (+0.000); 1–2д 0% (+0.000); цикл +0.00
100000008712991100,3,False,1,0,66100.0,0.0,1,0,1,0,0.0,0.0,0,0.0002942784308178369,0.0,True,False,22,False,1,1.0,terminal,0.55,1.0,in=1/66100 KZT; out=0/0 KZT; tx=1/0; d=3; нет выхода в наблюдаемой выборке,0.16328710851327136,0.029007293138962602,0.05578858913022596,0.0,0.0,0.0,0.248083,Оборот 66100 (+0.163); связей 1 (+0.029); seed 1 (+0.056); внешних групп 0 (+0.000); 1–2д 0% (+0.000); цикл +0.00
100000008713270100,2,False,1,3,30000.0,190000.0,1,3,1,0,30000.0,1.0,1,0.0002896849430585918,6.333333333333333,True,False,41,False,3,0.5,peripheral,0.4,1.0,in=1/30000 KZT; out=3/190000 KZT; tx=1/3; d=2; недостаточно признаков других ролей,0.18097747420253218,0.06735284889599069,0.05578858913022596,0.0,0.1,0.0,0.404119,Оборот 220000 (+0.181); связей 4 (+0.067); seed 1 (+0.056); внешних групп 0 (+0.000); 1–2д 100% (+0.100); цикл +0.00
100000008713685100,3,False,1,0,49700.0,0.0,1,0,1,0,0.0,0.0,0,0.00029173751119426734,0.0,True,False,22,False,1,1.0,terminal,0.55,1.0,in=1/49700 KZT; out=0/0 KZT; tx=1/0; d=3; нет выхода в наблюдаемой выборке,0.15909186437174058,0.029007293138962602,0.05578858913022596,0.0,0.0,0.0,0.243888,Оборот 49700 (+0.159); связей 1 (+0.029); seed 1 (+0.056); внешних групп 0 (+0.000); 1–2д 0% (+0.000); цикл +0.00
100000008714412100,3,False,1,0,169000.0,0.0,1,0,1,0,0.0,0.0,0,0.00030995862311379373,0.0,True,False,18,False,1,1.0,terminal,0.55,1.0,in=1/169000 KZT; out=0/0 KZT; tx=1/0; d=3; нет выхода в наблюдаемой выборке,0.1770975273232568,0.029007293138962602,0.05578858913022596,0.0,0.0,0.0,0.261893,Оборот 169000 (+0.177); связей 1 (+0.029); seed 1 (+0.056); внешних групп 0 (+0.000); 1–2д 0% (+0.000); цикл +0.00
100000008715513100,4,False,1,0,32500.0,0.0,1,0,1,0,0.0,0.0,0,0.0003013149611959602,0.0,True,True,47,False,1,1.0,peripheral,0.2,1.0,in=1/32500 KZT; out=0/0 KZT; tx=1/0; d=4; граница выгрузки; роль неизвестна,0.15284289918210625,0.029007293138962602,0.05578858913022596,0.0,0.0,0.0,0.237639,Оборот 32500 (+0.153); связей 1 (+0.029); seed 1 (+0.056); внешних групп 0 (+0.000); 1–2д 0% (+0.000); цикл +0.00
100000008715887100,3,False,1,0,18000.0,0.0,1,0,1,0,0.0,0.0,0,0.00028682609948285545,0.0,True,False,22,False,1,1.0,terminal,0.55,1.0,in=1/18000 KZT; out=0/0 KZT; tx=1/0; d=3; нет выхода в наблюдаемой выборке,0.144150434713314,0.029007293138962602,0.05578858913022596,0.0,0.0,0.0,0.228946,Оборот 18000 (+0.144); связей 1 (+0.029); seed 1 (+0.056); внешних групп 0 (+0.000); 1–2д 0% (+0.000); цикл +0.00
100000008716072100,3,False,1,0,12100.0,0.0,1,0,1,0,0.0,0.0,0,0.00028591198815486395,0.0,True,False,22,False,1,1.0,terminal,0.55,1.0,in=1/12100 KZT; out=0/0 KZT; tx=1/0; d=3; нет выхода в наблюдаемой выборке,0.13830773986672235,0.029007293138962602,0.05578858913022596,0.0,0.0,0.0,0.223104,Оборот 12100 (+0.138); связей 1 (+0.029); seed 1 (+0.056); внешних групп 0 (+0.000); 1–2д 0% (+0.000); цикл +0.00
100000008716222100,1,False,1,0,18000.0,0.0,1,0,1,0,0.0,0.0,0,0.00028778682877374267,0.0,True,False,22,False,1,1.0,terminal,0.55,1.0,in=1/18000 KZT; out=0/0 KZT; tx=1/0; d=1; нет выхода в наблюдаемой выборке,0.144150434713314,0.029007293138962602,0.05578858913022596,0.0,0.0,0.0,0.228946,Оборот 18000 (+0.144); связей 1 (+0.029); seed 1 (+0.056); внешних групп 0 (+0.000); 1–2д 0% (+0.000); цикл +0.00
100000008716439100,1,False,1,0,12267.0,0.0,1,0,1,0,0.0,0.0,0,0.0002865925991652095,0.0,True,False,22,False,1,1.0,terminal,0.55,1.0,in=1/12267 KZT; out=0/0 KZT; tx=1/0; d=1; нет выхода в наблюдаемой выборке,0.13850938418326592,0.029007293138962602,0.05578858913022596,0.0,0.0,0.0,0.223305,Оборот 12267 (+0.139); связей 1 (+0.029); seed 1 (+0.056); внешних групп 0 (+0.000); 1–2д 0% (+0.000); цикл +0.00
100000008716773100,1,False,1,0,15677.0,0.0,1,0,1,0,0.0,0.0,0,0.00028730292935273753,0.0,True,False,22,False,1,1.0,terminal,0.55,1.0,in=1/15677 KZT; out=0/0 KZT; tx=1/0; d=1; нет выхода в наблюдаемой выборке,0.1421177005310349,0.029007293138962602,0.05578858913022596,0.0,0.0,0.0,0.226914,Оборот 15677 (+0.142); связей 1 (+0.029); seed 1 (+0.056); внешних групп 0 (+0.000); 1–2д 0% (+0.000); цикл +0.00
100000008717340100,1,False,1,0,41500.0,0.0,1,0,1,0,0.0,0.0,0,0.00029268206613647255,0.0,True,False,22,False,1,1.0,terminal,0.55,1.0,in=1/41500 KZT; out=0/0 KZT; tx=1/0; d=1; нет выхода в наблюдаемой выборке,0.15643918785416575,0.029007293138962602,0.05578858913022596,0.0,0.0,0.0,0.241235,Оборот 41500 (+0.156); связей 1 (+0.029); seed 1 (+0.056); внешних групп 0 (+0.000); 1–2д 0% (+0.000); цикл +0.00
100000008717341100,1,False,1,0,14627.0,0.0,1,0,1,0,0.0,0.0,0,0.00028708420598121126,0.0,True,False,22,False,1,1.0,terminal,0.55,1.0,in=1/14627 KZT; out=0/0 KZT; tx=1/0; d=1; нет выхода в наблюдаемой выборке,0.1410978536589846,0.029007293138962602,0.05578858913022596,0.0,0.0,0.0,0.225894,Оборот 14627 (+0.141); связей 1 (+0.029); seed 1 (+0.056); внешних групп 0 (+0.000); 1–2д 0% (+0.000); цикл +0.00
100000008717375100,2,False,1,0,29506.0,0.0,1,0,2,0,0.0,0.0,0,0.00030013413117123183,0.0,True,False,2,False,1,1.0,terminal,0.55,1.0,in=1/29506 KZT; out=0/0 KZT; tx=1/0; d=2; нет выхода в наблюдаемой выборке,0.15142108665834644,0.029007293138962602,0.08842282173954807,0.0,0.0,0.0,0.268851,Оборот 29506 (+0.151); связей 1 (+0.029); seed 2 (+0.088); внешних групп 0 (+0.000); 1–2д 0% (+0.000); цикл +0.00
100000008717802100,3,False,1,0,26150.0,0.0,1,0,1,0,0.0,0.0,0,0.00028808881258847083,0.0,True,False,22,False,1,1.0,terminal,0.55,1.0,in=1/26150 KZT; out=0/0 KZT; tx=1/0; d=3; нет выхода в наблюдаемой выборке,0.14964476368423635,0.029007293138962602,0.05578858913022596,0.0,0.0,0.0,0.234441,Оборот 26150 (+0.150); связей 1 (+0.029); seed 1 (+0.056); внешних групп 0 (+0.000); 1–2д 0% (+0.000); цикл +0.00
100000008718089100,1,False,1,0,15534.0,0.0,1,0,1,0,0.0,0.0,0,0.00028727314131261536,0.0,True,False,22,False,1,1.0,terminal,0.55,1.0,in=1/15534 KZT; out=0/0 KZT; tx=1/0; d=1; нет выхода в наблюдаемой выборке,0.14198289615597603,0.029007293138962602,0.05578858913022596,0.0,0.0,0.0,0.226779,Оборот 15534 (+0.142); связей 1 (+0.029); seed 1 (+0.056); внешних групп 0 (+0.000); 1–2д 0% (+0.000); цикл +0.00
100000008718811100,3,False,1,0,73300.0,0.0,1,0,1,0,0.0,0.0,0,0.0002953939565062333,0.0,True,False,22,False,1,1.0,terminal,0.55,1.0,in=1/73300 KZT; out=0/0 KZT; tx=1/0; d=3; нет выхода в наблюдаемой выборке,0.16480818321374488,0.029007293138962602,0.05578858913022596,0.0,0.0,0.0,0.249604,Оборот 73300 (+0.165); связей 1 (+0.029); seed 1 (+0.056); внешних групп 0 (+0.000); 1–2д 0% (+0.000); цикл +0.00
100000008720668100,3,False,1,0,16000.0,0.0,1,0,1,0,0.0,0.0,0,0.0002865162312360787,0.0,True,False,22,False,1,1.0,terminal,0.55,1.0,in=1/16000 KZT; out=0/0 KZT; tx=1/0; d=3; нет выхода в наблюдаемой выборке,0.14241771799277592,0.029007293138962602,0.05578858913022596,0.0,0.0,0.0,0.227214,Оборот 16000 (+0.142); связей 1 (+0.029); seed 1 (+0.056); внешних групп 0 (+0.000); 1–2д 0% (+0.000); цикл +0.00
100000008720798100,1,False,1,0,15534.0,0.0,1,0,1,0,0.0,0.0,0,0.00028727314131261536,0.0,True,False,22,False,1,1.0,terminal,0.55,1.0,in=1/15534 KZT; out=0/0 KZT; tx=1/0; d=1; нет выхода в наблюдаемой выборке,0.14198289615597603,0.029007293138962602,0.05578858913022596,0.0,0.0,0.0,0.226779,Оборот 15534 (+0.142); связей 1 (+0.029); seed 1 (+0.056); внешних групп 0 (+0.000); 1–2д 0% (+0.000); цикл +0.00
100000008720856100,3,False,1,1,18105.0,46000.0,1,2,1,0,0.0,0.0,0,0.00031755882506578735,2.5407346037006353,True,False,10,False,3,0.3333333333333333,peripheral,0.4,1.0,in=1/18105 KZT; out=1/46000 KZT; tx=1/2; d=3; недостаточно признаков других ролей,0.16283624719254766,0.04597547187268181,0.05578858913022596,0.0,0.0,0.0,0.2646,Оборот 64105 (+0.163); связей 2 (+0.046); seed 1 (+0.056); внешних групп 0 (+0.000); 1–2д 0% (+0.000); цикл +0.00
100000008721637100,3,False,1,2,24041.0,127000.0,1,2,1,1,0.0,0.0,0,0.0002888901016332747,5.282642152988644,True,False,41,False,2,0.6666666666666666,peripheral,0.4,1.0,in=1/24041 KZT; out=2/127000 KZT; tx=1/2; d=3; недостаточно признаков других ролей,0.1754446877484904,0.058014586277925204,0.05578858913022596,0.039397430255579034,0.0,0.0,0.328645,Оборот 151041 (+0.175); связей 3 (+0.058); seed 1 (+0.056); внешних групп 1 (+0.039); 1–2д 0% (+0.000); цикл +0.00
100000008722328100,1,False,1,0,23677.0,0.0,1,0,1,0,0.0,0.0,0,0.0002889693931357945,0.0,True,False,22,False,1,1.0,terminal,0.55,1.0,in=1/23677 KZT; out=0/0 KZT; tx=1/0; d=1; нет выхода в наблюдаемой выборке,0.14818326199567544,0.029007293138962602,0.05578858913022596,0.0,0.0,0.0,0.232979,Оборот 23677 (+0.148); связей 1 (+0.029); seed 1 (+0.056); внешних групп 0 (+0.000); 1–2д 0% (+0.000); цикл +0.00
100000008722417100,3,False,1,3,331900.0,720000.0,1,6,3,0,0.0,0.0,0,0.00029470478631523484,2.16932811087677,True,False,10,False,6,0.2857142857142857,peripheral,0.4,1.0,in=1/331900 KZT; out=3/720000 KZT; tx=1/6; d=3; недостаточно признаков других ролей,0.2039975987908962,0.06735284889599069,0.11157717826045192,0.0,0.0,0.0,0.382928,Оборот 1051900 (+0.204); связей 4 (+0.067); seed 3 (+0.112); внешних групп 0 (+0.000); 1–2д 0% (+0.000); цикл +0.00
100000008722541100,4,False,1,0,280000.0,0.0,4,0,3,0,0.0,0.0,0,0.00038145358962987755,0.0,True,True,10,False,4,0.25,peripheral,0.2,1.0,in=1/280000 KZT; out=0/0 KZT; tx=4/0; d=4; граница выгрузки; роль неизвестна,0.18452542552904994,0.029007293138962602,0.11157717826045192,0.0,0.0,0.0,0.32511,Оборот 280000 (+0.185); связей 1 (+0.029); seed 3 (+0.112); внешних групп 0 (+0.000); 1–2д 0% (+0.000); цикл +0.00
100000008723830100,1,False,2,1,459785.0,455000.0,2,1,2,0,454000.0,0.987418032341203,1,0.00033833546225859435,0.9895929619278576,True,False,16,False,3,0.3333333333333333,transit,0.65,1.0,in=2/459785 KZT; out=1/455000 KZT; tx=2/1; d=1; вход≈выход; сценарий 1–2д 99% входа,0.20194286628923339,0.058014586277925204,0.08842282173954807,0.0,0.0987418032341203,0.0,0.447122,Оборот 914785 (+0.202); связей 3 (+0.058); seed 2 (+0.088); внешних групп 0 (+0.000); 1–2д 99% (+0.099); цикл +0.00
100000008724279100,1,False,1,0,11750.0,0.0,1,0,2,0,0.0,0.0,0,0.00028529231243362924,0.0,True,False,16,False,1,1.0,terminal,0.55,1.0,in=1/11750 KZT; out=0/0 KZT; tx=1/0; d=1; нет выхода в наблюдаемой выборке,0.13787594761863112,0.029007293138962602,0.08842282173954807,0.0,0.0,0.0,0.255306,Оборот 11750 (+0.138); связей 1 (+0.029); seed 2 (+0.088); внешних групп 0 (+0.000); 1–2д 0% (+0.000); цикл +0.00
100000008724461100,3,False,1,1,100111.0,130000.0,1,1,1,0,0.0,0.0,0,0.00028916022030671824,1.298558599954051,True,False,4,False,1,1.0,peripheral,0.4,1.0,in=1/100111 KZT; out=1/130000 KZT; tx=1/1; d=3; недостаточно признаков других ролей,0.18163854206071922,0.04597547187268181,0.05578858913022596,0.0,0.0,0.0,0.283403,Оборот 230111 (+0.182); связей 2 (+0.046); seed 1 (+0.056); внешних групп 0 (+0.000); 1–2д 0% (+0.000); цикл +0.00
100000008727982100,4,False,1,0,30000.0,0.0,2,0,1,0,0.0,0.0,0,0.0005126998239570726,0.0,True,True,41,False,1,1.0,peripheral,0.2,1.0,in=1/30000 KZT; out=0/0 KZT; tx=2/0; d=4; граница выгрузки; роль неизвестна,0.15166535208139753,0.029007293138962602,0.05578858913022596,0.0,0.0,0.0,0.236461,Оборот 30000 (+0.152); связей 1 (+0.029); seed 1 (+0.056); внешних групп 0 (+0.000); 1–2д 0% (+0.000); цикл +0.00
100000008728457100,1,False,1,0,45000.0,0.0,1,0,5,0,0.0,0.0,0,0.00029082432157475957,0.0,True,False,11,False,1,1.0,terminal,0.55,1.0,in=1/45000 KZT; out=0/0 KZT; tx=1/0; d=1; нет выхода в наблюдаемой выборке,0.15763037359693888,0.029007293138962602,0.14421141086977404,0.0,0.0,0.0,0.330849,Оборот 45000 (+0.158); связей 1 (+0.029); seed 5 (+0.144); внешних групп 0 (+0.000); 1–2д 0% (+0.000); цикл +0.00
100000008729597100,3,False,1,0,83090.0,0.0,1,0,1,0,0.0,0.0,0,0.0003008094874290154,0.0,True,False,8,False,1,1.0,terminal,0.55,1.0,in=1/83090 KZT; out=0/0 KZT; tx=1/0; d=3; нет выхода в наблюдаемой выборке,0.16665250556733255,0.029007293138962602,0.05578858913022596,0.0,0.0,0.0,0.251448,Оборот 83090 (+0.167); связей 1 (+0.029); seed 1 (+0.056); внешних групп 0 (+0.000); 1–2д 0% (+0.000); цикл +0.00
100000008729801100,1,False,1,0,17534.0,0.0,1,0,1,0,0.0,0.0,0,0.00028768975725837964,0.0,True,False,22,False,1,1.0,terminal,0.55,1.0,in=1/17534 KZT; out=0/0 KZT; tx=1/0; d=1; нет выхода в наблюдаемой выборке,0.14376456322045422,0.029007293138962602,0.05578858913022596,0.0,0.0,0.0,0.22856,Оборот 17534 (+0.144); связей 1 (+0.029); seed 1 (+0.056); внешних групп 0 (+0.000); 1–2д 0% (+0.000); цикл +0.00
100000008730021100,1,False,1,0,75555.0,0.0,3,0,2,0,0.0,0.0,0,0.00046529584461733214,0.0,True,False,3,False,2,0.6666666666666666,terminal,0.55,1.0,in=1/75555 KZT; out=0/0 KZT; tx=3/0; d=1; нет выхода в наблюдаемой выборке,0.16525395331130693,0.029007293138962602,0.08842282173954807,0.0,0.0,0.0,0.282684,Оборот 75555 (+0.165); связей 1 (+0.029); seed 2 (+0.088); внешних групп 0 (+0.000); 1–2д 0% (+0.000); цикл +0.00
100000008730238100,4,False,1,0,113000.0,0.0,1,0,1,0,0.0,0.0,0,0.0005598434058034095,0.0,True,True,4,False,1,1.0,peripheral,0.2,1.0,in=1/113000 KZT; out=0/0 KZT; tx=1/0; d=4; граница выгрузки; роль неизвестна,0.17117584772358546,0.029007293138962602,0.05578858913022596,0.0,0.0,0.0,0.255972,Оборот 113000 (+0.171); связей 1 (+0.029); seed 1 (+0.056); внешних групп 0 (+0.000); 1–2д 0% (+0.000); цикл +0.00
100000008730371100,3,False,2,0,520000.0,0.0,3,0,2,0,0.0,0.0,0,0.0008524872757711713,0.0,True,False,0,False,3,0.3333333333333333,terminal,0.55,1.0,in=2/520000 KZT; out=0/0 KZT; tx=3/0; d=3; нет выхода в наблюдаемой выборке,0.19363267909966103,0.04597547187268181,0.08842282173954807,0.0,0.0,0.0,0.328031,Оборот 520000 (+0.194); связей 2 (+0.046); seed 2 (+0.088); внешних групп 0 (+0.000); 1–2д 0% (+0.000); цикл +0.00
100000008730846100,2,False,7,3,155042.0,363370.0,11,4,4,4,155042.0,1.0,3,0.000532845252661576,2.343687516930896,True,False,11,False,4,0.4,peripheral,0.4,1.0,in=7/155042 KZT; out=3/363370 KZT; tx=11/4; d=2; недостаточно признаков других ролей,0.19358768239330604,0.10034874705600798,0.12953709247559939,0.09147800017679435,0.1,0.0,0.614952,Оборот 518412 (+0.194); связей 10 (+0.100); seed 4 (+0.130); внешних групп 4 (+0.091); 1–2д 100% (+0.100); цикл +0.00
100000008731444100,2,False,3,9,439000.0,879767.8,5,9,3,3,354967.8,0.8085826879271071,6,0.0003513721308652579,2.0040268792710707,True,False,0,False,8,0.21428571428571427,distributor,0.8,1.0,in=3/439000 KZT; out=9/879768 KZT; tx=5/9; d=2; рассылка многим получателям,0.2073239658078529,0.10733973964717881,0.11157717826045192,0.07879486051115807,0.08085826879271071,0.0,0.585894,Оборот 1318768 (+0.207); связей 12 (+0.107); seed 3 (+0.112); внешних групп 3 (+0.079); 1–2д 81% (+0.081); цикл +0.00
100000008732098100,1,False,1,0,15677.0,0.0,1,0,1,0,0.0,0.0,0,0.00028730292935273753,0.0,True,False,22,False,1,1.0,terminal,0.55,1.0,in=1/15677 KZT; out=0/0 KZT; tx=1/0; d=1; нет выхода в наблюдаемой выборке,0.1421177005310349,0.029007293138962602,0.05578858913022596,0.0,0.0,0.0,0.226914,Оборот 15677 (+0.142); связей 1 (+0.029); seed 1 (+0.056); внешних групп 0 (+0.000); 1–2д 0% (+0.000); цикл +0.00
100000008732488100,3,False,1,1,137000.0,10000.0,1,1,1,0,0.0,0.0,0,0.0003116915360369238,0.072992700729927,True,False,8,False,1,1.0,peripheral,0.4,1.0,in=1/137000 KZT; out=1/10000 KZT; tx=1/1; d=3; недостаточно признаков других ролей,0.17504572076014563,0.04597547187268181,0.05578858913022596,0.0,0.0,0.0,0.27681,Оборот 147000 (+0.175); связей 2 (+0.046); seed 1 (+0.056); внешних групп 0 (+0.000); 1–2д 0% (+0.000); цикл +0.00
100000008733049100,2,False,1,0,10000.0,0.0,1,0,3,0,0.0,0.0,0,0.0002871941374138813,0.0,True,False,3,False,1,1.0,terminal,0.55,1.0,in=1/10000 KZT; out=0/0 KZT; tx=1/0; d=2; нет выхода в наблюдаемой выборке,0.13550359676243048,0.029007293138962602,0.11157717826045192,0.0,0.0,0.0,0.276088,Оборот 10000 (+0.136); связей 1 (+0.029); seed 3 (+0.112); внешних групп 0 (+0.000); 1–2д 0% (+0.000); цикл +0.00
100000008733194100,2,False,4,8,251424.0,159695.0,4,8,4,3,43000.0,0.17102583683339698,3,0.0004679062660510689,0.6351621165839378,True,False,12,True,6,0.25,distributor,0.8,0.3333333333333333,in=4/251424 KZT; out=8/159695 KZT; tx=4/8; d=2; рассылка многим получателям,0.19017616980298344,0.10733973964717881,0.12953709247559939,0.07879486051115807,0.0171025836833397,0.1,0.62295,Оборот 411119 (+0.190); связей 12 (+0.107); seed 4 (+0.130); внешних групп 3 (+0.079); 1–2д 17% (+0.017); цикл +0.10
100000008734279100,4,False,1,0,31650.0,0.0,1,0,1,0,0.0,0.0,0,0.00029969544181723866,0.0,True,True,8,False,1,1.0,peripheral,0.2,1.0,in=1/31650 KZT; out=0/0 KZT; tx=1/0; d=4; граница выгрузки; роль неизвестна,0.15245301594311014,0.029007293138962602,0.05578858913022596,0.0,0.0,0.0,0.237249,Оборот 31650 (+0.152); связей 1 (+0.029); seed 1 (+0.056); внешних групп 0 (+0.000); 1–2д 0% (+0.000); цикл +0.00
100000008734364100,2,False,1,0,26200.0,0.0,1,0,1,0,0.0,0.0,0,0.000292868601891361,0.0,True,False,22,False,1,1.0,terminal,0.55,1.0,in=1/26200 KZT; out=0/0 KZT; tx=1/0; d=2; нет выхода в наблюдаемой выборке,0.14967286568766733,0.029007293138962602,0.05578858913022596,0.0,0.0,0.0,0.234469,Оборот 26200 (+0.150); связей 1 (+0.029); seed 1 (+0.056); внешних групп 0 (+0.000); 1–2д 0% (+0.000); цикл +0.00
100000008735384100,1,False,1,0,39220.0,0.0,1,0,1,0,0.0,0.0,0,0.0002922071239583013,0.0,True,False,22,False,1,1.0,terminal,0.55,1.0,in=1/39220 KZT; out=0/0 KZT; tx=1/0; d=1; нет выхода в наблюдаемой выборке,0.1556078857337251,0.029007293138962602,0.05578858913022596,0.0,0.0,0.0,0.240404,Оборот 39220 (+0.156); связей 1 (+0.029); seed 1 (+0.056); внешних групп 0 (+0.000); 1–2д 0% (+0.000); цикл +0.00
100000008735802100,4,False,1,0,85000.0,0.0,2,0,2,0,0.0,0.0,0,0.000505713749490617,0.0,True,True,0,False,2,0.5,peripheral,0.2,1.0,in=1/85000 KZT; out=0/0 KZT; tx=2/0; d=4; граница выгрузки; роль неизвестна,0.16698685873233457,0.029007293138962602,0.08842282173954807,0.0,0.0,0.0,0.284417,Оборот 85000 (+0.167); связей 1 (+0.029); seed 2 (+0.088); внешних групп 0 (+0.000); 1–2д 0% (+0.000); цикл +0.00
100000008735832100,3,False,1,0,17600.0,0.0,1,0,1,0,0.0,0.0,0,0.0002867641258335001,0.0,True,False,22,False,1,1.0,terminal,0.55,1.0,in=1/17600 KZT; out=0/0 KZT; tx=1/0; d=3; нет выхода в наблюдаемой выборке,0.1438198336133267,0.029007293138962602,0.05578858913022596,0.0,0.0,0.0,0.228616,Оборот 17600 (+0.144); связей 1 (+0.029); seed 1 (+0.056); внешних групп 0 (+0.000); 1–2д 0% (+0.000); цикл +0.00
100000008736173100,1,False,1,0,31060.0,0.0,1,0,1,0,0.0,0.0,0,0.0002905073308995832,0.0,True,False,22,False,1,1.0,terminal,0.55,1.0,in=1/31060 KZT; out=0/0 KZT; tx=1/0; d=1; нет выхода в наблюдаемой выборке,0.15217618502193422,0.029007293138962602,0.05578858913022596,0.0,0.0,0.0,0.236972,Оборот 31060 (+0.152); связей 1 (+0.029); seed 1 (+0.056); внешних групп 0 (+0.000); 1–2д 0% (+0.000); цикл +0.00
100000008736394100,2,False,1,0,16000.0,0.0,1,0,1,0,0.0,0.0,0,0.00028943045572262573,0.0,True,False,22,False,1,1.0,terminal,0.55,1.0,in=1/16000 KZT; out=0/0 KZT; tx=1/0; d=2; нет выхода в наблюдаемой выборке,0.14241771799277592,0.029007293138962602,0.05578858913022596,0.0,0.0,0.0,0.227214,Оборот 16000 (+0.142); связей 1 (+0.029); seed 1 (+0.056); внешних групп 0 (+0.000); 1–2д 0% (+0.000); цикл +0.00
100000008736760100,1,False,1,0,54757.0,0.0,1,0,1,0,0.0,0.0,0,0.00029544360493297085,0.0,True,False,22,False,1,1.0,terminal,0.55,1.0,in=1/54757 KZT; out=0/0 KZT; tx=1/0; d=1; нет выхода в наблюдаемой выборке,0.16051742974430896,0.029007293138962602,0.05578858913022596,0.0,0.0,0.0,0.245313,Оборот 54757 (+0.161); связей 1 (+0.029); seed 1 (+0.056); внешних групп 0 (+0.000); 1–2д 0% (+0.000); цикл +0.00
100000008736940100,1,False,3,3,451090.0,182100.0,13,6,1,0,92490.0,0.20503668890908688,3,0.002538320566912498,0.40368884258130305,True,False,9,True,7,0.3157894736842105,peripheral,0.4,1.0,in=3/451090 KZT; out=3/182100 KZT; tx=13/6; d=1; недостаточно признаков других ролей,0.19653007208440426,0.08143376716923444,0.05578858913022596,0.0,0.02050366889090869,0.1,0.454256,Оборот 633190 (+0.197); связей 6 (+0.081); seed 1 (+0.056); внешних групп 0 (+0.000); 1–2д 21% (+0.021); цикл +0.10
100000008737422100,1,False,1,0,76903.0,0.0,1,0,1,0,0.0,0.0,0,0.00030005679330041835,0.0,True,False,22,False,1,1.0,terminal,0.55,1.0,in=1/76903 KZT; out=0/0 KZT; tx=1/0; d=1; нет выхода в наблюдаемой выборке,0.16551411642272054,0.029007293138962602,0.05578858913022596,0.0,0.0,0.0,0.25031,Оборот 76903 (+0.166); связей 1 (+0.029); seed 1 (+0.056); внешних групп 0 (+0.000); 1–2д 0% (+0.000); цикл +0.00
100000008737514100,2,False,1,0,85000.0,0.0,1,0,3,0,0.0,0.0,0,0.0003108705285540071,0.0,True,False,3,False,1,1.0,terminal,0.55,1.0,in=1/85000 KZT; out=0/0 KZT; tx=1/0; d=2; нет выхода в наблюдаемой выборке,0.16698685873233457,0.029007293138962602,0.11157717826045192,0.0,0.0,0.0,0.307571,Оборот 85000 (+0.167); связей 1 (+0.029); seed 3 (+0.112); внешних групп 0 (+0.000); 1–2д 0% (+0.000); цикл +0.00
100000008737958100,1,False,2,0,53373.0,0.0,2,0,1,0,0.0,0.0,0,0.00029798814067864203,0.0,True,False,22,False,2,0.5,terminal,0.55,1.0,in=2/53373 KZT; out=0/0 KZT; tx=2/0; d=1; нет выхода в наблюдаемой выборке,0.16014080747573525,0.04597547187268181,0.05578858913022596,0.0,0.0,0.0,0.261905,Оборот 53373 (+0.160); связей 2 (+0.046); seed 1 (+0.056); внешних групп 0 (+0.000); 1–2д 0% (+0.000); цикл +0.00
100000008738325100,0,True,1,1,36550.0,54000.0,1,1,1,0,0.0,0.0,0,0.0005254689777410252,1.4774281805745555,True,False,49,False,2,0.5,peripheral,0.4,1.0,in=1/36550 KZT; out=1/54000 KZT; tx=1/1; d=0; недостаточно признаков других ролей,0.16791739301418998,0.04597547187268181,0.05578858913022596,0.0,0.0,0.0,0.269681,Оборот 90550 (+0.168); связей 2 (+0.046); seed 1 (+0.056); внешних групп 0 (+0.000); 1–2д 0% (+0.000); цикл +0.00
100000008738526100,3,False,1,1,15000.0,140000.0,1,1,1,0,0.0,0.0,0,0.0002859078472249579,9.333333333333334,True,False,46,False,2,0.5,peripheral,0.4,1.0,in=1/15000 KZT; out=1/140000 KZT; tx=1/1; d=3; недостаточно признаков других ролей,0.17582533938568062,0.04597547187268181,0.05578858913022596,0.0,0.0,0.0,0.277589,Оборот 155000 (+0.176); связей 2 (+0.046); seed 1 (+0.056); внешних групп 0 (+0.000); 1–2д 0% (+0.000); цикл +0.00
100000008738658100,3,False,1,0,29920.0,0.0,1,0,1,0,0.0,0.0,0,0.000288672914233645,0.0,True,False,22,False,1,1.0,terminal,0.55,1.0,in=1/29920 KZT; out=0/0 KZT; tx=1/0; d=3; нет выхода в наблюдаемой выборке,0.15162606910658666,0.029007293138962602,0.05578858913022596,0.0,0.0,0.0,0.236422,Оборот 29920 (+0.152); связей 1 (+0.029); seed 1 (+0.056); внешних групп 0 (+0.000); 1–2д 0% (+0.000); цикл +0.00
100000008739887100,3,False,2,2,214000.0,307000.0,3,2,2,1,73000.0,0.3411214953271028,1,0.00033138648238770983,1.4345794392523366,True,False,8,False,4,0.4,peripheral,0.4,1.0,in=2/214000 KZT; out=2/307000 KZT; tx=3/2; d=3; недостаточно признаков других ролей,0.19366094409989779,0.06735284889599069,0.08842282173954807,0.039397430255579034,0.03411214953271028,0.0,0.422946,Оборот 521000 (+0.194); связей 4 (+0.067); seed 2 (+0.088); внешних групп 1 (+0.039); 1–2д 34% (+0.034); цикл +0.00
100000008740295100,4,False,1,0,300000.0,0.0,1,0,2,0,0.0,0.0,0,0.0003232316746062652,0.0,True,True,4,False,1,1.0,peripheral,0.2,1.0,in=1/300000 KZT; out=0/0 KZT; tx=1/0; d=4; граница выгрузки; роль неизвестна,0.1855404421408853,0.029007293138962602,0.08842282173954807,0.0,0.0,0.0,0.302971,Оборот 300000 (+0.186); связей 1 (+0.029); seed 2 (+0.088); внешних групп 0 (+0.000); 1–2д 0% (+0.000); цикл +0.00
100000008740793100,3,False,1,0,21000.0,0.0,1,0,1,0,0.0,0.0,0,0.0002872909018530206,0.0,True,False,22,False,1,1.0,terminal,0.55,1.0,in=1/21000 KZT; out=0/0 KZT; tx=1/0; d=3; нет выхода в наблюдаемой выборке,0.146418176032715,0.029007293138962602,0.05578858913022596,0.0,0.0,0.0,0.231214,Оборот 21000 (+0.146); связей 1 (+0.029); seed 1 (+0.056); внешних групп 0 (+0.000); 1–2д 0% (+0.000); цикл +0.00
100000008741372100,1,False,1,0,35975.0,0.0,1,0,1,0,0.0,0.0,0,0.00029153116458629884,0.0,True,False,22,False,1,1.0,terminal,0.55,1.0,in=1/35975 KZT; out=0/0 KZT; tx=1/0; d=1; нет выхода в наблюдаемой выборке,0.15433735723691538,0.029007293138962602,0.05578858913022596,0.0,0.0,0.0,0.239133,Оборот 35975 (+0.154); связей 1 (+0.029); seed 1 (+0.056); внешних групп 0 (+0.000); 1–2д 0% (+0.000); цикл +0.00
100000008742053100,3,False,1,12,10000.0,2789000.0,1,12,2,2,0.0,0.0,0,0.0002847382989428736,278.9,True,False,24,False,7,0.38461538461538464,distributor,0.8,1.0,in=1/10000 KZT; out=12/2789000 KZT; tx=1/12; d=3; рассылка многим получателям,0.2183956544440605,0.11044106030819703,0.08842282173954807,0.062443449579869886,0.0,0.0,0.479703,Оборот 2799000 (+0.218); связей 13 (+0.110); seed 2 (+0.088); внешних групп 2 (+0.062); 1–2д 0% (+0.000); цикл +0.00
100000008742266100,2,False,1,0,21000.0,0.0,1,0,1,0,0.0,0.0,0,0.00029111582149161366,0.0,True,False,22,False,1,1.0,terminal,0.55,1.0,in=1/21000 KZT; out=0/0 KZT; tx=1/0; d=2; нет выхода в наблюдаемой выборке,0.146418176032715,0.029007293138962602,0.05578858913022596,0.0,0.0,0.0,0.231214,Оборот 21000 (+0.146); связей 1 (+0.029); seed 1 (+0.056); внешних групп 0 (+0.000); 1–2д 0% (+0.000); цикл +0.00
100000008743913100,2,False,3,13,149300.0,1850600.0,3,13,6,4,99000.0,0.6630944407233758,1,0.00033026956061022887,12.395177494976558,True,False,46,False,6,0.25,distributor,0.8,1.0,in=3/149300 KZT; out=13/1850600 KZT; tx=3/13; d=2; рассылка многим получателям,0.21345001127415267,0.11856623283076556,0.1566183702893892,0.09147800017679435,0.06630944407233758,0.0,0.646422,Оборот 1999900 (+0.213); связей 16 (+0.119); seed 6 (+0.157); внешних групп 4 (+0.091); 1–2д 66% (+0.066); цикл +0.00
100000008744364100,3,False,1,0,23700.0,0.0,1,0,1,0,0.0,0.0,0,0.00028770922398616927,0.0,True,False,22,False,1,1.0,terminal,0.55,1.0,in=1/23700 KZT; out=0/0 KZT; tx=1/0; d=3; нет выхода в наблюдаемой выборке,0.14819754575104926,0.029007293138962602,0.05578858913022596,0.0,0.0,0.0,0.232993,Оборот 23700 (+0.148); связей 1 (+0.029); seed 1 (+0.056); внешних групп 0 (+0.000); 1–2д 0% (+0.000); цикл +0.00
100000008744799100,3,False,1,0,12600.0,0.0,1,0,1,0,0.0,0.0,0,0.0002859894552165582,0.0,True,False,22,False,1,1.0,terminal,0.55,1.0,in=1/12600 KZT; out=0/0 KZT; tx=1/0; d=3; нет выхода в наблюдаемой выборке,0.1389033987633795,0.029007293138962602,0.05578858913022596,0.0,0.0,0.0,0.223699,Оборот 12600 (+0.139); связей 1 (+0.029); seed 1 (+0.056); внешних групп 0 (+0.000); 1–2д 0% (+0.000); цикл +0.00
100000008744849100,1,False,1,0,44445.0,0.0,1,0,1,0,0.0,0.0,0,0.00029329553311661043,0.0,True,False,22,False,1,1.0,terminal,0.55,1.0,in=1/44445 KZT; out=0/0 KZT; tx=1/0; d=1; нет выхода в наблюдаемой выборке,0.15744780200553307,0.029007293138962602,0.05578858913022596,0.0,0.0,0.0,0.242244,Оборот 44445 (+0.157); связей 1 (+0.029); seed 1 (+0.056); внешних групп 0 (+0.000); 1–2д 0% (+0.000); цикл +0.00
100000008745474100,1,False,1,0,40559.0,0.0,1,0,1,0,0.0,0.0,0,0.00029248604833399046,0.0,True,False,22,False,1,1.0,terminal,0.55,1.0,in=1/40559 KZT; out=0/0 KZT; tx=1/0; d=1; нет выхода в наблюдаемой выборке,0.15610176672150064,0.029007293138962602,0.05578858913022596,0.0,0.0,0.0,0.240898,Оборот 40559 (+0.156); связей 1 (+0.029); seed 1 (+0.056); внешних групп 0 (+0.000); 1–2д 0% (+0.000); цикл +0.00
100000008745489100,1,False,1,0,55539.0,0.0,1,0,1,0,0.0,0.0,0,0.00029560650176776467,0.0,True,False,22,False,1,1.0,terminal,0.55,1.0,in=1/55539 KZT; out=0/0 KZT; tx=1/0; d=1; нет выхода в наблюдаемой выборке,0.16072604536107962,0.029007293138962602,0.05578858913022596,0.0,0.0,0.0,0.245522,Оборот 55539 (+0.161); связей 1 (+0.029); seed 1 (+0.056); внешних групп 0 (+0.000); 1–2д 0% (+0.000); цикл +0.00
100000008745643100,1,False,1,0,20313.0,0.0,1,0,1,0,0.0,0.0,0,0.000288268645115019,0.0,True,False,22,False,1,1.0,terminal,0.55,1.0,in=1/20313 KZT; out=0/0 KZT; tx=1/0; d=1; нет выхода в наблюдаемой выборке,0.14592886001088362,0.029007293138962602,0.05578858913022596,0.0,0.0,0.0,0.230725,Оборот 20313 (+0.146); связей 1 (+0.029); seed 1 (+0.056); внешних групп 0 (+0.000); 1–2д 0% (+0.000); цикл +0.00
100000008745676100,4,False,1,0,34547.0,0.0,1,0,1,0,0.0,0.0,0,0.0005271908768548949,0.0,True,True,22,False,1,1.0,peripheral,0.2,1.0,in=1/34547 KZT; out=0/0 KZT; tx=1/0; d=4; граница выгрузки; роль неизвестна,0.15374148787132347,0.029007293138962602,0.05578858913022596,0.0,0.0,0.0,0.238537,Оборот 34547 (+0.154); связей 1 (+0.029); seed 1 (+0.056); внешних групп 0 (+0.000); 1–2д 0% (+0.000); цикл +0.00
100000008745725100,1,False,1,0,47060.0,0.0,1,0,1,0,0.0,0.0,0,0.00029384025846569716,0.0,True,False,22,False,1,1.0,terminal,0.55,1.0,in=1/47060 KZT; out=0/0 KZT; tx=1/0; d=1; нет выхода в наблюдаемой выборке,0.15828887959850688,0.029007293138962602,0.05578858913022596,0.0,0.0,0.0,0.243085,Оборот 47060 (+0.158); связей 1 (+0.029); seed 1 (+0.056); внешних групп 0 (+0.000); 1–2д 0% (+0.000); цикл +0.00
100000008745863100,3,False,1,0,22900.0,0.0,1,0,1,0,0.0,0.0,0,0.00028758527668745857,0.0,True,False,22,False,1,1.0,terminal,0.55,1.0,in=1/22900 KZT; out=0/0 KZT; tx=1/0; d=3; нет выхода в наблюдаемой выборке,0.1476923862543004,0.029007293138962602,0.05578858913022596,0.0,0.0,0.0,0.232488,Оборот 22900 (+0.148); связей 1 (+0.029); seed 1 (+0.056); внешних групп 0 (+0.000); 1–2д 0% (+0.000); цикл +0.00
100000008745884100,3,False,1,0,20000.0,0.0,1,0,1,0,0.0,0.0,0,0.0002871359677296322,0.0,True,False,22,False,1,1.0,terminal,0.55,1.0,in=1/20000 KZT; out=0/0 KZT; tx=1/0; d=3; нет выхода в наблюдаемой выборке,0.14570041229327152,0.029007293138962602,0.05578858913022596,0.0,0.0,0.0,0.230496,Оборот 20000 (+0.146); связей 1 (+0.029); seed 1 (+0.056); внешних групп 0 (+0.000); 1–2д 0% (+0.000); цикл +0.00
100000008746025100,1,False,1,0,22000.0,0.0,1,0,1,0,0.0,0.0,0,0.00028862006066527116,0.0,True,False,22,False,1,1.0,terminal,0.55,1.0,in=1/22000 KZT; out=0/0 KZT; tx=1/0; d=1; нет выхода в наблюдаемой выборке,0.14710254463015937,0.029007293138962602,0.05578858913022596,0.0,0.0,0.0,0.231898,Оборот 22000 (+0.147); связей 1 (+0.029); seed 1 (+0.056); внешних групп 0 (+0.000); 1–2д 0% (+0.000); цикл +0.00
100000008746449100,3,False,1,10,10000.0,1009000.0,1,10,3,1,0.0,0.0,0,0.0002854626637337336,100.9,True,False,4,False,5,0.6363636363636364,distributor,0.8,1.0,in=1/10000 KZT; out=10/1009000 KZT; tx=1/10; d=3; рассылка многим получателям,0.2035301077252192,0.10399005815060701,0.11157717826045192,0.039397430255579034,0.0,0.0,0.458495,Оборот 1019000 (+0.204); связей 11 (+0.104); seed 3 (+0.112); внешних групп 1 (+0.039); 1–2д 0% (+0.000); цикл +0.00
100000008746673100,1,False,1,0,53048.0,0.0,1,0,1,0,0.0,0.0,0,0.0002950876066073153,0.0,True,False,22,False,1,1.0,terminal,0.55,1.0,in=1/53048 KZT; out=0/0 KZT; tx=1/0; d=1; нет выхода в наблюдаемой выборке,0.16005095094694383,0.029007293138962602,0.05578858913022596,0.0,0.0,0.0,0.244847,Оборот 53048 (+0.160); связей 1 (+0.029); seed 1 (+0.056); внешних групп 0 (+0.000); 1–2д 0% (+0.000); цикл +0.00
100000008747113100,1,False,2,0,197801.0,0.0,2,0,5,1,0.0,0.0,0,0.00030580885892813985,0.0,True,False,10,False,1,1.0,terminal,0.55,1.0,in=2/197801 KZT; out=0/0 KZT; tx=2/0; d=1; нет выхода в наблюдаемой выборке,0.17941262870417155,0.04597547187268181,0.14421141086977404,0.039397430255579034,0.0,0.0,0.408997,Оборот 197801 (+0.179); связей 2 (+0.046); seed 5 (+0.144); внешних групп 1 (+0.039); 1–2д 0% (+0.000); цикл +0.00
100000008748408100,1,False,1,21,360000.0,1499960.0,2,22,1,1,360000.0,1.0,3,0.0003322063054330131,4.166555555555555,True,False,41,False,6,0.2916666666666667,distributor,0.8,1.0,in=1/360000 KZT; out=21/1499960 KZT; tx=2/22; d=1; рассылка многим получателям,0.21238277418806426,0.13121628769160484,0.05578858913022596,0.039397430255579034,0.1,0.0,0.538785,Оборот 1859960 (+0.212); связей 22 (+0.131); seed 1 (+0.056); внешних групп 1 (+0.039); 1–2д 100% (+0.100); цикл +0.00
100000008748795100,3,False,1,0,47057.0,0.0,1,0,2,0,0.0,0.0,0,0.0002866690340067726,0.0,True,False,0,False,1,1.0,terminal,0.55,1.0,in=1/47057 KZT; out=0/0 KZT; tx=1/0; d=3; нет выхода в наблюдаемой выборке,0.15828794172477037,0.029007293138962602,0.08842282173954807,0.0,0.0,0.0,0.275718,Оборот 47057 (+0.158); связей 1 (+0.029); seed 2 (+0.088); внешних групп 0 (+0.000); 1–2д 0% (+0.000); цикл +0.00
100000008748914100,1,False,2,13,180000.0,4471847.0,9,21,1,4,180000.0,1.0,5,0.0007859480847884203,24.843594444444445,True,False,2,True,9,0.23333333333333334,distributor,0.8,1.0,in=2/180000 KZT; out=13/4471847 KZT; tx=9/21; d=1; рассылка многим получателям,0.22586935758559767,0.11602917255585041,0.05578858913022596,0.09147800017679435,0.1,0.1,0.689165,Оборот 4651847 (+0.226); связей 15 (+0.116); seed 1 (+0.056); внешних групп 4 (+0.091); 1–2д 100% (+0.100); цикл +0.10
100000008749063100,1,False,1,0,19000.0,0.0,1,0,1,0,0.0,0.0,0,0.0002879951367466248,0.0,True,False,22,False,1,1.0,terminal,0.55,1.0,in=1/19000 KZT; out=0/0 KZT; tx=1/0; d=1; нет выхода в наблюдаемой выборке,0.14494582629821837,0.029007293138962602,0.05578858913022596,0.0,0.0,0.0,0.229742,Оборот 19000 (+0.145); связей 1 (+0.029); seed 1 (+0.056); внешних групп 0 (+0.000); 1–2д 0% (+0.000); цикл +0.00
100000008749405100,3,False,1,0,37150.0,0.0,1,0,1,0,0.0,0.0,0,0.0002897930879457431,0.0,True,False,22,False,1,1.0,terminal,0.55,1.0,in=1/37150 KZT; out=0/0 KZT; tx=1/0; d=3; нет выхода в наблюдаемой выборке,0.15481017949488274,0.029007293138962602,0.05578858913022596,0.0,0.0,0.0,0.239606,Оборот 37150 (+0.155); связей 1 (+0.029); seed 1 (+0.056); внешних групп 0 (+0.000); 1–2д 0% (+0.000); цикл +0.00
100000008749406100,1,False,1,0,17144.0,0.0,1,0,1,0,0.0,0.0,0,0.00028760851714895556,0.0,True,False,22,False,1,1.0,terminal,0.55,1.0,in=1/17144 KZT; out=0/0 KZT; tx=1/0; d=1; нет выхода в наблюдаемой выборке,0.14343365751852413,0.029007293138962602,0.05578858913022596,0.0,0.0,0.0,0.22823,Оборот 17144 (+0.143); связей 1 (+0.029); seed 1 (+0.056); внешних групп 0 (+0.000); 1–2д 0% (+0.000); цикл +0.00
100000008749618100,1,False,1,0,47280.0,0.0,1,0,1,0,0.0,0.0,0,0.0002938860862197312,0.0,True,False,22,False,1,1.0,terminal,0.55,1.0,in=1/47280 KZT; out=0/0 KZT; tx=1/0; d=1; нет выхода в наблюдаемой выборке,0.15835749455826487,0.029007293138962602,0.05578858913022596,0.0,0.0,0.0,0.243153,Оборот 47280 (+0.158); связей 1 (+0.029); seed 1 (+0.056); внешних групп 0 (+0.000); 1–2д 0% (+0.000); цикл +0.00
100000008749900100,3,False,1,0,17150.0,0.0,1,0,1,0,0.0,0.0,0,0.00028669440547797535,0.0,True,False,22,False,1,1.0,terminal,0.55,1.0,in=1/17150 KZT; out=0/0 KZT; tx=1/0; d=3; нет выхода в наблюдаемой выборке,0.14343880515901156,0.029007293138962602,0.05578858913022596,0.0,0.0,0.0,0.228235,Оборот 17150 (+0.143); связей 1 (+0.029); seed 1 (+0.056); внешних групп 0 (+0.000); 1–2д 0% (+0.000); цикл +0.00
100000008749989100,2,False,1,0,16000.0,0.0,1,0,1,0,0.0,0.0,0,0.00028943045572262573,0.0,True,False,22,False,1,1.0,terminal,0.55,1.0,in=1/16000 KZT; out=0/0 KZT; tx=1/0; d=2; нет выхода в наблюдаемой выборке,0.14241771799277592,0.029007293138962602,0.05578858913022596,0.0,0.0,0.0,0.227214,Оборот 16000 (+0.142); связей 1 (+0.029); seed 1 (+0.056); внешних групп 0 (+0.000); 1–2д 0% (+0.000); цикл +0.00
100000008750464100,3,False,1,0,8500.0,0.0,1,0,1,0,0.0,0.0,0,0.0002853542253106658,0.0,True,False,22,False,1,1.0,terminal,0.55,1.0,in=1/8500 KZT; out=0/0 KZT; tx=1/0; d=3; нет выхода в наблюдаемой выборке,0.13311288495801668,0.029007293138962602,0.05578858913022596,0.0,0.0,0.0,0.217909,Оборот 8500 (+0.133); связей 1 (+0.029); seed 1 (+0.056); внешних групп 0 (+0.000); 1–2д 0% (+0.000); цикл +0.00
100000008751349100,3,False,1,0,11630.0,0.0,1,0,1,0,0.0,0.0,0,0.00028692779915421337,0.0,True,False,14,False,1,1.0,terminal,0.55,1.0,in=1/11630 KZT; out=0/0 KZT; tx=1/0; d=3; нет выхода в наблюдаемой выборке,0.1377249382726622,0.029007293138962602,0.05578858913022596,0.0,0.0,0.0,0.222521,Оборот 11630 (+0.138); связей 1 (+0.029); seed 1 (+0.056); внешних групп 0 (+0.000); 1–2д 0% (+0.000); цикл +0.00
100000008751380100,3,False,2,0,345780.0,0.0,2,0,4,1,0.0,0.0,0,0.0003111803945610118,0.0,True,False,4,False,2,0.5,terminal,0.55,1.0,in=2/345780 KZT; out=0/0 KZT; tx=2/0; d=3; нет выхода в наблюдаемой выборке,0.1876298315162833,0.04597547187268181,0.12953709247559939,0.039397430255579034,0.0,0.0,0.40254,Оборот 345780 (+0.188); связей 2 (+0.046); seed 4 (+0.130); внешних групп 1 (+0.039); 1–2д 0% (+0.000); цикл +0.00
100000008751429100,1,False,3,1,386200.0,72600.0,6,2,1,0,72600.0,0.1879854997410668,2,0.0015771234069556794,0.1879854997410668,True,False,9,True,5,0.375,consolidator,0.75,0.6666666666666666,in=3/386200 KZT; out=1/72600 KZT; tx=6/2; d=1; сбор; выход 19% наблюдаемого входа,0.19179053369755988,0.06735284889599069,0.05578858913022596,0.0,0.018798549974106682,0.1,0.433731,Оборот 458800 (+0.192); связей 4 (+0.067); seed 1 (+0.056); внешних групп 0 (+0.000); 1–2д 19% (+0.019); цикл +0.10
100000008752616100,2,False,2,7,64510.0,1265000.0,2,7,4,2,54510.0,0.8449852736009921,1,0.00031134549385568604,19.6093628894745,True,False,4,False,4,0.4444444444444444,distributor,0.8,1.0,in=2/64510 KZT; out=7/1265000 KZT; tx=2/7; d=2; рассылка многим получателям,0.20744331848683728,0.09636014203495331,0.12953709247559939,0.062443449579869886,0.08449852736009922,0.0,0.580283,Оборот 1329510 (+0.207); связей 9 (+0.096); seed 4 (+0.130); внешних групп 2 (+0.062); 1–2д 84% (+0.084); цикл +0.00
100000008753061100,3,False,1,0,28400.0,0.0,2,0,1,0,0.0,0.0,0,0.00028843741436609466,0.0,True,False,22,False,2,0.5,terminal,0.55,1.0,in=1/28400 KZT; out=0/0 KZT; tx=2/0; d=3; нет выхода в наблюдаемой выборке,0.15085904332489364,0.029007293138962602,0.05578858913022596,0.0,0.0,0.0,0.235655,Оборот 28400 (+0.151); связей 1 (+0.029); seed 1 (+0.056); внешних групп 0 (+0.000); 1–2д 0% (+0.000); цикл +0.00
100000008753193100,1,False,1,0,35225.0,0.0,1,0,1,0,0.0,0.0,0,0.00029137493360663726,0.0,True,False,22,False,1,1.0,terminal,0.55,1.0,in=1/35225 KZT; out=0/0 KZT; tx=1/0; d=1; нет выхода в наблюдаемой выборке,0.1540274115785787,0.029007293138962602,0.05578858913022596,0.0,0.0,0.0,0.238823,Оборот 35225 (+0.154); связей 1 (+0.029); seed 1 (+0.056); внешних групп 0 (+0.000); 1–2д 0% (+0.000); цикл +0.00
100000008753897100,3,False,1,0,24050.0,0.0,1,0,1,0,0.0,0.0,0,0.0002877634509293552,0.0,True,False,22,False,1,1.0,terminal,0.55,1.0,in=1/24050 KZT; out=0/0 KZT; tx=1/0; d=3; нет выхода в наблюдаемой выборке,0.14841321323883347,0.029007293138962602,0.05578858913022596,0.0,0.0,0.0,0.233209,Оборот 24050 (+0.148); связей 1 (+0.029); seed 1 (+0.056); внешних групп 0 (+0.000); 1–2д 0% (+0.000); цикл +0.00
100000008754608100,3,False,1,0,12300.0,0.0,1,0,1,0,0.0,0.0,0,0.0002859429749795416,0.0,True,False,22,False,1,1.0,terminal,0.55,1.0,in=1/12300 KZT; out=0/0 KZT; tx=1/0; d=3; нет выхода в наблюдаемой выборке,0.13854890511223597,0.029007293138962602,0.05578858913022596,0.0,0.0,0.0,0.223345,Оборот 12300 (+0.139); связей 1 (+0.029); seed 1 (+0.056); внешних групп 0 (+0.000); 1–2д 0% (+0.000); цикл +0.00
100000008754747100,3,False,1,0,45500.0,0.0,1,0,1,0,0.0,0.0,0,0.0002910867878760361,0.0,True,False,22,False,1,1.0,terminal,0.55,1.0,in=1/45500 KZT; out=0/0 KZT; tx=1/0; d=3; нет выхода в наблюдаемой выборке,0.1577929347121496,0.029007293138962602,0.05578858913022596,0.0,0.0,0.0,0.242589,Оборот 45500 (+0.158); связей 1 (+0.029); seed 1 (+0.056); внешних групп 0 (+0.000); 1–2д 0% (+0.000); цикл +0.00
100000008754997100,3,False,1,0,18000.0,0.0,1,0,1,0,0.0,0.0,0,0.00028682609948285545,0.0,True,False,22,False,1,1.0,terminal,0.55,1.0,in=1/18000 KZT; out=0/0 KZT; tx=1/0; d=3; нет выхода в наблюдаемой выборке,0.144150434713314,0.029007293138962602,0.05578858913022596,0.0,0.0,0.0,0.228946,Оборот 18000 (+0.144); связей 1 (+0.029); seed 1 (+0.056); внешних групп 0 (+0.000); 1–2д 0% (+0.000); цикл +0.00
100000008755168100,3,False,1,0,17600.0,0.0,1,0,1,0,0.0,0.0,0,0.0002867641258335001,0.0,True,False,22,False,1,1.0,terminal,0.55,1.0,in=1/17600 KZT; out=0/0 KZT; tx=1/0; d=3; нет выхода в наблюдаемой выборке,0.1438198336133267,0.029007293138962602,0.05578858913022596,0.0,0.0,0.0,0.228616,Оборот 17600 (+0.144); связей 1 (+0.029); seed 1 (+0.056); внешних групп 0 (+0.000); 1–2д 0% (+0.000); цикл +0.00
100000008755361100,1,False,1,0,14627.0,0.0,1,0,1,0,0.0,0.0,0,0.00028708420598121126,0.0,True,False,22,False,1,1.0,terminal,0.55,1.0,in=1/14627 KZT; out=0/0 KZT; tx=1/0; d=1; нет выхода в наблюдаемой выборке,0.1410978536589846,0.029007293138962602,0.05578858913022596,0.0,0.0,0.0,0.225894,Оборот 14627 (+0.141); связей 1 (+0.029); seed 1 (+0.056); внешних групп 0 (+0.000); 1–2д 0% (+0.000); цикл +0.00
100000008755580100,3,False,1,0,16000.0,0.0,1,0,1,0,0.0,0.0,0,0.0002865162312360787,0.0,True,False,22,False,1,1.0,terminal,0.55,1.0,in=1/16000 KZT; out=0/0 KZT; tx=1/0; d=3; нет выхода в наблюдаемой выборке,0.14241771799277592,0.029007293138962602,0.05578858913022596,0.0,0.0,0.0,0.227214,Оборот 16000 (+0.142); связей 1 (+0.029); seed 1 (+0.056); внешних групп 0 (+0.000); 1–2д 0% (+0.000); цикл +0.00
100000008755754100,3,False,1,0,7000.0,0.0,1,0,1,0,0.0,0.0,0,0.00029429739108733147,0.0,True,False,24,False,1,1.0,terminal,0.55,1.0,in=1/7000 KZT; out=0/0 KZT; tx=1/0; d=3; нет выхода в наблюдаемой выборке,0.13025684098731208,0.029007293138962602,0.05578858913022596,0.0,0.0,0.0,0.215053,Оборот 7000 (+0.130); связей 1 (+0.029); seed 1 (+0.056); внешних групп 0 (+0.000); 1–2д 0% (+0.000); цикл +0.00
100000008757301100,4,False,1,0,58398.0,0.0,3,0,1,0,0.0,0.0,0,0.0005274110283020076,0.0,True,True,0,False,3,0.3333333333333333,peripheral,0.2,1.0,in=1/58398 KZT; out=0/0 KZT; tx=3/0; d=4; граница выгрузки; роль неизвестна,0.1614645161965817,0.029007293138962602,0.05578858913022596,0.0,0.0,0.0,0.24626,Оборот 58398 (+0.161); связей 1 (+0.029); seed 1 (+0.056); внешних групп 0 (+0.000); 1–2д 0% (+0.000); цикл +0.00
100000008757369100,3,False,1,1,25961.0,58398.0,1,3,1,0,25961.0,1.0,1,0.00028632205062764117,2.249451099726513,True,False,0,False,3,0.5,peripheral,0.4,1.0,in=1/25961 KZT; out=1/58398 KZT; tx=1/3; d=3; недостаточно признаков других ролей,0.16687549414357494,0.04597547187268181,0.05578858913022596,0.0,0.1,0.0,0.36864,Оборот 84359 (+0.167); связей 2 (+0.046); seed 1 (+0.056); внешних групп 0 (+0.000); 1–2д 100% (+0.100); цикл +0.00
100000008758106100,4,False,1,0,10000.0,0.0,1,0,2,0,0.0,0.0,0,0.00028534376490667784,0.0,True,True,4,False,1,1.0,peripheral,0.2,1.0,in=1/10000 KZT; out=0/0 KZT; tx=1/0; d=4; граница выгрузки; роль неизвестна,0.13550359676243048,0.029007293138962602,0.08842282173954807,0.0,0.0,0.0,0.252934,Оборот 10000 (+0.136); связей 1 (+0.029); seed 2 (+0.088); внешних групп 0 (+0.000); 1–2д 0% (+0.000); цикл +0.00
100000008758168100,2,False,2,5,75410.0,1533600.0,2,5,5,3,0.0,0.0,0,0.0003166162094511267,20.33682535472749,True,False,46,False,5,0.2857142857142857,distributor,0.8,0.6666666666666666,in=2/75410 KZT; out=5/1533600 KZT; tx=2/5; d=2; рассылка многим получателям,0.21025048479894326,0.08702187941688781,0.14421141086977404,0.07879486051115807,0.0,0.0,0.520279,Оборот 1609010 (+0.210); связей 7 (+0.087); seed 5 (+0.144); внешних групп 3 (+0.079); 1–2д 0% (+0.000); цикл +0.00
100000008758607100,4,False,1,0,5000.0,0.0,1,0,2,0,0.0,0.0,0,0.00028469052508427113,0.0,True,True,4,False,1,1.0,peripheral,0.2,1.0,in=1/5000 KZT; out=0/0 KZT; tx=1/0; d=4; граница выгрузки; роль неизвестна,0.12530751666392811,0.029007293138962602,0.08842282173954807,0.0,0.0,0.0,0.242738,Оборот 5000 (+0.125); связей 1 (+0.029); seed 2 (+0.088); внешних групп 0 (+0.000); 1–2д 0% (+0.000); цикл +0.00
100000008759795100,4,False,1,0,17000.0,0.0,1,0,1,0,0.0,0.0,0,0.00029307483882739144,0.0,True,True,47,False,1,1.0,peripheral,0.2,1.0,in=1/17000 KZT; out=0/0 KZT; tx=1/0; d=4; граница выгрузки; роль неизвестна,0.1433095706986651,0.029007293138962602,0.05578858913022596,0.0,0.0,0.0,0.228105,Оборот 17000 (+0.143); связей 1 (+0.029); seed 1 (+0.056); внешних групп 0 (+0.000); 1–2д 0% (+0.000); цикл +0.00
100000008759857100,3,False,1,2,5000.0,994000.0,1,3,3,0,0.0,0.0,0,0.00028479576663689585,198.8,True,False,46,False,3,0.5,peripheral,0.4,1.0,in=1/5000 KZT; out=2/994000 KZT; tx=1/3; d=3; недостаточно признаков других ролей,0.20323848386995047,0.058014586277925204,0.11157717826045192,0.0,0.0,0.0,0.37283,Оборот 999000 (+0.203); связей 3 (+0.058); seed 3 (+0.112); внешних групп 0 (+0.000); 1–2д 0% (+0.000); цикл +0.00
100000008760098100,3,False,1,1,7000.0,390000.0,1,1,3,0,0.0,0.0,0,0.00028509915918690837,55.714285714285715,True,False,46,False,2,0.5,peripheral,0.4,1.0,in=1/7000 KZT; out=1/390000 KZT; tx=1/1; d=3; недостаточно признаков других ролей,0.18966204072813023,0.04597547187268181,0.11157717826045192,0.0,0.0,0.0,0.347215,Оборот 397000 (+0.190); связей 2 (+0.046); seed 3 (+0.112); внешних групп 0 (+0.000); 1–2д 0% (+0.000); цикл +0.00
100000008761132100,4,False,1,0,10000.0,0.0,1,0,2,0,0.0,0.0,0,0.00028534376490667784,0.0,True,True,4,False,1,1.0,peripheral,0.2,1.0,in=1/10000 KZT; out=0/0 KZT; tx=1/0; d=4; граница выгрузки; роль неизвестна,0.13550359676243048,0.029007293138962602,0.08842282173954807,0.0,0.0,0.0,0.252934,Оборот 10000 (+0.136); связей 1 (+0.029); seed 2 (+0.088); внешних групп 0 (+0.000); 1–2д 0% (+0.000); цикл +0.00
100000008761219100,3,False,2,2,50000.0,375000.0,2,2,4,2,35000.0,0.7,2,0.0002912601270558751,7.5,True,False,60,False,3,0.5,peripheral,0.4,1.0,in=2/50000 KZT; out=2/375000 KZT; tx=2/2; d=3; недостаточно признаков других ролей,0.19066470060443397,0.06735284889599069,0.12953709247559939,0.062443449579869886,0.06999999999999999,0.0,0.519998,Оборот 425000 (+0.191); связей 4 (+0.067); seed 4 (+0.130); внешних групп 2 (+0.062); 1–2д 70% (+0.070); цикл +0.00
100000008761220100,4,False,1,0,10000.0,0.0,1,0,2,0,0.0,0.0,0,0.00028534376490667784,0.0,True,True,4,False,1,1.0,peripheral,0.2,1.0,in=1/10000 KZT; out=0/0 KZT; tx=1/0; d=4; граница выгрузки; роль неизвестна,0.13550359676243048,0.029007293138962602,0.08842282173954807,0.0,0.0,0.0,0.252934,Оборот 10000 (+0.136); связей 1 (+0.029); seed 2 (+0.088); внешних групп 0 (+0.000); 1–2д 0% (+0.000); цикл +0.00
100000008762005100,4,False,1,0,5000.0,0.0,1,0,1,0,0.0,0.0,0,0.00028523968002985405,0.0,True,True,4,False,1,1.0,peripheral,0.2,1.0,in=1/5000 KZT; out=0/0 KZT; tx=1/0; d=4; граница выгрузки; роль неизвестна,0.12530751666392811,0.029007293138962602,0.05578858913022596,0.0,0.0,0.0,0.210103,Оборот 5000 (+0.125); связей 1 (+0.029); seed 1 (+0.056); внешних групп 0 (+0.000); 1–2д 0% (+0.000); цикл +0.00
100000008762728100,2,False,1,0,17026.0,0.0,1,0,3,0,0.0,0.0,0,0.0003159577577951717,0.0,True,False,16,False,1,1.0,terminal,0.55,1.0,in=1/17026 KZT; out=0/0 KZT; tx=1/0; d=2; нет выхода в наблюдаемой выборке,0.14333205282749284,0.029007293138962602,0.11157717826045192,0.0,0.0,0.0,0.283917,Оборот 17026 (+0.143); связей 1 (+0.029); seed 3 (+0.112); внешних групп 0 (+0.000); 1–2д 0% (+0.000); цикл +0.00
100000008762832100,2,False,1,1,150000.0,85000.0,1,4,1,0,0.0,0.0,0,0.0003064460082824916,0.5666666666666667,True,False,2,True,2,0.8,peripheral,0.4,1.0,in=1/150000 KZT; out=1/85000 KZT; tx=1/4; d=2; недостаточно признаков других ролей,0.1819478406780329,0.04597547187268181,0.05578858913022596,0.0,0.0,0.1,0.383712,Оборот 235000 (+0.182); связей 2 (+0.046); seed 1 (+0.056); внешних групп 0 (+0.000); 1–2д 0% (+0.000); цикл +0.10
100000008762843100,4,False,1,0,7000.0,0.0,1,0,1,0,0.0,0.0,0,0.00028572063793704986,0.0,True,True,4,False,1,1.0,peripheral,0.2,1.0,in=1/7000 KZT; out=0/0 KZT; tx=1/0; d=4; граница выгрузки; роль неизвестна,0.13025684098731208,0.029007293138962602,0.05578858913022596,0.0,0.0,0.0,0.215053,Оборот 7000 (+0.130); связей 1 (+0.029); seed 1 (+0.056); внешних групп 0 (+0.000); 1–2д 0% (+0.000); цикл +0.00
100000008762885100,4,False,1,0,7000.0,0.0,1,0,1,0,0.0,0.0,0,0.00028572063793704986,0.0,True,True,4,False,1,1.0,peripheral,0.2,1.0,in=1/7000 KZT; out=0/0 KZT; tx=1/0; d=4; граница выгрузки; роль неизвестна,0.13025684098731208,0.029007293138962602,0.05578858913022596,0.0,0.0,0.0,0.215053,Оборот 7000 (+0.130); связей 1 (+0.029); seed 1 (+0.056); внешних групп 0 (+0.000); 1–2д 0% (+0.000); цикл +0.00
100000008763688100,3,False,1,0,21000.0,0.0,1,0,1,0,0.0,0.0,0,0.0002872909018530206,0.0,True,False,22,False,1,1.0,terminal,0.55,1.0,in=1/21000 KZT; out=0/0 KZT; tx=1/0; d=3; нет выхода в наблюдаемой выборке,0.146418176032715,0.029007293138962602,0.05578858913022596,0.0,0.0,0.0,0.231214,Оборот 21000 (+0.146); связей 1 (+0.029); seed 1 (+0.056); внешних групп 0 (+0.000); 1–2д 0% (+0.000); цикл +0.00
100000008764436100,2,False,1,0,13100.0,0.0,1,0,1,0,0.0,0.0,0,0.00028845294357661275,0.0,True,False,22,False,1,1.0,terminal,0.55,1.0,in=1/13100 KZT; out=0/0 KZT; tx=1/0; d=2; нет выхода в наблюдаемой выборке,0.13947587610707926,0.029007293138962602,0.05578858913022596,0.0,0.0,0.0,0.224272,Оборот 13100 (+0.139); связей 1 (+0.029); seed 1 (+0.056); внешних групп 0 (+0.000); 1–2д 0% (+0.000); цикл +0.00
100000008764654100,3,False,1,0,26150.0,0.0,1,0,1,0,0.0,0.0,0,0.00028808881258847083,0.0,True,False,22,False,1,1.0,terminal,0.55,1.0,in=1/26150 KZT; out=0/0 KZT; tx=1/0; d=3; нет выхода в наблюдаемой выборке,0.14964476368423635,0.029007293138962602,0.05578858913022596,0.0,0.0,0.0,0.234441,Оборот 26150 (+0.150); связей 1 (+0.029); seed 1 (+0.056); внешних групп 0 (+0.000); 1–2д 0% (+0.000); цикл +0.00
100000008765494100,2,False,1,0,24000.0,0.0,1,0,1,0,0.0,0.0,0,0.0002921270409530064,0.0,True,False,22,False,1,1.0,terminal,0.55,1.0,in=1/24000 KZT; out=0/0 KZT; tx=1/0; d=2; нет выхода в наблюдаемой выборке,0.1483825964868302,0.029007293138962602,0.05578858913022596,0.0,0.0,0.0,0.233178,Оборот 24000 (+0.148); связей 1 (+0.029); seed 1 (+0.056); внешних групп 0 (+0.000); 1–2д 0% (+0.000); цикл +0.00
100000008765627100,2,False,1,0,60000.0,0.0,1,0,1,0,0.0,0.0,0,0.00029533260085531915,0.0,True,False,41,False,1,1.0,terminal,0.55,1.0,in=1/60000 KZT; out=0/0 KZT; tx=1/0; d=2; нет выхода в наблюдаемой выборке,0.16186265796174829,0.029007293138962602,0.05578858913022596,0.0,0.0,0.0,0.246659,Оборот 60000 (+0.162); связей 1 (+0.029); seed 1 (+0.056); внешних групп 0 (+0.000); 1–2д 0% (+0.000); цикл +0.00
100000008766031100,4,False,1,0,5000.0,0.0,1,0,2,0,0.0,0.0,0,0.0002849392544610981,0.0,True,True,4,False,1,1.0,peripheral,0.2,1.0,in=1/5000 KZT; out=0/0 KZT; tx=1/0; d=4; граница выгрузки; роль неизвестна,0.12530751666392811,0.029007293138962602,0.08842282173954807,0.0,0.0,0.0,0.242738,Оборот 5000 (+0.125); связей 1 (+0.029); seed 2 (+0.088); внешних групп 0 (+0.000); 1–2д 0% (+0.000); цикл +0.00
100000008766764100,4,False,1,0,5000.0,0.0,1,0,2,0,0.0,0.0,0,0.00028469052508427113,0.0,True,True,4,False,1,1.0,peripheral,0.2,1.0,in=1/5000 KZT; out=0/0 KZT; tx=1/0; d=4; граница выгрузки; роль неизвестна,0.12530751666392811,0.029007293138962602,0.08842282173954807,0.0,0.0,0.0,0.242738,Оборот 5000 (+0.125); связей 1 (+0.029); seed 2 (+0.088); внешних групп 0 (+0.000); 1–2д 0% (+0.000); цикл +0.00
100000008767027100,3,False,1,0,5000.0,0.0,1,0,3,0,0.0,0.0,0,0.00028479576663689585,0.0,True,False,46,False,1,1.0,terminal,0.55,1.0,in=1/5000 KZT; out=0/0 KZT; tx=1/0; d=3; нет выхода в наблюдаемой выборке,0.12530751666392811,0.029007293138962602,0.11157717826045192,0.0,0.0,0.0,0.265892,Оборот 5000 (+0.125); связей 1 (+0.029); seed 3 (+0.112); внешних групп 0 (+0.000); 1–2д 0% (+0.000); цикл +0.00
100000008767065100,3,False,1,0,10000.0,0.0,1,0,3,0,0.0,0.0,0,0.0002855542480119272,0.0,True,False,46,False,1,1.0,terminal,0.55,1.0,in=1/10000 KZT; out=0/0 KZT; tx=1/0; d=3; нет выхода в наблюдаемой выборке,0.13550359676243048,0.029007293138962602,0.11157717826045192,0.0,0.0,0.0,0.276088,Оборот 10000 (+0.136); связей 1 (+0.029); seed 3 (+0.112); внешних групп 0 (+0.000); 1–2д 0% (+0.000); цикл +0.00
100000008767925100,1,False,1,0,17144.0,0.0,1,0,1,0,0.0,0.0,0,0.00028760851714895556,0.0,True,False,22,False,1,1.0,terminal,0.55,1.0,in=1/17144 KZT; out=0/0 KZT; tx=1/0; d=1; нет выхода в наблюдаемой выборке,0.14343365751852413,0.029007293138962602,0.05578858913022596,0.0,0.0,0.0,0.22823,Оборот 17144 (+0.143); связей 1 (+0.029); seed 1 (+0.056); внешних групп 0 (+0.000); 1–2д 0% (+0.000); цикл +0.00
100000008767950100,3,False,1,0,17350.0,0.0,1,0,1,0,0.0,0.0,0,0.000286725392302653,0.0,True,False,22,False,1,1.0,terminal,0.55,1.0,in=1/17350 KZT; out=0/0 KZT; tx=1/0; d=3; нет выхода в наблюдаемой выборке,0.14360937058886933,0.029007293138962602,0.05578858913022596,0.0,0.0,0.0,0.228405,Оборот 17350 (+0.144); связей 1 (+0.029); seed 1 (+0.056); внешних групп 0 (+0.000); 1–2д 0% (+0.000); цикл +0.00
100000008768896100,1,False,1,0,47060.0,0.0,1,0,1,0,0.0,0.0,0,0.00029384025846569716,0.0,True,False,22,False,1,1.0,terminal,0.55,1.0,in=1/47060 KZT; out=0/0 KZT; tx=1/0; d=1; нет выхода в наблюдаемой выборке,0.15828887959850688,0.029007293138962602,0.05578858913022596,0.0,0.0,0.0,0.243085,Оборот 47060 (+0.158); связей 1 (+0.029); seed 1 (+0.056); внешних групп 0 (+0.000); 1–2д 0% (+0.000); цикл +0.00
100000008769097100,3,False,1,0,31100.0,0.0,1,0,1,0,0.0,0.0,0,0.00028885573649924335,0.0,True,False,22,False,1,1.0,terminal,0.55,1.0,in=1/31100 KZT; out=0/0 KZT; tx=1/0; d=3; нет выхода в наблюдаемой выборке,0.15219511872212857,0.029007293138962602,0.05578858913022596,0.0,0.0,0.0,0.236991,Оборот 31100 (+0.152); связей 1 (+0.029); seed 1 (+0.056); внешних групп 0 (+0.000); 1–2д 0% (+0.000); цикл +0.00
100000008769636100,1,False,1,0,23118.0,0.0,1,0,1,0,0.0,0.0,0,0.0002888529489789534,0.0,True,False,22,False,1,1.0,terminal,0.55,1.0,in=1/23118 KZT; out=0/0 KZT; tx=1/0; d=1; нет выхода в наблюдаемой выборке,0.1478317704558292,0.029007293138962602,0.05578858913022596,0.0,0.0,0.0,0.232628,Оборот 23118 (+0.148); связей 1 (+0.029); seed 1 (+0.056); внешних групп 0 (+0.000); 1–2д 0% (+0.000); цикл +0.00
100000008770483100,4,False,1,0,5000.0,0.0,1,0,2,0,0.0,0.0,0,0.00028733823336858817,0.0,True,True,60,False,1,1.0,peripheral,0.2,1.0,in=1/5000 KZT; out=0/0 KZT; tx=1/0; d=4; граница выгрузки; роль неизвестна,0.12530751666392811,0.029007293138962602,0.08842282173954807,0.0,0.0,0.0,0.242738,Оборот 5000 (+0.125); связей 1 (+0.029); seed 2 (+0.088); внешних групп 0 (+0.000); 1–2д 0% (+0.000); цикл +0.00
100000008771627100,2,False,1,0,16500.0,0.0,1,0,1,0,0.0,0.0,0,0.0002895989922995245,0.0,True,False,22,False,1,1.0,terminal,0.55,1.0,in=1/16500 KZT; out=0/0 KZT; tx=1/0; d=2; нет выхода в наблюдаемой выборке,0.14287040143045776,0.029007293138962602,0.05578858913022596,0.0,0.0,0.0,0.227666,Оборот 16500 (+0.143); связей 1 (+0.029); seed 1 (+0.056); внешних групп 0 (+0.000); 1–2д 0% (+0.000); цикл +0.00
100000008771814100,2,False,1,0,23700.0,0.0,1,0,1,0,0.0,0.0,0,0.0002920259190068671,0.0,True,False,22,False,1,1.0,terminal,0.55,1.0,in=1/23700 KZT; out=0/0 KZT; tx=1/0; d=2; нет выхода в наблюдаемой выборке,0.14819754575104926,0.029007293138962602,0.05578858913022596,0.0,0.0,0.0,0.232993,Оборот 23700 (+0.148); связей 1 (+0.029); seed 1 (+0.056); внешних групп 0 (+0.000); 1–2д 0% (+0.000); цикл +0.00
100000008771819100,1,False,1,0,38900.0,0.0,1,0,1,0,0.0,0.0,0,0.00029214046540697905,0.0,True,False,22,False,1,1.0,terminal,0.55,1.0,in=1/38900 KZT; out=0/0 KZT; tx=1/0; d=1; нет выхода в наблюдаемой выборке,0.15548736008495778,0.029007293138962602,0.05578858913022596,0.0,0.0,0.0,0.240283,Оборот 38900 (+0.155); связей 1 (+0.029); seed 1 (+0.056); внешних групп 0 (+0.000); 1–2д 0% (+0.000); цикл +0.00
100000008772058100,2,False,1,0,50000.0,0.0,1,0,1,0,0.0,0.0,0,0.00030089094295174344,0.0,True,False,22,False,1,1.0,terminal,0.55,1.0,in=1/50000 KZT; out=0/0 KZT; tx=1/0; d=2; нет выхода в наблюдаемой выборке,0.1591804002131276,0.029007293138962602,0.05578858913022596,0.0,0.0,0.0,0.243976,Оборот 50000 (+0.159); связей 1 (+0.029); seed 1 (+0.056); внешних групп 0 (+0.000); 1–2д 0% (+0.000); цикл +0.00
100000008772246100,3,False,1,0,44500.0,0.0,1,0,1,0,0.0,0.0,0,0.0002909318537526477,0.0,True,False,22,False,1,1.0,terminal,0.55,1.0,in=1/44500 KZT; out=0/0 KZT; tx=1/0; d=3; нет выхода в наблюдаемой выборке,0.15746599615942447,0.029007293138962602,0.05578858913022596,0.0,0.0,0.0,0.242262,Оборот 44500 (+0.157); связей 1 (+0.029); seed 1 (+0.056); внешних групп 0 (+0.000); 1–2д 0% (+0.000); цикл +0.00
100000008773876100,1,False,1,0,26120.0,0.0,1,0,1,0,0.0,0.0,0,0.00028947828951354554,0.0,True,False,22,False,1,1.0,terminal,0.55,1.0,in=1/26120 KZT; out=0/0 KZT; tx=1/0; d=1; нет выхода в наблюдаемой выборке,0.14962787668012908,0.029007293138962602,0.05578858913022596,0.0,0.0,0.0,0.234424,Оборот 26120 (+0.150); связей 1 (+0.029); seed 1 (+0.056); внешних групп 0 (+0.000); 1–2д 0% (+0.000); цикл +0.00
100000008774237100,2,False,1,1,50000.0,10000.0,1,1,1,0,10000.0,0.2,1,0.0003086306391302698,0.2,True,False,34,False,2,0.5,peripheral,0.4,1.0,in=1/50000 KZT; out=1/10000 KZT; tx=1/1; d=2; недостаточно признаков других ролей,0.16186265796174829,0.04597547187268181,0.05578858913022596,0.0,0.020000000000000004,0.0,0.283627,Оборот 60000 (+0.162); связей 2 (+0.046); seed 1 (+0.056); внешних групп 0 (+0.000); 1–2д 20% (+0.020); цикл +0.00
100000008775471100,3,False,1,0,580000.0,0.0,2,0,1,0,0.0,0.0,0,0.00035636568116814227,0.0,True,False,46,False,1,1.0,terminal,0.55,1.0,in=1/580000 KZT; out=0/0 KZT; tx=2/0; d=3; нет выхода в наблюдаемой выборке,0.19523921139113765,0.029007293138962602,0.05578858913022596,0.0,0.0,0.0,0.280035,Оборот 580000 (+0.195); связей 1 (+0.029); seed 1 (+0.056); внешних групп 0 (+0.000); 1–2д 0% (+0.000); цикл +0.00
100000008775747100,4,False,1,0,5000.0,0.0,1,0,2,0,0.0,0.0,0,0.00028469052508427113,0.0,True,True,4,False,1,1.0,peripheral,0.2,1.0,in=1/5000 KZT; out=0/0 KZT; tx=1/0; d=4; граница выгрузки; роль неизвестна,0.12530751666392811,0.029007293138962602,0.08842282173954807,0.0,0.0,0.0,0.242738,Оборот 5000 (+0.125); связей 1 (+0.029); seed 2 (+0.088); внешних групп 0 (+0.000); 1–2д 0% (+0.000); цикл +0.00
100000008776298100,1,False,1,0,42800.0,0.0,1,0,1,0,0.0,0.0,0,0.0002929528665012193,0.0,True,False,22,False,1,1.0,terminal,0.55,1.0,in=1/42800 KZT; out=0/0 KZT; tx=1/0; d=1; нет выхода в наблюдаемой выборке,0.1568929626045413,0.029007293138962602,0.05578858913022596,0.0,0.0,0.0,0.241689,Оборот 42800 (+0.157); связей 1 (+0.029); seed 1 (+0.056); внешних групп 0 (+0.000); 1–2д 0% (+0.000); цикл +0.00
100000008776310100,3,False,1,0,19200.0,0.0,1,0,1,0,0.0,0.0,0,0.0002870120204309215,0.0,True,False,22,False,1,1.0,terminal,0.55,1.0,in=1/19200 KZT; out=0/0 KZT; tx=1/0; d=3; нет выхода в наблюдаемой выборке,0.14509987153958603,0.029007293138962602,0.05578858913022596,0.0,0.0,0.0,0.229896,Оборот 19200 (+0.145); связей 1 (+0.029); seed 1 (+0.056); внешних групп 0 (+0.000); 1–2д 0% (+0.000); цикл +0.00
100000008776420100,3,False,1,0,69500.0,0.0,1,0,1,0,0.0,0.0,0,0.0002948052068373574,0.0,True,False,22,False,1,1.0,terminal,0.55,1.0,in=1/69500 KZT; out=0/0 KZT; tx=1/0; d=3; нет выхода в наблюдаемой выборке,0.16402502001636013,0.029007293138962602,0.05578858913022596,0.0,0.0,0.0,0.248821,Оборот 69500 (+0.164); связей 1 (+0.029); seed 1 (+0.056); внешних групп 0 (+0.000); 1–2д 0% (+0.000); цикл +0.00
100000008776576100,1,False,1,0,14765.0,0.0,1,0,1,0,0.0,0.0,0,0.00028711295248146903,0.0,True,False,22,False,1,1.0,terminal,0.55,1.0,in=1/14765 KZT; out=0/0 KZT; tx=1/0; d=1; нет выхода в наблюдаемой выборке,0.1412359951092708,0.029007293138962602,0.05578858913022596,0.0,0.0,0.0,0.226032,Оборот 14765 (+0.141); связей 1 (+0.029); seed 1 (+0.056); внешних групп 0 (+0.000); 1–2д 0% (+0.000); цикл +0.00
100000008776720100,3,False,1,0,26150.0,0.0,1,0,1,0,0.0,0.0,0,0.00028808881258847083,0.0,True,False,22,False,1,1.0,terminal,0.55,1.0,in=1/26150 KZT; out=0/0 KZT; tx=1/0; d=3; нет выхода в наблюдаемой выборке,0.14964476368423635,0.029007293138962602,0.05578858913022596,0.0,0.0,0.0,0.234441,Оборот 26150 (+0.150); связей 1 (+0.029); seed 1 (+0.056); внешних групп 0 (+0.000); 1–2д 0% (+0.000); цикл +0.00
100000008777088100,1,False,1,0,18000.0,0.0,1,0,1,0,0.0,0.0,0,0.00028778682877374267,0.0,True,False,22,False,1,1.0,terminal,0.55,1.0,in=1/18000 KZT; out=0/0 KZT; tx=1/0; d=1; нет выхода в наблюдаемой выборке,0.144150434713314,0.029007293138962602,0.05578858913022596,0.0,0.0,0.0,0.228946,Оборот 18000 (+0.144); связей 1 (+0.029); seed 1 (+0.056); внешних групп 0 (+0.000); 1–2д 0% (+0.000); цикл +0.00
100000008778010100,4,False,1,0,76950.0,0.0,2,0,1,0,0.0,0.0,0,0.0005265159450798598,0.0,True,True,22,False,1,1.0,peripheral,0.2,1.0,in=1/76950 KZT; out=0/0 KZT; tx=2/0; d=4; граница выгрузки; роль неизвестна,0.1655231049114998,0.029007293138962602,0.05578858913022596,0.0,0.0,0.0,0.250319,Оборот 76950 (+0.166); связей 1 (+0.029); seed 1 (+0.056); внешних групп 0 (+0.000); 1–2д 0% (+0.000); цикл +0.00
100000008778753100,4,False,1,0,10000.0,0.0,1,0,1,0,0.0,0.0,0,0.0002925671926180706,0.0,True,True,13,False,1,1.0,peripheral,0.2,1.0,in=1/10000 KZT; out=0/0 KZT; tx=1/0; d=4; граница выгрузки; роль неизвестна,0.13550359676243048,0.029007293138962602,0.05578858913022596,0.0,0.0,0.0,0.220299,Оборот 10000 (+0.136); связей 1 (+0.029); seed 1 (+0.056); внешних групп 0 (+0.000); 1–2д 0% (+0.000); цикл +0.00
100000008779584100,1,False,1,0,31400.0,0.0,1,0,1,0,0.0,0.0,0,0.00029057815561036313,0.0,True,False,22,False,1,1.0,terminal,0.55,1.0,in=1/31400 KZT; out=0/0 KZT; tx=1/0; d=1; нет выхода в наблюдаемой выборке,0.1523363500684384,0.029007293138962602,0.05578858913022596,0.0,0.0,0.0,0.237132,Оборот 31400 (+0.152); связей 1 (+0.029); seed 1 (+0.056); внешних групп 0 (+0.000); 1–2д 0% (+0.000); цикл +0.00
100000008782056100,1,False,1,0,29082.0,0.0,1,0,1,0,0.0,0.0,0,0.0002900952977292224,0.0,True,False,22,False,1,1.0,terminal,0.55,1.0,in=1/29082 KZT; out=0/0 KZT; tx=1/0; d=1; нет выхода в наблюдаемой выборке,0.15120815003454527,0.029007293138962602,0.05578858913022596,0.0,0.0,0.0,0.236004,Оборот 29082 (+0.151); связей 1 (+0.029); seed 1 (+0.056); внешних групп 0 (+0.000); 1–2д 0% (+0.000); цикл +0.00
100000008782421100,1,False,1,0,49680.0,0.0,1,0,1,0,0.0,0.0,0,0.00029438602535464834,0.0,True,False,22,False,1,1.0,terminal,0.55,1.0,in=1/49680 KZT; out=0/0 KZT; tx=1/0; d=1; нет выхода в наблюдаемой выборке,0.15908594299500775,0.029007293138962602,0.05578858913022596,0.0,0.0,0.0,0.243882,Оборот 49680 (+0.159); связей 1 (+0.029); seed 1 (+0.056); внешних групп 0 (+0.000); 1–2д 0% (+0.000); цикл +0.00
100000008782800100,1,False,1,0,43381.0,0.0,1,0,1,0,0.0,0.0,0,0.00029307389343346385,0.0,True,False,22,False,1,1.0,terminal,0.55,1.0,in=1/43381 KZT; out=0/0 KZT; tx=1/0; d=1; нет выхода в наблюдаемой выборке,0.15709132599731807,0.029007293138962602,0.05578858913022596,0.0,0.0,0.0,0.241887,Оборот 43381 (+0.157); связей 1 (+0.029); seed 1 (+0.056); внешних групп 0 (+0.000); 1–2д 0% (+0.000); цикл +0.00
